{"mean":{"confidence_interval":{"confidence_level":0.95,"lower_bound":1677506.4702738624,"upper_bound":1681176.7438463238},"point_estimate":1679299.3437254687,"standard_error":936.9821067113173},"median":{"confidence_interval":{"confidence_level":0.95,"lower_bound":1673600.0,"upper_bound":1680200.0},"point_estimate":1676023.5294117648,"standard_error":1513.017076315411},"median_abs_dev":{"confidence_interval":{"confidence_level":0.95,"lower_bound":5331.657597651716,"upper_bound":12403.096029800996},"point_estimate":8620.341939981608,"standard_error":1778.4287954397323},"slope":{"confidence_interval":{"confidence_level":0.95,"lower_bound":1677184.3771230332,"upper_bound":1681850.2943565408},"point_estimate":1679573.2747155312,"standard_error":1195.9395012500277},"std_dev":{"confidence_interval":{"confidence_level":0.95,"lower_bound":8036.641191583136,"upper_bound":10969.235562308382},"point_estimate":9444.171527154422,"standard_error":760.6919313754845}}