// Validating benchmarks:
// ***** BenchmarkRunner: Start   *****
// ***** Found 4 benchmark(s) in total *****
// ***** Building 1 exe(s) in Parallel: Start   *****
// start dotnet  restore --nodeReuse:false /p:UseSharedCompilation=false /p:Deterministic=true /p:Optimize=true /p:ArtifactsPath="E:\Work\Heddle\benchmarks\dotnet\bin\Release\net10.0\Heddle.Benchmarks.Dotnet-ShortRun-1/" /p:OutDir="E:\Work\Heddle\benchmarks\dotnet\bin\Release\net10.0\Heddle.Benchmarks.Dotnet-ShortRun-1\bin\Release\net10.0/" /p:OutputPath="E:\Work\Heddle\benchmarks\dotnet\bin\Release\net10.0\Heddle.Benchmarks.Dotnet-ShortRun-1\bin\Release\net10.0/" /p:PublishDir="E:\Work\Heddle\benchmarks\dotnet\bin\Release\net10.0\Heddle.Benchmarks.Dotnet-ShortRun-1\publish/" in E:\Work\Heddle\benchmarks\dotnet\bin\Release\net10.0\Heddle.Benchmarks.Dotnet-ShortRun-1
// command took 1.1 sec and exited with 0
// start dotnet  build -c Release --no-restore --nodeReuse:false /p:UseSharedCompilation=false /p:Deterministic=true /p:Optimize=true /p:ArtifactsPath="E:\Work\Heddle\benchmarks\dotnet\bin\Release\net10.0\Heddle.Benchmarks.Dotnet-ShortRun-1/" /p:OutDir="E:\Work\Heddle\benchmarks\dotnet\bin\Release\net10.0\Heddle.Benchmarks.Dotnet-ShortRun-1\bin\Release\net10.0/" /p:OutputPath="E:\Work\Heddle\benchmarks\dotnet\bin\Release\net10.0\Heddle.Benchmarks.Dotnet-ShortRun-1\bin\Release\net10.0/" /p:PublishDir="E:\Work\Heddle\benchmarks\dotnet\bin\Release\net10.0\Heddle.Benchmarks.Dotnet-ShortRun-1\publish/" --output "E:\Work\Heddle\benchmarks\dotnet\bin\Release\net10.0\Heddle.Benchmarks.Dotnet-ShortRun-1\bin\Release\net10.0/" in E:\Work\Heddle\benchmarks\dotnet\bin\Release\net10.0\Heddle.Benchmarks.Dotnet-ShortRun-1
// command took 15.04 sec and exited with 0
// ***** Done, took 00:00:16 (16.35 sec)   *****
// Found 2 benchmarks:
//   TechniqueRuntimeBenchmarks.String: ShortRun(IterationCount=5, LaunchCount=10, WarmupCount=3) [Workload=composed-page]
//   TechniqueRuntimeBenchmarks.TextWriter: ShortRun(IterationCount=5, LaunchCount=10, WarmupCount=3) [Workload=large-loop]

Setup power plan (GUID: 8c5e7fda-e8bf-4a96-9a85-a6e23a8c635c FriendlyName: High performance)
// **************************
// Benchmark: TechniqueRuntimeBenchmarks.String: ShortRun(IterationCount=5, LaunchCount=10, WarmupCount=3) [Workload=composed-page]
// *** Execute ***
// Launch: 1 / 10
// Execute: dotnet Heddle.Benchmarks.Dotnet-ShortRun-1.dll --anonymousPipes 2380 3308 --benchmarkName "Heddle.Benchmarks.Dotnet.Bench.TechniqueRuntimeBenchmarks.String(Workload: \"composed-page\")" --job ShortRun --benchmarkId 0 in E:\Work\Heddle\benchmarks\dotnet\bin\Release\net10.0\Heddle.Benchmarks.Dotnet-ShortRun-1\bin\Release\net10.0
// BeforeAnythingElse

// Benchmark Process Environment Information:
// BenchmarkDotNet v0.15.8
// Runtime=.NET 10.0.12 (10.0.12, 10.0.1226.42308), X64 RyuJIT x86-64-v4
// GC=Concurrent Workstation
// HardwareIntrinsics=AVX512 BITALG+VBMI2+VNNI+VPOPCNTDQ,AVX512 IFMA+VBMI,AVX512 F+BW+CD+DQ+VL,AVX2+BMI1+BMI2+F16C+FMA+LZCNT+MOVBE,AVX,SSE3+SSSE3+SSE4.1+SSE4.2+POPCNT,X86Base+SSE+SSE2,AES+PCLMUL,AvxVnni VectorSize=256
// Job: ShortRun(IterationCount=5, LaunchCount=10, WarmupCount=3)

OverheadJitting  1: 1 op, 131600.00 ns, 131.6000 us/op
WorkloadJitting  1: 1 op, 390800.00 ns, 390.8000 us/op

OverheadJitting  2: 16 op, 221900.00 ns, 13.8688 us/op
WorkloadJitting  2: 16 op, 2923800.00 ns, 182.7375 us/op

WorkloadPilot    1: 16 op, 3028600.00 ns, 189.2875 us/op
WorkloadPilot    2: 32 op, 5353900.00 ns, 167.3094 us/op
WorkloadPilot    3: 64 op, 11074900.00 ns, 173.0453 us/op
WorkloadPilot    4: 128 op, 23449300.00 ns, 183.1977 us/op
WorkloadPilot    5: 256 op, 43791800.00 ns, 171.0617 us/op
WorkloadPilot    6: 512 op, 86613600.00 ns, 169.1672 us/op
WorkloadPilot    7: 1024 op, 171798000.00 ns, 167.7715 us/op
WorkloadPilot    8: 2048 op, 201271700.00 ns, 98.2772 us/op
WorkloadPilot    9: 4096 op, 126275300.00 ns, 30.8289 us/op
WorkloadPilot   10: 8192 op, 246138400.00 ns, 30.0462 us/op
WorkloadPilot   11: 16384 op, 496937000.00 ns, 30.3306 us/op
WorkloadPilot   12: 32768 op, 1025639800.00 ns, 31.3000 us/op

OverheadWarmup   1: 32768 op, 43200.00 ns, 1.3184 ns/op
OverheadWarmup   2: 32768 op, 41700.00 ns, 1.2726 ns/op
OverheadWarmup   3: 32768 op, 41800.00 ns, 1.2756 ns/op
OverheadWarmup   4: 32768 op, 41800.00 ns, 1.2756 ns/op
OverheadWarmup   5: 32768 op, 41600.00 ns, 1.2695 ns/op
OverheadWarmup   6: 32768 op, 40900.00 ns, 1.2482 ns/op
OverheadWarmup   7: 32768 op, 41000.00 ns, 1.2512 ns/op

OverheadActual   1: 32768 op, 42400.00 ns, 1.2939 ns/op
OverheadActual   2: 32768 op, 41400.00 ns, 1.2634 ns/op
OverheadActual   3: 32768 op, 41900.00 ns, 1.2787 ns/op
OverheadActual   4: 32768 op, 41700.00 ns, 1.2726 ns/op
OverheadActual   5: 32768 op, 41800.00 ns, 1.2756 ns/op
OverheadActual   6: 32768 op, 41500.00 ns, 1.2665 ns/op
OverheadActual   7: 32768 op, 41900.00 ns, 1.2787 ns/op
OverheadActual   8: 32768 op, 41700.00 ns, 1.2726 ns/op
OverheadActual   9: 32768 op, 42100.00 ns, 1.2848 ns/op
OverheadActual  10: 32768 op, 41300.00 ns, 1.2604 ns/op
OverheadActual  11: 32768 op, 41400.00 ns, 1.2634 ns/op
OverheadActual  12: 32768 op, 41700.00 ns, 1.2726 ns/op
OverheadActual  13: 32768 op, 41800.00 ns, 1.2756 ns/op
OverheadActual  14: 32768 op, 41500.00 ns, 1.2665 ns/op
OverheadActual  15: 32768 op, 41600.00 ns, 1.2695 ns/op

WorkloadWarmup   1: 32768 op, 1011850000.00 ns, 30.8792 us/op
WorkloadWarmup   2: 32768 op, 1036215600.00 ns, 31.6228 us/op
WorkloadWarmup   3: 32768 op, 1016524900.00 ns, 31.0219 us/op

// BeforeActualRun
WorkloadActual   1: 32768 op, 998667500.00 ns, 30.4769 us/op
WorkloadActual   2: 32768 op, 1006861600.00 ns, 30.7270 us/op
WorkloadActual   3: 32768 op, 1002792600.00 ns, 30.6028 us/op
WorkloadActual   4: 32768 op, 1016994800.00 ns, 31.0362 us/op
WorkloadActual   5: 32768 op, 1005925100.00 ns, 30.6984 us/op

// AfterActualRun
WorkloadResult   1: 32768 op, 998625800.00 ns, 30.4756 us/op
WorkloadResult   2: 32768 op, 1006819900.00 ns, 30.7257 us/op
WorkloadResult   3: 32768 op, 1002750900.00 ns, 30.6015 us/op
WorkloadResult   4: 32768 op, 1005883400.00 ns, 30.6971 us/op
// GC:  494 461 461 7080160560 32768
// Threading:  0 0 32768

// AfterAll
// Benchmark Process 12484 has exited with code 0.
// Launch: 2 / 10
// Execute: dotnet Heddle.Benchmarks.Dotnet-ShortRun-1.dll --anonymousPipes 680 2388 --benchmarkName "Heddle.Benchmarks.Dotnet.Bench.TechniqueRuntimeBenchmarks.String(Workload: \"composed-page\")" --job ShortRun --benchmarkId 0 in E:\Work\Heddle\benchmarks\dotnet\bin\Release\net10.0\Heddle.Benchmarks.Dotnet-ShortRun-1\bin\Release\net10.0
// BeforeAnythingElse

// Benchmark Process Environment Information:
// BenchmarkDotNet v0.15.8
// Runtime=.NET 10.0.12 (10.0.12, 10.0.1226.42308), X64 RyuJIT x86-64-v4
// GC=Concurrent Workstation
// HardwareIntrinsics=AVX512 BITALG+VBMI2+VNNI+VPOPCNTDQ,AVX512 IFMA+VBMI,AVX512 F+BW+CD+DQ+VL,AVX2+BMI1+BMI2+F16C+FMA+LZCNT+MOVBE,AVX,SSE3+SSSE3+SSE4.1+SSE4.2+POPCNT,X86Base+SSE+SSE2,AES+PCLMUL,AvxVnni VectorSize=256
// Job: ShortRun(IterationCount=5, LaunchCount=10, WarmupCount=3)

OverheadJitting  1: 1 op, 125400.00 ns, 125.4000 us/op
WorkloadJitting  1: 1 op, 343400.00 ns, 343.4000 us/op

OverheadJitting  2: 16 op, 222200.00 ns, 13.8875 us/op
WorkloadJitting  2: 16 op, 2632900.00 ns, 164.5563 us/op

WorkloadPilot    1: 16 op, 2333600.00 ns, 145.8500 us/op
WorkloadPilot    2: 32 op, 5067000.00 ns, 158.3438 us/op
WorkloadPilot    3: 64 op, 10367100.00 ns, 161.9859 us/op
WorkloadPilot    4: 128 op, 20370900.00 ns, 159.1477 us/op
WorkloadPilot    5: 256 op, 40373400.00 ns, 157.7086 us/op
WorkloadPilot    6: 512 op, 55631400.00 ns, 108.6551 us/op
WorkloadPilot    7: 1024 op, 34413900.00 ns, 33.6073 us/op
WorkloadPilot    8: 2048 op, 64445100.00 ns, 31.4673 us/op
WorkloadPilot    9: 4096 op, 128665100.00 ns, 31.4124 us/op
WorkloadPilot   10: 8192 op, 249452800.00 ns, 30.4508 us/op
WorkloadPilot   11: 16384 op, 498709600.00 ns, 30.4388 us/op
WorkloadPilot   12: 32768 op, 984732800.00 ns, 30.0517 us/op

OverheadWarmup   1: 32768 op, 42500.00 ns, 1.2970 ns/op
OverheadWarmup   2: 32768 op, 41300.00 ns, 1.2604 ns/op
OverheadWarmup   3: 32768 op, 43500.00 ns, 1.3275 ns/op
OverheadWarmup   4: 32768 op, 41100.00 ns, 1.2543 ns/op
OverheadWarmup   5: 32768 op, 41300.00 ns, 1.2604 ns/op
OverheadWarmup   6: 32768 op, 40700.00 ns, 1.2421 ns/op

OverheadActual   1: 32768 op, 41200.00 ns, 1.2573 ns/op
OverheadActual   2: 32768 op, 41400.00 ns, 1.2634 ns/op
OverheadActual   3: 32768 op, 40900.00 ns, 1.2482 ns/op
OverheadActual   4: 32768 op, 41800.00 ns, 1.2756 ns/op
OverheadActual   5: 32768 op, 41300.00 ns, 1.2604 ns/op
OverheadActual   6: 32768 op, 41100.00 ns, 1.2543 ns/op
OverheadActual   7: 32768 op, 41000.00 ns, 1.2512 ns/op
OverheadActual   8: 32768 op, 41400.00 ns, 1.2634 ns/op
OverheadActual   9: 32768 op, 41000.00 ns, 1.2512 ns/op
OverheadActual  10: 32768 op, 43900.00 ns, 1.3397 ns/op
OverheadActual  11: 32768 op, 45500.00 ns, 1.3885 ns/op
OverheadActual  12: 32768 op, 40300.00 ns, 1.2299 ns/op
OverheadActual  13: 32768 op, 40500.00 ns, 1.2360 ns/op
OverheadActual  14: 32768 op, 40300.00 ns, 1.2299 ns/op
OverheadActual  15: 32768 op, 40500.00 ns, 1.2360 ns/op

WorkloadWarmup   1: 32768 op, 950592300.00 ns, 29.0098 us/op
WorkloadWarmup   2: 32768 op, 945242900.00 ns, 28.8465 us/op
WorkloadWarmup   3: 32768 op, 986036600.00 ns, 30.0914 us/op

// BeforeActualRun
WorkloadActual   1: 32768 op, 983394500.00 ns, 30.0108 us/op
WorkloadActual   2: 32768 op, 982422100.00 ns, 29.9811 us/op
WorkloadActual   3: 32768 op, 984583000.00 ns, 30.0471 us/op
WorkloadActual   4: 32768 op, 946665100.00 ns, 28.8899 us/op
WorkloadActual   5: 32768 op, 961843800.00 ns, 29.3531 us/op

// AfterActualRun
WorkloadResult   1: 32768 op, 983353400.00 ns, 30.0096 us/op
WorkloadResult   2: 32768 op, 982381000.00 ns, 29.9799 us/op
WorkloadResult   3: 32768 op, 984541900.00 ns, 30.0458 us/op
WorkloadResult   4: 32768 op, 946624000.00 ns, 28.8887 us/op
WorkloadResult   5: 32768 op, 961802700.00 ns, 29.3519 us/op
// GC:  487 454 454 7080163248 32768
// Threading:  0 0 32768

// AfterAll
// Benchmark Process 19616 has exited with code 0.
// Launch: 3 / 10
// Execute: dotnet Heddle.Benchmarks.Dotnet-ShortRun-1.dll --anonymousPipes 1828 9268 --benchmarkName "Heddle.Benchmarks.Dotnet.Bench.TechniqueRuntimeBenchmarks.String(Workload: \"composed-page\")" --job ShortRun --benchmarkId 0 in E:\Work\Heddle\benchmarks\dotnet\bin\Release\net10.0\Heddle.Benchmarks.Dotnet-ShortRun-1\bin\Release\net10.0
// BeforeAnythingElse

// Benchmark Process Environment Information:
// BenchmarkDotNet v0.15.8
// Runtime=.NET 10.0.12 (10.0.12, 10.0.1226.42308), X64 RyuJIT x86-64-v4
// GC=Concurrent Workstation
// HardwareIntrinsics=AVX512 BITALG+VBMI2+VNNI+VPOPCNTDQ,AVX512 IFMA+VBMI,AVX512 F+BW+CD+DQ+VL,AVX2+BMI1+BMI2+F16C+FMA+LZCNT+MOVBE,AVX,SSE3+SSSE3+SSE4.1+SSE4.2+POPCNT,X86Base+SSE+SSE2,AES+PCLMUL,AvxVnni VectorSize=256
// Job: ShortRun(IterationCount=5, LaunchCount=10, WarmupCount=3)

OverheadJitting  1: 1 op, 121200.00 ns, 121.2000 us/op
WorkloadJitting  1: 1 op, 349700.00 ns, 349.7000 us/op

OverheadJitting  2: 16 op, 220000.00 ns, 13.7500 us/op
WorkloadJitting  2: 16 op, 2625800.00 ns, 164.1125 us/op

WorkloadPilot    1: 16 op, 2363900.00 ns, 147.7438 us/op
WorkloadPilot    2: 32 op, 5067200.00 ns, 158.3500 us/op
WorkloadPilot    3: 64 op, 10704100.00 ns, 167.2516 us/op
WorkloadPilot    4: 128 op, 21909600.00 ns, 171.1688 us/op
WorkloadPilot    5: 256 op, 45374900.00 ns, 177.2457 us/op
WorkloadPilot    6: 512 op, 61604700.00 ns, 120.3217 us/op
WorkloadPilot    7: 1024 op, 33933000.00 ns, 33.1377 us/op
WorkloadPilot    8: 2048 op, 64521800.00 ns, 31.5048 us/op
WorkloadPilot    9: 4096 op, 126834400.00 ns, 30.9654 us/op
WorkloadPilot   10: 8192 op, 263341200.00 ns, 32.1461 us/op
WorkloadPilot   11: 16384 op, 501214700.00 ns, 30.5917 us/op

OverheadWarmup   1: 16384 op, 22600.00 ns, 1.3794 ns/op
OverheadWarmup   2: 16384 op, 21000.00 ns, 1.2817 ns/op
OverheadWarmup   3: 16384 op, 20800.00 ns, 1.2695 ns/op
OverheadWarmup   4: 16384 op, 21000.00 ns, 1.2817 ns/op
OverheadWarmup   5: 16384 op, 21300.00 ns, 1.3000 ns/op
OverheadWarmup   6: 16384 op, 20900.00 ns, 1.2756 ns/op
OverheadWarmup   7: 16384 op, 20800.00 ns, 1.2695 ns/op
OverheadWarmup   8: 16384 op, 20900.00 ns, 1.2756 ns/op
OverheadWarmup   9: 16384 op, 21200.00 ns, 1.2939 ns/op
OverheadWarmup  10: 16384 op, 20800.00 ns, 1.2695 ns/op

OverheadActual   1: 16384 op, 20800.00 ns, 1.2695 ns/op
OverheadActual   2: 16384 op, 21000.00 ns, 1.2817 ns/op
OverheadActual   3: 16384 op, 21200.00 ns, 1.2939 ns/op
OverheadActual   4: 16384 op, 20900.00 ns, 1.2756 ns/op
OverheadActual   5: 16384 op, 20900.00 ns, 1.2756 ns/op
OverheadActual   6: 16384 op, 20800.00 ns, 1.2695 ns/op
OverheadActual   7: 16384 op, 21300.00 ns, 1.3000 ns/op
OverheadActual   8: 16384 op, 21000.00 ns, 1.2817 ns/op
OverheadActual   9: 16384 op, 20400.00 ns, 1.2451 ns/op
OverheadActual  10: 16384 op, 20500.00 ns, 1.2512 ns/op
OverheadActual  11: 16384 op, 21000.00 ns, 1.2817 ns/op
OverheadActual  12: 16384 op, 22600.00 ns, 1.3794 ns/op
OverheadActual  13: 16384 op, 24300.00 ns, 1.4832 ns/op
OverheadActual  14: 16384 op, 20700.00 ns, 1.2634 ns/op
OverheadActual  15: 16384 op, 21600.00 ns, 1.3184 ns/op

WorkloadWarmup   1: 16384 op, 487557100.00 ns, 29.7581 us/op
WorkloadWarmup   2: 16384 op, 477548200.00 ns, 29.1472 us/op
WorkloadWarmup   3: 16384 op, 497749900.00 ns, 30.3802 us/op

// BeforeActualRun
WorkloadActual   1: 16384 op, 501588400.00 ns, 30.6145 us/op
WorkloadActual   2: 16384 op, 502434800.00 ns, 30.6662 us/op
WorkloadActual   3: 16384 op, 478572200.00 ns, 29.2097 us/op
WorkloadActual   4: 16384 op, 482018600.00 ns, 29.4201 us/op
WorkloadActual   5: 16384 op, 475202400.00 ns, 29.0041 us/op

// AfterActualRun
WorkloadResult   1: 16384 op, 501567400.00 ns, 30.6132 us/op
WorkloadResult   2: 16384 op, 502413800.00 ns, 30.6649 us/op
WorkloadResult   3: 16384 op, 478551200.00 ns, 29.2084 us/op
WorkloadResult   4: 16384 op, 481997600.00 ns, 29.4188 us/op
WorkloadResult   5: 16384 op, 475181400.00 ns, 29.0028 us/op
// GC:  238 222 222 3539970896 16384
// Threading:  0 0 16384

// AfterAll
// Benchmark Process 9984 has exited with code 0.
// Launch: 4 / 10
// Execute: dotnet Heddle.Benchmarks.Dotnet-ShortRun-1.dll --anonymousPipes 9172 9228 --benchmarkName "Heddle.Benchmarks.Dotnet.Bench.TechniqueRuntimeBenchmarks.String(Workload: \"composed-page\")" --job ShortRun --benchmarkId 0 in E:\Work\Heddle\benchmarks\dotnet\bin\Release\net10.0\Heddle.Benchmarks.Dotnet-ShortRun-1\bin\Release\net10.0
// BeforeAnythingElse

// Benchmark Process Environment Information:
// BenchmarkDotNet v0.15.8
// Runtime=.NET 10.0.12 (10.0.12, 10.0.1226.42308), X64 RyuJIT x86-64-v4
// GC=Concurrent Workstation
// HardwareIntrinsics=AVX512 BITALG+VBMI2+VNNI+VPOPCNTDQ,AVX512 IFMA+VBMI,AVX512 F+BW+CD+DQ+VL,AVX2+BMI1+BMI2+F16C+FMA+LZCNT+MOVBE,AVX,SSE3+SSSE3+SSE4.1+SSE4.2+POPCNT,X86Base+SSE+SSE2,AES+PCLMUL,AvxVnni VectorSize=256
// Job: ShortRun(IterationCount=5, LaunchCount=10, WarmupCount=3)

OverheadJitting  1: 1 op, 123400.00 ns, 123.4000 us/op
WorkloadJitting  1: 1 op, 391700.00 ns, 391.7000 us/op

OverheadJitting  2: 16 op, 231800.00 ns, 14.4875 us/op
WorkloadJitting  2: 16 op, 2657000.00 ns, 166.0625 us/op

WorkloadPilot    1: 16 op, 2358600.00 ns, 147.4125 us/op
WorkloadPilot    2: 32 op, 5102100.00 ns, 159.4406 us/op
WorkloadPilot    3: 64 op, 10845000.00 ns, 169.4531 us/op
WorkloadPilot    4: 128 op, 20877900.00 ns, 163.1086 us/op
WorkloadPilot    5: 256 op, 40789600.00 ns, 159.3344 us/op
WorkloadPilot    6: 512 op, 63911200.00 ns, 124.8266 us/op
WorkloadPilot    7: 1024 op, 33484300.00 ns, 32.6995 us/op
WorkloadPilot    8: 2048 op, 61151600.00 ns, 29.8592 us/op
WorkloadPilot    9: 4096 op, 126408500.00 ns, 30.8615 us/op
WorkloadPilot   10: 8192 op, 255820600.00 ns, 31.2281 us/op
WorkloadPilot   11: 16384 op, 495073000.00 ns, 30.2169 us/op
WorkloadPilot   12: 32768 op, 1007488400.00 ns, 30.7461 us/op

OverheadWarmup   1: 32768 op, 42800.00 ns, 1.3062 ns/op
OverheadWarmup   2: 32768 op, 41300.00 ns, 1.2604 ns/op
OverheadWarmup   3: 32768 op, 42600.00 ns, 1.3000 ns/op
OverheadWarmup   4: 32768 op, 41200.00 ns, 1.2573 ns/op
OverheadWarmup   5: 32768 op, 41700.00 ns, 1.2726 ns/op
OverheadWarmup   6: 32768 op, 41100.00 ns, 1.2543 ns/op

OverheadActual   1: 32768 op, 41800.00 ns, 1.2756 ns/op
OverheadActual   2: 32768 op, 41400.00 ns, 1.2634 ns/op
OverheadActual   3: 32768 op, 41600.00 ns, 1.2695 ns/op
OverheadActual   4: 32768 op, 41400.00 ns, 1.2634 ns/op
OverheadActual   5: 32768 op, 41800.00 ns, 1.2756 ns/op
OverheadActual   6: 32768 op, 41300.00 ns, 1.2604 ns/op
OverheadActual   7: 32768 op, 41300.00 ns, 1.2604 ns/op
OverheadActual   8: 32768 op, 41000.00 ns, 1.2512 ns/op
OverheadActual   9: 32768 op, 41100.00 ns, 1.2543 ns/op
OverheadActual  10: 32768 op, 41100.00 ns, 1.2543 ns/op
OverheadActual  11: 32768 op, 42000.00 ns, 1.2817 ns/op
OverheadActual  12: 32768 op, 41300.00 ns, 1.2604 ns/op
OverheadActual  13: 32768 op, 41500.00 ns, 1.2665 ns/op
OverheadActual  14: 32768 op, 41300.00 ns, 1.2604 ns/op
OverheadActual  15: 32768 op, 41700.00 ns, 1.2726 ns/op

WorkloadWarmup   1: 32768 op, 980006400.00 ns, 29.9074 us/op
WorkloadWarmup   2: 32768 op, 961149900.00 ns, 29.3320 us/op
WorkloadWarmup   3: 32768 op, 1013484700.00 ns, 30.9291 us/op

// BeforeActualRun
WorkloadActual   1: 32768 op, 1005149900.00 ns, 30.6747 us/op
WorkloadActual   2: 32768 op, 1009672800.00 ns, 30.8128 us/op
WorkloadActual   3: 32768 op, 992658600.00 ns, 30.2935 us/op
WorkloadActual   4: 32768 op, 999131300.00 ns, 30.4911 us/op
WorkloadActual   5: 32768 op, 1005400200.00 ns, 30.6824 us/op

// AfterActualRun
WorkloadResult   1: 32768 op, 1005108500.00 ns, 30.6735 us/op
WorkloadResult   2: 32768 op, 1009631400.00 ns, 30.8115 us/op
WorkloadResult   3: 32768 op, 992617200.00 ns, 30.2923 us/op
WorkloadResult   4: 32768 op, 999089900.00 ns, 30.4898 us/op
WorkloadResult   5: 32768 op, 1005358800.00 ns, 30.6811 us/op
// GC:  484 451 451 7080117544 32768
// Threading:  0 0 32768

// AfterAll
// Benchmark Process 23516 has exited with code 0.
// Launch: 5 / 10
// Execute: dotnet Heddle.Benchmarks.Dotnet-ShortRun-1.dll --anonymousPipes 9268 1608 --benchmarkName "Heddle.Benchmarks.Dotnet.Bench.TechniqueRuntimeBenchmarks.String(Workload: \"composed-page\")" --job ShortRun --benchmarkId 0 in E:\Work\Heddle\benchmarks\dotnet\bin\Release\net10.0\Heddle.Benchmarks.Dotnet-ShortRun-1\bin\Release\net10.0
// BeforeAnythingElse

// Benchmark Process Environment Information:
// BenchmarkDotNet v0.15.8
// Runtime=.NET 10.0.12 (10.0.12, 10.0.1226.42308), X64 RyuJIT x86-64-v4
// GC=Concurrent Workstation
// HardwareIntrinsics=AVX512 BITALG+VBMI2+VNNI+VPOPCNTDQ,AVX512 IFMA+VBMI,AVX512 F+BW+CD+DQ+VL,AVX2+BMI1+BMI2+F16C+FMA+LZCNT+MOVBE,AVX,SSE3+SSSE3+SSE4.1+SSE4.2+POPCNT,X86Base+SSE+SSE2,AES+PCLMUL,AvxVnni VectorSize=256
// Job: ShortRun(IterationCount=5, LaunchCount=10, WarmupCount=3)

OverheadJitting  1: 1 op, 122200.00 ns, 122.2000 us/op
WorkloadJitting  1: 1 op, 353100.00 ns, 353.1000 us/op

OverheadJitting  2: 16 op, 219100.00 ns, 13.6938 us/op
WorkloadJitting  2: 16 op, 2640700.00 ns, 165.0438 us/op

WorkloadPilot    1: 16 op, 2314900.00 ns, 144.6813 us/op
WorkloadPilot    2: 32 op, 5040600.00 ns, 157.5188 us/op
WorkloadPilot    3: 64 op, 10630500.00 ns, 166.1016 us/op
WorkloadPilot    4: 128 op, 20893700.00 ns, 163.2320 us/op
WorkloadPilot    5: 256 op, 43180200.00 ns, 168.6727 us/op
WorkloadPilot    6: 512 op, 81537800.00 ns, 159.2535 us/op
WorkloadPilot    7: 1024 op, 84521800.00 ns, 82.5408 us/op
WorkloadPilot    8: 2048 op, 65375100.00 ns, 31.9214 us/op
WorkloadPilot    9: 4096 op, 128793600.00 ns, 31.4438 us/op
WorkloadPilot   10: 8192 op, 241660000.00 ns, 29.4995 us/op
WorkloadPilot   11: 16384 op, 476709400.00 ns, 29.0960 us/op
WorkloadPilot   12: 32768 op, 948333400.00 ns, 28.9408 us/op

OverheadWarmup   1: 32768 op, 43800.00 ns, 1.3367 ns/op
OverheadWarmup   2: 32768 op, 41300.00 ns, 1.2604 ns/op
OverheadWarmup   3: 32768 op, 41100.00 ns, 1.2543 ns/op
OverheadWarmup   4: 32768 op, 40700.00 ns, 1.2421 ns/op
OverheadWarmup   5: 32768 op, 40900.00 ns, 1.2482 ns/op
OverheadWarmup   6: 32768 op, 41700.00 ns, 1.2726 ns/op
OverheadWarmup   7: 32768 op, 41100.00 ns, 1.2543 ns/op
OverheadWarmup   8: 32768 op, 40700.00 ns, 1.2421 ns/op
OverheadWarmup   9: 32768 op, 41000.00 ns, 1.2512 ns/op
OverheadWarmup  10: 32768 op, 40600.00 ns, 1.2390 ns/op

OverheadActual   1: 32768 op, 41500.00 ns, 1.2665 ns/op
OverheadActual   2: 32768 op, 41800.00 ns, 1.2756 ns/op
OverheadActual   3: 32768 op, 41200.00 ns, 1.2573 ns/op
OverheadActual   4: 32768 op, 41700.00 ns, 1.2726 ns/op
OverheadActual   5: 32768 op, 42900.00 ns, 1.3092 ns/op
OverheadActual   6: 32768 op, 41500.00 ns, 1.2665 ns/op
OverheadActual   7: 32768 op, 41500.00 ns, 1.2665 ns/op
OverheadActual   8: 32768 op, 40900.00 ns, 1.2482 ns/op
OverheadActual   9: 32768 op, 41800.00 ns, 1.2756 ns/op
OverheadActual  10: 32768 op, 41400.00 ns, 1.2634 ns/op
OverheadActual  11: 32768 op, 41300.00 ns, 1.2604 ns/op
OverheadActual  12: 32768 op, 41300.00 ns, 1.2604 ns/op
OverheadActual  13: 32768 op, 41100.00 ns, 1.2543 ns/op
OverheadActual  14: 32768 op, 40700.00 ns, 1.2421 ns/op
OverheadActual  15: 32768 op, 41400.00 ns, 1.2634 ns/op

WorkloadWarmup   1: 32768 op, 962196600.00 ns, 29.3639 us/op
WorkloadWarmup   2: 32768 op, 963958300.00 ns, 29.4177 us/op
WorkloadWarmup   3: 32768 op, 954892700.00 ns, 29.1410 us/op

// BeforeActualRun
WorkloadActual   1: 32768 op, 992562700.00 ns, 30.2906 us/op
WorkloadActual   2: 32768 op, 1008236800.00 ns, 30.7689 us/op
WorkloadActual   3: 32768 op, 1007358400.00 ns, 30.7421 us/op
WorkloadActual   4: 32768 op, 1001326300.00 ns, 30.5581 us/op
WorkloadActual   5: 32768 op, 1000791100.00 ns, 30.5417 us/op

// AfterActualRun
WorkloadResult   1: 32768 op, 992521300.00 ns, 30.2893 us/op
WorkloadResult   2: 32768 op, 1008195400.00 ns, 30.7677 us/op
WorkloadResult   3: 32768 op, 1007317000.00 ns, 30.7409 us/op
WorkloadResult   4: 32768 op, 1001284900.00 ns, 30.5568 us/op
WorkloadResult   5: 32768 op, 1000749700.00 ns, 30.5405 us/op
// GC:  493 460 460 7080097808 32768
// Threading:  0 0 32768

// AfterAll
// Benchmark Process 10560 has exited with code 0.
// Launch: 6 / 10
// Execute: dotnet Heddle.Benchmarks.Dotnet-ShortRun-1.dll --anonymousPipes 3168 9252 --benchmarkName "Heddle.Benchmarks.Dotnet.Bench.TechniqueRuntimeBenchmarks.String(Workload: \"composed-page\")" --job ShortRun --benchmarkId 0 in E:\Work\Heddle\benchmarks\dotnet\bin\Release\net10.0\Heddle.Benchmarks.Dotnet-ShortRun-1\bin\Release\net10.0
// BeforeAnythingElse

// Benchmark Process Environment Information:
// BenchmarkDotNet v0.15.8
// Runtime=.NET 10.0.12 (10.0.12, 10.0.1226.42308), X64 RyuJIT x86-64-v4
// GC=Concurrent Workstation
// HardwareIntrinsics=AVX512 BITALG+VBMI2+VNNI+VPOPCNTDQ,AVX512 IFMA+VBMI,AVX512 F+BW+CD+DQ+VL,AVX2+BMI1+BMI2+F16C+FMA+LZCNT+MOVBE,AVX,SSE3+SSSE3+SSE4.1+SSE4.2+POPCNT,X86Base+SSE+SSE2,AES+PCLMUL,AvxVnni VectorSize=256
// Job: ShortRun(IterationCount=5, LaunchCount=10, WarmupCount=3)

OverheadJitting  1: 1 op, 128100.00 ns, 128.1000 us/op
WorkloadJitting  1: 1 op, 364400.00 ns, 364.4000 us/op

OverheadJitting  2: 16 op, 219100.00 ns, 13.6938 us/op
WorkloadJitting  2: 16 op, 2712400.00 ns, 169.5250 us/op

WorkloadPilot    1: 16 op, 2423500.00 ns, 151.4688 us/op
WorkloadPilot    2: 32 op, 5206700.00 ns, 162.7094 us/op
WorkloadPilot    3: 64 op, 10565900.00 ns, 165.0922 us/op
WorkloadPilot    4: 128 op, 21211600.00 ns, 165.7156 us/op
WorkloadPilot    5: 256 op, 41515700.00 ns, 162.1707 us/op
WorkloadPilot    6: 512 op, 64390100.00 ns, 125.7619 us/op
WorkloadPilot    7: 1024 op, 33339500.00 ns, 32.5581 us/op
WorkloadPilot    8: 2048 op, 62525700.00 ns, 30.5301 us/op
WorkloadPilot    9: 4096 op, 127233100.00 ns, 31.0628 us/op
WorkloadPilot   10: 8192 op, 238795200.00 ns, 29.1498 us/op
WorkloadPilot   11: 16384 op, 487822300.00 ns, 29.7743 us/op
WorkloadPilot   12: 32768 op, 983212700.00 ns, 30.0053 us/op

OverheadWarmup   1: 32768 op, 43900.00 ns, 1.3397 ns/op
OverheadWarmup   2: 32768 op, 41500.00 ns, 1.2665 ns/op
OverheadWarmup   3: 32768 op, 42000.00 ns, 1.2817 ns/op
OverheadWarmup   4: 32768 op, 46300.00 ns, 1.4130 ns/op
OverheadWarmup   5: 32768 op, 42500.00 ns, 1.2970 ns/op
OverheadWarmup   6: 32768 op, 41200.00 ns, 1.2573 ns/op
OverheadWarmup   7: 32768 op, 42300.00 ns, 1.2909 ns/op
OverheadWarmup   8: 32768 op, 40800.00 ns, 1.2451 ns/op

OverheadActual   1: 32768 op, 42200.00 ns, 1.2878 ns/op
OverheadActual   2: 32768 op, 41500.00 ns, 1.2665 ns/op
OverheadActual   3: 32768 op, 43200.00 ns, 1.3184 ns/op
OverheadActual   4: 32768 op, 42400.00 ns, 1.2939 ns/op
OverheadActual   5: 32768 op, 43700.00 ns, 1.3336 ns/op
OverheadActual   6: 32768 op, 40900.00 ns, 1.2482 ns/op
OverheadActual   7: 32768 op, 41900.00 ns, 1.2787 ns/op
OverheadActual   8: 32768 op, 41900.00 ns, 1.2787 ns/op
OverheadActual   9: 32768 op, 41800.00 ns, 1.2756 ns/op
OverheadActual  10: 32768 op, 42000.00 ns, 1.2817 ns/op
OverheadActual  11: 32768 op, 42200.00 ns, 1.2878 ns/op
OverheadActual  12: 32768 op, 41700.00 ns, 1.2726 ns/op
OverheadActual  13: 32768 op, 41500.00 ns, 1.2665 ns/op
OverheadActual  14: 32768 op, 41300.00 ns, 1.2604 ns/op
OverheadActual  15: 32768 op, 41800.00 ns, 1.2756 ns/op

WorkloadWarmup   1: 32768 op, 990145800.00 ns, 30.2169 us/op
WorkloadWarmup   2: 32768 op, 989823600.00 ns, 30.2070 us/op
WorkloadWarmup   3: 32768 op, 1006633300.00 ns, 30.7200 us/op

// BeforeActualRun
WorkloadActual   1: 32768 op, 1021310600.00 ns, 31.1679 us/op
WorkloadActual   2: 32768 op, 1011908400.00 ns, 30.8810 us/op
WorkloadActual   3: 32768 op, 1010845900.00 ns, 30.8486 us/op
WorkloadActual   4: 32768 op, 1002877600.00 ns, 30.6054 us/op
WorkloadActual   5: 32768 op, 1001074500.00 ns, 30.5504 us/op

// AfterActualRun
WorkloadResult   1: 32768 op, 1021268700.00 ns, 31.1666 us/op
WorkloadResult   2: 32768 op, 1011866500.00 ns, 30.8797 us/op
WorkloadResult   3: 32768 op, 1010804000.00 ns, 30.8473 us/op
WorkloadResult   4: 32768 op, 1002835700.00 ns, 30.6041 us/op
WorkloadResult   5: 32768 op, 1001032600.00 ns, 30.5491 us/op
// GC:  484 451 451 7080110896 32768
// Threading:  0 0 32768

// AfterAll
// Benchmark Process 26244 has exited with code 0.
// Launch: 7 / 10
// Execute: dotnet Heddle.Benchmarks.Dotnet-ShortRun-1.dll --anonymousPipes 2380 3552 --benchmarkName "Heddle.Benchmarks.Dotnet.Bench.TechniqueRuntimeBenchmarks.String(Workload: \"composed-page\")" --job ShortRun --benchmarkId 0 in E:\Work\Heddle\benchmarks\dotnet\bin\Release\net10.0\Heddle.Benchmarks.Dotnet-ShortRun-1\bin\Release\net10.0
// BeforeAnythingElse

// Benchmark Process Environment Information:
// BenchmarkDotNet v0.15.8
// Runtime=.NET 10.0.12 (10.0.12, 10.0.1226.42308), X64 RyuJIT x86-64-v4
// GC=Concurrent Workstation
// HardwareIntrinsics=AVX512 BITALG+VBMI2+VNNI+VPOPCNTDQ,AVX512 IFMA+VBMI,AVX512 F+BW+CD+DQ+VL,AVX2+BMI1+BMI2+F16C+FMA+LZCNT+MOVBE,AVX,SSE3+SSSE3+SSE4.1+SSE4.2+POPCNT,X86Base+SSE+SSE2,AES+PCLMUL,AvxVnni VectorSize=256
// Job: ShortRun(IterationCount=5, LaunchCount=10, WarmupCount=3)

OverheadJitting  1: 1 op, 127300.00 ns, 127.3000 us/op
WorkloadJitting  1: 1 op, 344800.00 ns, 344.8000 us/op

OverheadJitting  2: 16 op, 233700.00 ns, 14.6063 us/op
WorkloadJitting  2: 16 op, 2638100.00 ns, 164.8813 us/op

WorkloadPilot    1: 16 op, 2312000.00 ns, 144.5000 us/op
WorkloadPilot    2: 32 op, 5106000.00 ns, 159.5625 us/op
WorkloadPilot    3: 64 op, 10283900.00 ns, 160.6859 us/op
WorkloadPilot    4: 128 op, 20981300.00 ns, 163.9164 us/op
WorkloadPilot    5: 256 op, 40698200.00 ns, 158.9773 us/op
WorkloadPilot    6: 512 op, 60027100.00 ns, 117.2404 us/op
WorkloadPilot    7: 1024 op, 33699500.00 ns, 32.9097 us/op
WorkloadPilot    8: 2048 op, 64750000.00 ns, 31.6162 us/op
WorkloadPilot    9: 4096 op, 130275300.00 ns, 31.8055 us/op
WorkloadPilot   10: 8192 op, 241343700.00 ns, 29.4609 us/op
WorkloadPilot   11: 16384 op, 500309700.00 ns, 30.5365 us/op

OverheadWarmup   1: 16384 op, 23300.00 ns, 1.4221 ns/op
OverheadWarmup   2: 16384 op, 21100.00 ns, 1.2878 ns/op
OverheadWarmup   3: 16384 op, 21200.00 ns, 1.2939 ns/op
OverheadWarmup   4: 16384 op, 21000.00 ns, 1.2817 ns/op
OverheadWarmup   5: 16384 op, 21200.00 ns, 1.2939 ns/op
OverheadWarmup   6: 16384 op, 21000.00 ns, 1.2817 ns/op

OverheadActual   1: 16384 op, 21100.00 ns, 1.2878 ns/op
OverheadActual   2: 16384 op, 20900.00 ns, 1.2756 ns/op
OverheadActual   3: 16384 op, 21300.00 ns, 1.3000 ns/op
OverheadActual   4: 16384 op, 21100.00 ns, 1.2878 ns/op
OverheadActual   5: 16384 op, 21000.00 ns, 1.2817 ns/op
OverheadActual   6: 16384 op, 20400.00 ns, 1.2451 ns/op
OverheadActual   7: 16384 op, 21200.00 ns, 1.2939 ns/op
OverheadActual   8: 16384 op, 21000.00 ns, 1.2817 ns/op
OverheadActual   9: 16384 op, 21000.00 ns, 1.2817 ns/op
OverheadActual  10: 16384 op, 20900.00 ns, 1.2756 ns/op
OverheadActual  11: 16384 op, 21200.00 ns, 1.2939 ns/op
OverheadActual  12: 16384 op, 20400.00 ns, 1.2451 ns/op
OverheadActual  13: 16384 op, 20900.00 ns, 1.2756 ns/op
OverheadActual  14: 16384 op, 20900.00 ns, 1.2756 ns/op
OverheadActual  15: 16384 op, 20900.00 ns, 1.2756 ns/op

WorkloadWarmup   1: 16384 op, 495450900.00 ns, 30.2399 us/op
WorkloadWarmup   2: 16384 op, 500288000.00 ns, 30.5352 us/op
WorkloadWarmup   3: 16384 op, 495145400.00 ns, 30.2213 us/op

// BeforeActualRun
WorkloadActual   1: 16384 op, 499563400.00 ns, 30.4909 us/op
WorkloadActual   2: 16384 op, 498847100.00 ns, 30.4472 us/op
WorkloadActual   3: 16384 op, 489935300.00 ns, 29.9033 us/op
WorkloadActual   4: 16384 op, 468441300.00 ns, 28.5914 us/op
WorkloadActual   5: 16384 op, 507881100.00 ns, 30.9986 us/op

// AfterActualRun
WorkloadResult   1: 16384 op, 499542400.00 ns, 30.4896 us/op
WorkloadResult   2: 16384 op, 498826100.00 ns, 30.4459 us/op
WorkloadResult   3: 16384 op, 489914300.00 ns, 29.9020 us/op
WorkloadResult   4: 16384 op, 468420300.00 ns, 28.5901 us/op
WorkloadResult   5: 16384 op, 507860100.00 ns, 30.9973 us/op
// GC:  241 225 225 3540048024 16384
// Threading:  0 0 16384

// AfterAll
// Benchmark Process 27452 has exited with code 0.
// Launch: 8 / 10
// Execute: dotnet Heddle.Benchmarks.Dotnet-ShortRun-1.dll --anonymousPipes 9180 9248 --benchmarkName "Heddle.Benchmarks.Dotnet.Bench.TechniqueRuntimeBenchmarks.String(Workload: \"composed-page\")" --job ShortRun --benchmarkId 0 in E:\Work\Heddle\benchmarks\dotnet\bin\Release\net10.0\Heddle.Benchmarks.Dotnet-ShortRun-1\bin\Release\net10.0
// BeforeAnythingElse

// Benchmark Process Environment Information:
// BenchmarkDotNet v0.15.8
// Runtime=.NET 10.0.12 (10.0.12, 10.0.1226.42308), X64 RyuJIT x86-64-v4
// GC=Concurrent Workstation
// HardwareIntrinsics=AVX512 BITALG+VBMI2+VNNI+VPOPCNTDQ,AVX512 IFMA+VBMI,AVX512 F+BW+CD+DQ+VL,AVX2+BMI1+BMI2+F16C+FMA+LZCNT+MOVBE,AVX,SSE3+SSSE3+SSE4.1+SSE4.2+POPCNT,X86Base+SSE+SSE2,AES+PCLMUL,AvxVnni VectorSize=256
// Job: ShortRun(IterationCount=5, LaunchCount=10, WarmupCount=3)

OverheadJitting  1: 1 op, 124400.00 ns, 124.4000 us/op
WorkloadJitting  1: 1 op, 339900.00 ns, 339.9000 us/op

OverheadJitting  2: 16 op, 219400.00 ns, 13.7125 us/op
WorkloadJitting  2: 16 op, 2637000.00 ns, 164.8125 us/op

WorkloadPilot    1: 16 op, 2329100.00 ns, 145.5688 us/op
WorkloadPilot    2: 32 op, 5101400.00 ns, 159.4188 us/op
WorkloadPilot    3: 64 op, 10507400.00 ns, 164.1781 us/op
WorkloadPilot    4: 128 op, 21251600.00 ns, 166.0281 us/op
WorkloadPilot    5: 256 op, 40946300.00 ns, 159.9465 us/op
WorkloadPilot    6: 512 op, 67386200.00 ns, 131.6137 us/op
WorkloadPilot    7: 1024 op, 33527500.00 ns, 32.7417 us/op
WorkloadPilot    8: 2048 op, 65940300.00 ns, 32.1974 us/op
WorkloadPilot    9: 4096 op, 130011400.00 ns, 31.7411 us/op
WorkloadPilot   10: 8192 op, 246571100.00 ns, 30.0990 us/op
WorkloadPilot   11: 16384 op, 500049600.00 ns, 30.5206 us/op

OverheadWarmup   1: 16384 op, 22800.00 ns, 1.3916 ns/op
OverheadWarmup   2: 16384 op, 20500.00 ns, 1.2512 ns/op
OverheadWarmup   3: 16384 op, 20400.00 ns, 1.2451 ns/op
OverheadWarmup   4: 16384 op, 20500.00 ns, 1.2512 ns/op
OverheadWarmup   5: 16384 op, 20800.00 ns, 1.2695 ns/op
OverheadWarmup   6: 16384 op, 20500.00 ns, 1.2512 ns/op
OverheadWarmup   7: 16384 op, 20300.00 ns, 1.2390 ns/op
OverheadWarmup   8: 16384 op, 20200.00 ns, 1.2329 ns/op
OverheadWarmup   9: 16384 op, 20900.00 ns, 1.2756 ns/op
OverheadWarmup  10: 16384 op, 20300.00 ns, 1.2390 ns/op

OverheadActual   1: 16384 op, 20900.00 ns, 1.2756 ns/op
OverheadActual   2: 16384 op, 20400.00 ns, 1.2451 ns/op
OverheadActual   3: 16384 op, 20700.00 ns, 1.2634 ns/op
OverheadActual   4: 16384 op, 20300.00 ns, 1.2390 ns/op
OverheadActual   5: 16384 op, 20300.00 ns, 1.2390 ns/op
OverheadActual   6: 16384 op, 20400.00 ns, 1.2451 ns/op
OverheadActual   7: 16384 op, 20500.00 ns, 1.2512 ns/op
OverheadActual   8: 16384 op, 20200.00 ns, 1.2329 ns/op
OverheadActual   9: 16384 op, 20200.00 ns, 1.2329 ns/op
OverheadActual  10: 16384 op, 20200.00 ns, 1.2329 ns/op
OverheadActual  11: 16384 op, 20600.00 ns, 1.2573 ns/op
OverheadActual  12: 16384 op, 20300.00 ns, 1.2390 ns/op
OverheadActual  13: 16384 op, 20300.00 ns, 1.2390 ns/op
OverheadActual  14: 16384 op, 20500.00 ns, 1.2512 ns/op
OverheadActual  15: 16384 op, 20600.00 ns, 1.2573 ns/op

WorkloadWarmup   1: 16384 op, 505470500.00 ns, 30.8515 us/op
WorkloadWarmup   2: 16384 op, 497274200.00 ns, 30.3512 us/op
WorkloadWarmup   3: 16384 op, 492539700.00 ns, 30.0622 us/op

// BeforeActualRun
WorkloadActual   1: 16384 op, 502403200.00 ns, 30.6643 us/op
WorkloadActual   2: 16384 op, 502337200.00 ns, 30.6602 us/op
WorkloadActual   3: 16384 op, 484629600.00 ns, 29.5794 us/op
WorkloadActual   4: 16384 op, 480243700.00 ns, 29.3117 us/op
WorkloadActual   5: 16384 op, 477045400.00 ns, 29.1165 us/op

// AfterActualRun
WorkloadResult   1: 16384 op, 502382800.00 ns, 30.6630 us/op
WorkloadResult   2: 16384 op, 502316800.00 ns, 30.6590 us/op
WorkloadResult   3: 16384 op, 484609200.00 ns, 29.5782 us/op
WorkloadResult   4: 16384 op, 480223300.00 ns, 29.3105 us/op
WorkloadResult   5: 16384 op, 477025000.00 ns, 29.1153 us/op
// GC:  236 220 220 3540005232 16384
// Threading:  0 0 16384

// AfterAll
// Benchmark Process 14400 has exited with code 0.
// Launch: 9 / 10
// Execute: dotnet Heddle.Benchmarks.Dotnet-ShortRun-1.dll --anonymousPipes 9264 3292 --benchmarkName "Heddle.Benchmarks.Dotnet.Bench.TechniqueRuntimeBenchmarks.String(Workload: \"composed-page\")" --job ShortRun --benchmarkId 0 in E:\Work\Heddle\benchmarks\dotnet\bin\Release\net10.0\Heddle.Benchmarks.Dotnet-ShortRun-1\bin\Release\net10.0
// BeforeAnythingElse

// Benchmark Process Environment Information:
// BenchmarkDotNet v0.15.8
// Runtime=.NET 10.0.12 (10.0.12, 10.0.1226.42308), X64 RyuJIT x86-64-v4
// GC=Concurrent Workstation
// HardwareIntrinsics=AVX512 BITALG+VBMI2+VNNI+VPOPCNTDQ,AVX512 IFMA+VBMI,AVX512 F+BW+CD+DQ+VL,AVX2+BMI1+BMI2+F16C+FMA+LZCNT+MOVBE,AVX,SSE3+SSSE3+SSE4.1+SSE4.2+POPCNT,X86Base+SSE+SSE2,AES+PCLMUL,AvxVnni VectorSize=256
// Job: ShortRun(IterationCount=5, LaunchCount=10, WarmupCount=3)

OverheadJitting  1: 1 op, 123200.00 ns, 123.2000 us/op
WorkloadJitting  1: 1 op, 343300.00 ns, 343.3000 us/op

OverheadJitting  2: 16 op, 238600.00 ns, 14.9125 us/op
WorkloadJitting  2: 16 op, 2644500.00 ns, 165.2813 us/op

WorkloadPilot    1: 16 op, 2314600.00 ns, 144.6625 us/op
WorkloadPilot    2: 32 op, 5020200.00 ns, 156.8813 us/op
WorkloadPilot    3: 64 op, 10292000.00 ns, 160.8125 us/op
WorkloadPilot    4: 128 op, 20097700.00 ns, 157.0133 us/op
WorkloadPilot    5: 256 op, 42840500.00 ns, 167.3457 us/op
WorkloadPilot    6: 512 op, 62608000.00 ns, 122.2813 us/op
WorkloadPilot    7: 1024 op, 33172200.00 ns, 32.3947 us/op
WorkloadPilot    8: 2048 op, 63224600.00 ns, 30.8714 us/op
WorkloadPilot    9: 4096 op, 124753900.00 ns, 30.4575 us/op
WorkloadPilot   10: 8192 op, 258430700.00 ns, 31.5467 us/op
WorkloadPilot   11: 16384 op, 494787300.00 ns, 30.1994 us/op
WorkloadPilot   12: 32768 op, 987094500.00 ns, 30.1237 us/op

OverheadWarmup   1: 32768 op, 42800.00 ns, 1.3062 ns/op
OverheadWarmup   2: 32768 op, 41300.00 ns, 1.2604 ns/op
OverheadWarmup   3: 32768 op, 42100.00 ns, 1.2848 ns/op
OverheadWarmup   4: 32768 op, 41100.00 ns, 1.2543 ns/op
OverheadWarmup   5: 32768 op, 41400.00 ns, 1.2634 ns/op
OverheadWarmup   6: 32768 op, 41500.00 ns, 1.2665 ns/op
OverheadWarmup   7: 32768 op, 41500.00 ns, 1.2665 ns/op

OverheadActual   1: 32768 op, 41500.00 ns, 1.2665 ns/op
OverheadActual   2: 32768 op, 41600.00 ns, 1.2695 ns/op
OverheadActual   3: 32768 op, 41200.00 ns, 1.2573 ns/op
OverheadActual   4: 32768 op, 42000.00 ns, 1.2817 ns/op
OverheadActual   5: 32768 op, 41400.00 ns, 1.2634 ns/op
OverheadActual   6: 32768 op, 41600.00 ns, 1.2695 ns/op
OverheadActual   7: 32768 op, 41600.00 ns, 1.2695 ns/op
OverheadActual   8: 32768 op, 41700.00 ns, 1.2726 ns/op
OverheadActual   9: 32768 op, 41600.00 ns, 1.2695 ns/op
OverheadActual  10: 32768 op, 41500.00 ns, 1.2665 ns/op
OverheadActual  11: 32768 op, 41300.00 ns, 1.2604 ns/op
OverheadActual  12: 32768 op, 41400.00 ns, 1.2634 ns/op
OverheadActual  13: 32768 op, 41700.00 ns, 1.2726 ns/op
OverheadActual  14: 32768 op, 41500.00 ns, 1.2665 ns/op
OverheadActual  15: 32768 op, 41400.00 ns, 1.2634 ns/op

WorkloadWarmup   1: 32768 op, 995271400.00 ns, 30.3733 us/op
WorkloadWarmup   2: 32768 op, 967684300.00 ns, 29.5314 us/op
WorkloadWarmup   3: 32768 op, 942038800.00 ns, 28.7487 us/op

// BeforeActualRun
WorkloadActual   1: 32768 op, 933398000.00 ns, 28.4850 us/op
WorkloadActual   2: 32768 op, 952297100.00 ns, 29.0618 us/op
WorkloadActual   3: 32768 op, 971313500.00 ns, 29.6421 us/op
WorkloadActual   4: 32768 op, 942474200.00 ns, 28.7620 us/op
WorkloadActual   5: 32768 op, 967786800.00 ns, 29.5345 us/op

// AfterActualRun
WorkloadResult   1: 32768 op, 933356500.00 ns, 28.4838 us/op
WorkloadResult   2: 32768 op, 952255600.00 ns, 29.0605 us/op
WorkloadResult   3: 32768 op, 971272000.00 ns, 29.6409 us/op
WorkloadResult   4: 32768 op, 942432700.00 ns, 28.7608 us/op
WorkloadResult   5: 32768 op, 967745300.00 ns, 29.5332 us/op
// GC:  479 447 447 7080045240 32768
// Threading:  0 0 32768

// AfterAll
// Benchmark Process 14568 has exited with code 0.
// Launch: 10 / 10
// Execute: dotnet Heddle.Benchmarks.Dotnet-ShortRun-1.dll --anonymousPipes 3516 2260 --benchmarkName "Heddle.Benchmarks.Dotnet.Bench.TechniqueRuntimeBenchmarks.String(Workload: \"composed-page\")" --job ShortRun --benchmarkId 0 in E:\Work\Heddle\benchmarks\dotnet\bin\Release\net10.0\Heddle.Benchmarks.Dotnet-ShortRun-1\bin\Release\net10.0
// BeforeAnythingElse

// Benchmark Process Environment Information:
// BenchmarkDotNet v0.15.8
// Runtime=.NET 10.0.12 (10.0.12, 10.0.1226.42308), X64 RyuJIT x86-64-v4
// GC=Concurrent Workstation
// HardwareIntrinsics=AVX512 BITALG+VBMI2+VNNI+VPOPCNTDQ,AVX512 IFMA+VBMI,AVX512 F+BW+CD+DQ+VL,AVX2+BMI1+BMI2+F16C+FMA+LZCNT+MOVBE,AVX,SSE3+SSSE3+SSE4.1+SSE4.2+POPCNT,X86Base+SSE+SSE2,AES+PCLMUL,AvxVnni VectorSize=256
// Job: ShortRun(IterationCount=5, LaunchCount=10, WarmupCount=3)

OverheadJitting  1: 1 op, 124200.00 ns, 124.2000 us/op
WorkloadJitting  1: 1 op, 341500.00 ns, 341.5000 us/op

OverheadJitting  2: 16 op, 221300.00 ns, 13.8313 us/op
WorkloadJitting  2: 16 op, 2662100.00 ns, 166.3813 us/op

WorkloadPilot    1: 16 op, 2323200.00 ns, 145.2000 us/op
WorkloadPilot    2: 32 op, 5081600.00 ns, 158.8000 us/op
WorkloadPilot    3: 64 op, 10560800.00 ns, 165.0125 us/op
WorkloadPilot    4: 128 op, 20882900.00 ns, 163.1477 us/op
WorkloadPilot    5: 256 op, 42026700.00 ns, 164.1668 us/op
WorkloadPilot    6: 512 op, 63224100.00 ns, 123.4846 us/op
WorkloadPilot    7: 1024 op, 32617300.00 ns, 31.8528 us/op
WorkloadPilot    8: 2048 op, 64580700.00 ns, 31.5335 us/op
WorkloadPilot    9: 4096 op, 130904300.00 ns, 31.9591 us/op
WorkloadPilot   10: 8192 op, 253970100.00 ns, 31.0022 us/op
WorkloadPilot   11: 16384 op, 500604600.00 ns, 30.5545 us/op

OverheadWarmup   1: 16384 op, 22200.00 ns, 1.3550 ns/op
OverheadWarmup   2: 16384 op, 20900.00 ns, 1.2756 ns/op
OverheadWarmup   3: 16384 op, 20700.00 ns, 1.2634 ns/op
OverheadWarmup   4: 16384 op, 20700.00 ns, 1.2634 ns/op
OverheadWarmup   5: 16384 op, 21100.00 ns, 1.2878 ns/op
OverheadWarmup   6: 16384 op, 21000.00 ns, 1.2817 ns/op
OverheadWarmup   7: 16384 op, 20800.00 ns, 1.2695 ns/op
OverheadWarmup   8: 16384 op, 21300.00 ns, 1.3000 ns/op

OverheadActual   1: 16384 op, 20900.00 ns, 1.2756 ns/op
OverheadActual   2: 16384 op, 20900.00 ns, 1.2756 ns/op
OverheadActual   3: 16384 op, 20600.00 ns, 1.2573 ns/op
OverheadActual   4: 16384 op, 21000.00 ns, 1.2817 ns/op
OverheadActual   5: 16384 op, 21000.00 ns, 1.2817 ns/op
OverheadActual   6: 16384 op, 20800.00 ns, 1.2695 ns/op
OverheadActual   7: 16384 op, 20900.00 ns, 1.2756 ns/op
OverheadActual   8: 16384 op, 20600.00 ns, 1.2573 ns/op
OverheadActual   9: 16384 op, 24200.00 ns, 1.4771 ns/op
OverheadActual  10: 16384 op, 20500.00 ns, 1.2512 ns/op
OverheadActual  11: 16384 op, 20500.00 ns, 1.2512 ns/op
OverheadActual  12: 16384 op, 20400.00 ns, 1.2451 ns/op
OverheadActual  13: 16384 op, 21000.00 ns, 1.2817 ns/op
OverheadActual  14: 16384 op, 20600.00 ns, 1.2573 ns/op
OverheadActual  15: 16384 op, 34700.00 ns, 2.1179 ns/op

WorkloadWarmup   1: 16384 op, 501152300.00 ns, 30.5879 us/op
WorkloadWarmup   2: 16384 op, 495939000.00 ns, 30.2697 us/op
WorkloadWarmup   3: 16384 op, 495295800.00 ns, 30.2305 us/op

// BeforeActualRun
WorkloadActual   1: 16384 op, 496617000.00 ns, 30.3111 us/op
WorkloadActual   2: 16384 op, 509636000.00 ns, 31.1057 us/op
WorkloadActual   3: 16384 op, 504819200.00 ns, 30.8117 us/op
WorkloadActual   4: 16384 op, 487732400.00 ns, 29.7688 us/op
WorkloadActual   5: 16384 op, 486712700.00 ns, 29.7066 us/op

// AfterActualRun
WorkloadResult   1: 16384 op, 496596100.00 ns, 30.3098 us/op
WorkloadResult   2: 16384 op, 509615100.00 ns, 31.1044 us/op
WorkloadResult   3: 16384 op, 504798300.00 ns, 30.8104 us/op
WorkloadResult   4: 16384 op, 487711500.00 ns, 29.7675 us/op
WorkloadResult   5: 16384 op, 486691800.00 ns, 29.7053 us/op
// GC:  245 229 229 3540095832 16384
// Threading:  0 0 16384

// AfterAll
// Benchmark Process 3804 has exited with code 0.

Mean = 30.133 μs, StdErr = 0.104 μs (0.34%), N = 49, StdDev = 0.727 μs
Min = 28.484 μs, Q1 = 29.578 μs, Median = 30.476 μs, Q3 = 30.673 μs, Max = 31.167 μs
IQR = 1.095 μs, LowerFence = 27.935 μs, UpperFence = 32.316 μs
ConfidenceInterval = [29.769 μs; 30.496 μs] (CI 99.9%), Margin = 0.364 μs (1.21% of Mean)
Skewness = -0.68, Kurtosis = 2.2, MValue = 2

// ** Remained 3 (75.0%) benchmark(s) to run. Estimated finish 2026-09-16 12:19 (0h 4m from now) **
Setup power plan (GUID: 8c5e7fda-e8bf-4a96-9a85-a6e23a8c635c FriendlyName: High performance)
// **************************
// Benchmark: TechniqueRuntimeBenchmarks.TextWriter: ShortRun(IterationCount=5, LaunchCount=10, WarmupCount=3) [Workload=large-loop]
// *** Execute ***
// Launch: 1 / 10
// Execute: dotnet Heddle.Benchmarks.Dotnet-ShortRun-1.dll --anonymousPipes 2372 3492 --benchmarkName "Heddle.Benchmarks.Dotnet.Bench.TechniqueRuntimeBenchmarks.TextWriter(Workload: \"large-loop\")" --job ShortRun --benchmarkId 1 in E:\Work\Heddle\benchmarks\dotnet\bin\Release\net10.0\Heddle.Benchmarks.Dotnet-ShortRun-1\bin\Release\net10.0
// BeforeAnythingElse

// Benchmark Process Environment Information:
// BenchmarkDotNet v0.15.8
// Runtime=.NET 10.0.12 (10.0.12, 10.0.1226.42308), X64 RyuJIT x86-64-v4
// GC=Concurrent Workstation
// HardwareIntrinsics=AVX512 BITALG+VBMI2+VNNI+VPOPCNTDQ,AVX512 IFMA+VBMI,AVX512 F+BW+CD+DQ+VL,AVX2+BMI1+BMI2+F16C+FMA+LZCNT+MOVBE,AVX,SSE3+SSSE3+SSE4.1+SSE4.2+POPCNT,X86Base+SSE+SSE2,AES+PCLMUL,AvxVnni VectorSize=256
// Job: ShortRun(IterationCount=5, LaunchCount=10, WarmupCount=3)

OverheadJitting  1: 1 op, 129100.00 ns, 129.1000 us/op
WorkloadJitting  1: 1 op, 1056300.00 ns, 1.0563 ms/op

OverheadJitting  2: 16 op, 237500.00 ns, 14.8438 us/op
WorkloadJitting  2: 16 op, 15058500.00 ns, 941.1563 us/op

WorkloadPilot    1: 16 op, 14345500.00 ns, 896.5938 us/op
WorkloadPilot    2: 32 op, 28184700.00 ns, 880.7719 us/op
WorkloadPilot    3: 64 op, 53386800.00 ns, 834.1688 us/op
WorkloadPilot    4: 128 op, 78412800.00 ns, 612.6000 us/op
WorkloadPilot    5: 256 op, 39349200.00 ns, 153.7078 us/op
WorkloadPilot    6: 512 op, 75718400.00 ns, 147.8875 us/op
WorkloadPilot    7: 1024 op, 149481300.00 ns, 145.9778 us/op
WorkloadPilot    8: 2048 op, 299544000.00 ns, 146.2617 us/op
WorkloadPilot    9: 4096 op, 594704600.00 ns, 145.1916 us/op

OverheadWarmup   1: 4096 op, 6700.00 ns, 1.6357 ns/op
OverheadWarmup   2: 4096 op, 5300.00 ns, 1.2939 ns/op
OverheadWarmup   3: 4096 op, 5400.00 ns, 1.3184 ns/op
OverheadWarmup   4: 4096 op, 5300.00 ns, 1.2939 ns/op
OverheadWarmup   5: 4096 op, 5200.00 ns, 1.2695 ns/op
OverheadWarmup   6: 4096 op, 5500.00 ns, 1.3428 ns/op
OverheadWarmup   7: 4096 op, 5300.00 ns, 1.2939 ns/op

OverheadActual   1: 4096 op, 5300.00 ns, 1.2939 ns/op
OverheadActual   2: 4096 op, 5500.00 ns, 1.3428 ns/op
OverheadActual   3: 4096 op, 5300.00 ns, 1.2939 ns/op
OverheadActual   4: 4096 op, 5300.00 ns, 1.2939 ns/op
OverheadActual   5: 4096 op, 5300.00 ns, 1.2939 ns/op
OverheadActual   6: 4096 op, 5300.00 ns, 1.2939 ns/op
OverheadActual   7: 4096 op, 5300.00 ns, 1.2939 ns/op
OverheadActual   8: 4096 op, 5300.00 ns, 1.2939 ns/op
OverheadActual   9: 4096 op, 5300.00 ns, 1.2939 ns/op
OverheadActual  10: 4096 op, 5900.00 ns, 1.4404 ns/op
OverheadActual  11: 4096 op, 5200.00 ns, 1.2695 ns/op
OverheadActual  12: 4096 op, 5200.00 ns, 1.2695 ns/op
OverheadActual  13: 4096 op, 5300.00 ns, 1.2939 ns/op
OverheadActual  14: 4096 op, 5300.00 ns, 1.2939 ns/op
OverheadActual  15: 4096 op, 5300.00 ns, 1.2939 ns/op

WorkloadWarmup   1: 4096 op, 595099600.00 ns, 145.2880 us/op
WorkloadWarmup   2: 4096 op, 592028700.00 ns, 144.5383 us/op
WorkloadWarmup   3: 4096 op, 591091000.00 ns, 144.3093 us/op

// BeforeActualRun
WorkloadActual   1: 4096 op, 594992700.00 ns, 145.2619 us/op
WorkloadActual   2: 4096 op, 593438300.00 ns, 144.8824 us/op
WorkloadActual   3: 4096 op, 596070000.00 ns, 145.5249 us/op
WorkloadActual   4: 4096 op, 595311800.00 ns, 145.3398 us/op
WorkloadActual   5: 4096 op, 595961500.00 ns, 145.4984 us/op

// AfterActualRun
WorkloadResult   1: 4096 op, 594987400.00 ns, 145.2606 us/op
WorkloadResult   2: 4096 op, 593433000.00 ns, 144.8811 us/op
WorkloadResult   3: 4096 op, 596064700.00 ns, 145.5236 us/op
WorkloadResult   4: 4096 op, 595306500.00 ns, 145.3385 us/op
WorkloadResult   5: 4096 op, 595956200.00 ns, 145.4971 us/op
// GC:  161 0 0 2707292160 4096
// Threading:  0 0 4096

// AfterAll
// Benchmark Process 26236 has exited with code 0.
// Launch: 2 / 10
// Execute: dotnet Heddle.Benchmarks.Dotnet-ShortRun-1.dll --anonymousPipes 9248 2080 --benchmarkName "Heddle.Benchmarks.Dotnet.Bench.TechniqueRuntimeBenchmarks.TextWriter(Workload: \"large-loop\")" --job ShortRun --benchmarkId 1 in E:\Work\Heddle\benchmarks\dotnet\bin\Release\net10.0\Heddle.Benchmarks.Dotnet-ShortRun-1\bin\Release\net10.0
// BeforeAnythingElse

// Benchmark Process Environment Information:
// BenchmarkDotNet v0.15.8
// Runtime=.NET 10.0.12 (10.0.12, 10.0.1226.42308), X64 RyuJIT x86-64-v4
// GC=Concurrent Workstation
// HardwareIntrinsics=AVX512 BITALG+VBMI2+VNNI+VPOPCNTDQ,AVX512 IFMA+VBMI,AVX512 F+BW+CD+DQ+VL,AVX2+BMI1+BMI2+F16C+FMA+LZCNT+MOVBE,AVX,SSE3+SSSE3+SSE4.1+SSE4.2+POPCNT,X86Base+SSE+SSE2,AES+PCLMUL,AvxVnni VectorSize=256
// Job: ShortRun(IterationCount=5, LaunchCount=10, WarmupCount=3)

OverheadJitting  1: 1 op, 120000.00 ns, 120.0000 us/op
WorkloadJitting  1: 1 op, 1057900.00 ns, 1.0579 ms/op

OverheadJitting  2: 16 op, 227800.00 ns, 14.2375 us/op
WorkloadJitting  2: 16 op, 15048600.00 ns, 940.5375 us/op

WorkloadPilot    1: 16 op, 14130200.00 ns, 883.1375 us/op
WorkloadPilot    2: 32 op, 28010000.00 ns, 875.3125 us/op
WorkloadPilot    3: 64 op, 52943500.00 ns, 827.2422 us/op
WorkloadPilot    4: 128 op, 75484700.00 ns, 589.7242 us/op
WorkloadPilot    5: 256 op, 39603600.00 ns, 154.7016 us/op
WorkloadPilot    6: 512 op, 75524800.00 ns, 147.5094 us/op
WorkloadPilot    7: 1024 op, 150358400.00 ns, 146.8344 us/op
WorkloadPilot    8: 2048 op, 299955000.00 ns, 146.4624 us/op
WorkloadPilot    9: 4096 op, 598168600.00 ns, 146.0373 us/op

OverheadWarmup   1: 4096 op, 7700.00 ns, 1.8799 ns/op
OverheadWarmup   2: 4096 op, 5300.00 ns, 1.2939 ns/op
OverheadWarmup   3: 4096 op, 5300.00 ns, 1.2939 ns/op
OverheadWarmup   4: 4096 op, 5400.00 ns, 1.3184 ns/op
OverheadWarmup   5: 4096 op, 5500.00 ns, 1.3428 ns/op
OverheadWarmup   6: 4096 op, 5600.00 ns, 1.3672 ns/op
OverheadWarmup   7: 4096 op, 5400.00 ns, 1.3184 ns/op
OverheadWarmup   8: 4096 op, 5300.00 ns, 1.2939 ns/op
OverheadWarmup   9: 4096 op, 5300.00 ns, 1.2939 ns/op

OverheadActual   1: 4096 op, 5300.00 ns, 1.2939 ns/op
OverheadActual   2: 4096 op, 5500.00 ns, 1.3428 ns/op
OverheadActual   3: 4096 op, 5300.00 ns, 1.2939 ns/op
OverheadActual   4: 4096 op, 8800.00 ns, 2.1484 ns/op
OverheadActual   5: 4096 op, 5200.00 ns, 1.2695 ns/op
OverheadActual   6: 4096 op, 5200.00 ns, 1.2695 ns/op
OverheadActual   7: 4096 op, 5200.00 ns, 1.2695 ns/op
OverheadActual   8: 4096 op, 5800.00 ns, 1.4160 ns/op
OverheadActual   9: 4096 op, 5200.00 ns, 1.2695 ns/op
OverheadActual  10: 4096 op, 5200.00 ns, 1.2695 ns/op
OverheadActual  11: 4096 op, 5300.00 ns, 1.2939 ns/op
OverheadActual  12: 4096 op, 5200.00 ns, 1.2695 ns/op
OverheadActual  13: 4096 op, 5200.00 ns, 1.2695 ns/op
OverheadActual  14: 4096 op, 5200.00 ns, 1.2695 ns/op
OverheadActual  15: 4096 op, 5200.00 ns, 1.2695 ns/op

WorkloadWarmup   1: 4096 op, 600047600.00 ns, 146.4960 us/op
WorkloadWarmup   2: 4096 op, 596047900.00 ns, 145.5195 us/op
WorkloadWarmup   3: 4096 op, 595616600.00 ns, 145.4142 us/op

// BeforeActualRun
WorkloadActual   1: 4096 op, 595837700.00 ns, 145.4682 us/op
WorkloadActual   2: 4096 op, 597450100.00 ns, 145.8618 us/op
WorkloadActual   3: 4096 op, 597885800.00 ns, 145.9682 us/op
WorkloadActual   4: 4096 op, 599036900.00 ns, 146.2492 us/op
WorkloadActual   5: 4096 op, 601688800.00 ns, 146.8967 us/op

// AfterActualRun
WorkloadResult   1: 4096 op, 595832500.00 ns, 145.4669 us/op
WorkloadResult   2: 4096 op, 597444900.00 ns, 145.8606 us/op
WorkloadResult   3: 4096 op, 597880600.00 ns, 145.9669 us/op
WorkloadResult   4: 4096 op, 599031700.00 ns, 146.2480 us/op
// GC:  161 0 0 2707292160 4096
// Threading:  0 0 4096

// AfterAll
// Benchmark Process 8856 has exited with code 0.
// Launch: 3 / 10
// Execute: dotnet Heddle.Benchmarks.Dotnet-ShortRun-1.dll --anonymousPipes 1524 2596 --benchmarkName "Heddle.Benchmarks.Dotnet.Bench.TechniqueRuntimeBenchmarks.TextWriter(Workload: \"large-loop\")" --job ShortRun --benchmarkId 1 in E:\Work\Heddle\benchmarks\dotnet\bin\Release\net10.0\Heddle.Benchmarks.Dotnet-ShortRun-1\bin\Release\net10.0
// BeforeAnythingElse

// Benchmark Process Environment Information:
// BenchmarkDotNet v0.15.8
// Runtime=.NET 10.0.12 (10.0.12, 10.0.1226.42308), X64 RyuJIT x86-64-v4
// GC=Concurrent Workstation
// HardwareIntrinsics=AVX512 BITALG+VBMI2+VNNI+VPOPCNTDQ,AVX512 IFMA+VBMI,AVX512 F+BW+CD+DQ+VL,AVX2+BMI1+BMI2+F16C+FMA+LZCNT+MOVBE,AVX,SSE3+SSSE3+SSE4.1+SSE4.2+POPCNT,X86Base+SSE+SSE2,AES+PCLMUL,AvxVnni VectorSize=256
// Job: ShortRun(IterationCount=5, LaunchCount=10, WarmupCount=3)

OverheadJitting  1: 1 op, 127000.00 ns, 127.0000 us/op
WorkloadJitting  1: 1 op, 1081100.00 ns, 1.0811 ms/op

OverheadJitting  2: 16 op, 226500.00 ns, 14.1563 us/op
WorkloadJitting  2: 16 op, 14945200.00 ns, 934.0750 us/op

WorkloadPilot    1: 16 op, 14276500.00 ns, 892.2813 us/op
WorkloadPilot    2: 32 op, 28486600.00 ns, 890.2063 us/op
WorkloadPilot    3: 64 op, 53614500.00 ns, 837.7266 us/op
WorkloadPilot    4: 128 op, 74677300.00 ns, 583.4164 us/op
WorkloadPilot    5: 256 op, 39666300.00 ns, 154.9465 us/op
WorkloadPilot    6: 512 op, 75016000.00 ns, 146.5156 us/op
WorkloadPilot    7: 1024 op, 149579300.00 ns, 146.0735 us/op
WorkloadPilot    8: 2048 op, 298553600.00 ns, 145.7781 us/op
WorkloadPilot    9: 4096 op, 597805100.00 ns, 145.9485 us/op

OverheadWarmup   1: 4096 op, 7400.00 ns, 1.8066 ns/op
OverheadWarmup   2: 4096 op, 5200.00 ns, 1.2695 ns/op
OverheadWarmup   3: 4096 op, 5200.00 ns, 1.2695 ns/op
OverheadWarmup   4: 4096 op, 5300.00 ns, 1.2939 ns/op
OverheadWarmup   5: 4096 op, 5200.00 ns, 1.2695 ns/op
OverheadWarmup   6: 4096 op, 5300.00 ns, 1.2939 ns/op

OverheadActual   1: 4096 op, 5500.00 ns, 1.3428 ns/op
OverheadActual   2: 4096 op, 5200.00 ns, 1.2695 ns/op
OverheadActual   3: 4096 op, 11000.00 ns, 2.6855 ns/op
OverheadActual   4: 4096 op, 5400.00 ns, 1.3184 ns/op
OverheadActual   5: 4096 op, 5500.00 ns, 1.3428 ns/op
OverheadActual   6: 4096 op, 5200.00 ns, 1.2695 ns/op
OverheadActual   7: 4096 op, 5300.00 ns, 1.2939 ns/op
OverheadActual   8: 4096 op, 5200.00 ns, 1.2695 ns/op
OverheadActual   9: 4096 op, 5400.00 ns, 1.3184 ns/op
OverheadActual  10: 4096 op, 5300.00 ns, 1.2939 ns/op
OverheadActual  11: 4096 op, 6000.00 ns, 1.4648 ns/op
OverheadActual  12: 4096 op, 5300.00 ns, 1.2939 ns/op
OverheadActual  13: 4096 op, 5500.00 ns, 1.3428 ns/op
OverheadActual  14: 4096 op, 5200.00 ns, 1.2695 ns/op
OverheadActual  15: 4096 op, 5500.00 ns, 1.3428 ns/op

WorkloadWarmup   1: 4096 op, 596556900.00 ns, 145.6438 us/op
WorkloadWarmup   2: 4096 op, 591533300.00 ns, 144.4173 us/op
WorkloadWarmup   3: 4096 op, 592344700.00 ns, 144.6154 us/op

// BeforeActualRun
WorkloadActual   1: 4096 op, 593277300.00 ns, 144.8431 us/op
WorkloadActual   2: 4096 op, 594988000.00 ns, 145.2607 us/op
WorkloadActual   3: 4096 op, 596753800.00 ns, 145.6918 us/op
WorkloadActual   4: 4096 op, 594996600.00 ns, 145.2628 us/op
WorkloadActual   5: 4096 op, 595627500.00 ns, 145.4169 us/op

// AfterActualRun
WorkloadResult   1: 4096 op, 593271900.00 ns, 144.8418 us/op
WorkloadResult   2: 4096 op, 594982600.00 ns, 145.2594 us/op
WorkloadResult   3: 4096 op, 594991200.00 ns, 145.2615 us/op
WorkloadResult   4: 4096 op, 595622100.00 ns, 145.4156 us/op
// GC:  161 0 0 2707292160 4096
// Threading:  0 0 4096

// AfterAll
// Benchmark Process 22228 has exited with code 0.
// Launch: 4 / 10
// Execute: dotnet Heddle.Benchmarks.Dotnet-ShortRun-1.dll --anonymousPipes 3396 2312 --benchmarkName "Heddle.Benchmarks.Dotnet.Bench.TechniqueRuntimeBenchmarks.TextWriter(Workload: \"large-loop\")" --job ShortRun --benchmarkId 1 in E:\Work\Heddle\benchmarks\dotnet\bin\Release\net10.0\Heddle.Benchmarks.Dotnet-ShortRun-1\bin\Release\net10.0
// BeforeAnythingElse

// Benchmark Process Environment Information:
// BenchmarkDotNet v0.15.8
// Runtime=.NET 10.0.12 (10.0.12, 10.0.1226.42308), X64 RyuJIT x86-64-v4
// GC=Concurrent Workstation
// HardwareIntrinsics=AVX512 BITALG+VBMI2+VNNI+VPOPCNTDQ,AVX512 IFMA+VBMI,AVX512 F+BW+CD+DQ+VL,AVX2+BMI1+BMI2+F16C+FMA+LZCNT+MOVBE,AVX,SSE3+SSSE3+SSE4.1+SSE4.2+POPCNT,X86Base+SSE+SSE2,AES+PCLMUL,AvxVnni VectorSize=256
// Job: ShortRun(IterationCount=5, LaunchCount=10, WarmupCount=3)

OverheadJitting  1: 1 op, 122700.00 ns, 122.7000 us/op
WorkloadJitting  1: 1 op, 1040800.00 ns, 1.0408 ms/op

OverheadJitting  2: 16 op, 236700.00 ns, 14.7938 us/op
WorkloadJitting  2: 16 op, 14996600.00 ns, 937.2875 us/op

WorkloadPilot    1: 16 op, 14258000.00 ns, 891.1250 us/op
WorkloadPilot    2: 32 op, 28454300.00 ns, 889.1969 us/op
WorkloadPilot    3: 64 op, 53891500.00 ns, 842.0547 us/op
WorkloadPilot    4: 128 op, 74991400.00 ns, 585.8703 us/op
WorkloadPilot    5: 256 op, 40082800.00 ns, 156.5734 us/op
WorkloadPilot    6: 512 op, 75116500.00 ns, 146.7119 us/op
WorkloadPilot    7: 1024 op, 150235800.00 ns, 146.7146 us/op
WorkloadPilot    8: 2048 op, 299861100.00 ns, 146.4166 us/op
WorkloadPilot    9: 4096 op, 602804300.00 ns, 147.1690 us/op

OverheadWarmup   1: 4096 op, 6800.00 ns, 1.6602 ns/op
OverheadWarmup   2: 4096 op, 5400.00 ns, 1.3184 ns/op
OverheadWarmup   3: 4096 op, 5400.00 ns, 1.3184 ns/op
OverheadWarmup   4: 4096 op, 5500.00 ns, 1.3428 ns/op
OverheadWarmup   5: 4096 op, 5400.00 ns, 1.3184 ns/op
OverheadWarmup   6: 4096 op, 5300.00 ns, 1.2939 ns/op
OverheadWarmup   7: 4096 op, 5300.00 ns, 1.2939 ns/op

OverheadActual   1: 4096 op, 5600.00 ns, 1.3672 ns/op
OverheadActual   2: 4096 op, 5200.00 ns, 1.2695 ns/op
OverheadActual   3: 4096 op, 5200.00 ns, 1.2695 ns/op
OverheadActual   4: 4096 op, 5200.00 ns, 1.2695 ns/op
OverheadActual   5: 4096 op, 5500.00 ns, 1.3428 ns/op
OverheadActual   6: 4096 op, 5300.00 ns, 1.2939 ns/op
OverheadActual   7: 4096 op, 5300.00 ns, 1.2939 ns/op
OverheadActual   8: 4096 op, 5200.00 ns, 1.2695 ns/op
OverheadActual   9: 4096 op, 5300.00 ns, 1.2939 ns/op
OverheadActual  10: 4096 op, 5600.00 ns, 1.3672 ns/op
OverheadActual  11: 4096 op, 5600.00 ns, 1.3672 ns/op
OverheadActual  12: 4096 op, 5500.00 ns, 1.3428 ns/op
OverheadActual  13: 4096 op, 5400.00 ns, 1.3184 ns/op
OverheadActual  14: 4096 op, 5200.00 ns, 1.2695 ns/op
OverheadActual  15: 4096 op, 5600.00 ns, 1.3672 ns/op

WorkloadWarmup   1: 4096 op, 597934100.00 ns, 145.9800 us/op
WorkloadWarmup   2: 4096 op, 594818300.00 ns, 145.2193 us/op
WorkloadWarmup   3: 4096 op, 593792000.00 ns, 144.9688 us/op

// BeforeActualRun
WorkloadActual   1: 4096 op, 596223500.00 ns, 145.5624 us/op
WorkloadActual   2: 4096 op, 597681900.00 ns, 145.9184 us/op
WorkloadActual   3: 4096 op, 599343900.00 ns, 146.3242 us/op
WorkloadActual   4: 4096 op, 599802200.00 ns, 146.4361 us/op
WorkloadActual   5: 4096 op, 598431400.00 ns, 146.1014 us/op

// AfterActualRun
WorkloadResult   1: 4096 op, 596218200.00 ns, 145.5611 us/op
WorkloadResult   2: 4096 op, 597676600.00 ns, 145.9171 us/op
WorkloadResult   3: 4096 op, 599338600.00 ns, 146.3229 us/op
WorkloadResult   4: 4096 op, 599796900.00 ns, 146.4348 us/op
WorkloadResult   5: 4096 op, 598426100.00 ns, 146.1001 us/op
// GC:  161 0 0 2707292160 4096
// Threading:  0 0 4096

// AfterAll
// Benchmark Process 23076 has exited with code 0.
// Launch: 5 / 10
// Execute: dotnet Heddle.Benchmarks.Dotnet-ShortRun-1.dll --anonymousPipes 1524 8788 --benchmarkName "Heddle.Benchmarks.Dotnet.Bench.TechniqueRuntimeBenchmarks.TextWriter(Workload: \"large-loop\")" --job ShortRun --benchmarkId 1 in E:\Work\Heddle\benchmarks\dotnet\bin\Release\net10.0\Heddle.Benchmarks.Dotnet-ShortRun-1\bin\Release\net10.0
// BeforeAnythingElse

// Benchmark Process Environment Information:
// BenchmarkDotNet v0.15.8
// Runtime=.NET 10.0.12 (10.0.12, 10.0.1226.42308), X64 RyuJIT x86-64-v4
// GC=Concurrent Workstation
// HardwareIntrinsics=AVX512 BITALG+VBMI2+VNNI+VPOPCNTDQ,AVX512 IFMA+VBMI,AVX512 F+BW+CD+DQ+VL,AVX2+BMI1+BMI2+F16C+FMA+LZCNT+MOVBE,AVX,SSE3+SSSE3+SSE4.1+SSE4.2+POPCNT,X86Base+SSE+SSE2,AES+PCLMUL,AvxVnni VectorSize=256
// Job: ShortRun(IterationCount=5, LaunchCount=10, WarmupCount=3)

OverheadJitting  1: 1 op, 126100.00 ns, 126.1000 us/op
WorkloadJitting  1: 1 op, 1102900.00 ns, 1.1029 ms/op

OverheadJitting  2: 16 op, 223500.00 ns, 13.9688 us/op
WorkloadJitting  2: 16 op, 15258500.00 ns, 953.6563 us/op

WorkloadPilot    1: 16 op, 14007200.00 ns, 875.4500 us/op
WorkloadPilot    2: 32 op, 27797600.00 ns, 868.6750 us/op
WorkloadPilot    3: 64 op, 53529400.00 ns, 836.3969 us/op
WorkloadPilot    4: 128 op, 74703700.00 ns, 583.6227 us/op
WorkloadPilot    5: 256 op, 40423800.00 ns, 157.9055 us/op
WorkloadPilot    6: 512 op, 75513000.00 ns, 147.4863 us/op
WorkloadPilot    7: 1024 op, 150118900.00 ns, 146.6005 us/op
WorkloadPilot    8: 2048 op, 299720900.00 ns, 146.3481 us/op
WorkloadPilot    9: 4096 op, 599438700.00 ns, 146.3473 us/op

OverheadWarmup   1: 4096 op, 7100.00 ns, 1.7334 ns/op
OverheadWarmup   2: 4096 op, 5300.00 ns, 1.2939 ns/op
OverheadWarmup   3: 4096 op, 5300.00 ns, 1.2939 ns/op
OverheadWarmup   4: 4096 op, 5400.00 ns, 1.3184 ns/op
OverheadWarmup   5: 4096 op, 5200.00 ns, 1.2695 ns/op
OverheadWarmup   6: 4096 op, 5300.00 ns, 1.2939 ns/op

OverheadActual   1: 4096 op, 5500.00 ns, 1.3428 ns/op
OverheadActual   2: 4096 op, 5600.00 ns, 1.3672 ns/op
OverheadActual   3: 4096 op, 5600.00 ns, 1.3672 ns/op
OverheadActual   4: 4096 op, 5500.00 ns, 1.3428 ns/op
OverheadActual   5: 4096 op, 5600.00 ns, 1.3672 ns/op
OverheadActual   6: 4096 op, 5300.00 ns, 1.2939 ns/op
OverheadActual   7: 4096 op, 5300.00 ns, 1.2939 ns/op
OverheadActual   8: 4096 op, 5300.00 ns, 1.2939 ns/op
OverheadActual   9: 4096 op, 5300.00 ns, 1.2939 ns/op
OverheadActual  10: 4096 op, 5200.00 ns, 1.2695 ns/op
OverheadActual  11: 4096 op, 6100.00 ns, 1.4893 ns/op
OverheadActual  12: 4096 op, 5300.00 ns, 1.2939 ns/op
OverheadActual  13: 4096 op, 5300.00 ns, 1.2939 ns/op
OverheadActual  14: 4096 op, 5500.00 ns, 1.3428 ns/op
OverheadActual  15: 4096 op, 5300.00 ns, 1.2939 ns/op

WorkloadWarmup   1: 4096 op, 598149200.00 ns, 146.0325 us/op
WorkloadWarmup   2: 4096 op, 594737300.00 ns, 145.1995 us/op
WorkloadWarmup   3: 4096 op, 594058100.00 ns, 145.0337 us/op

// BeforeActualRun
WorkloadActual   1: 4096 op, 597806700.00 ns, 145.9489 us/op
WorkloadActual   2: 4096 op, 600208300.00 ns, 146.5352 us/op
WorkloadActual   3: 4096 op, 598421100.00 ns, 146.0989 us/op
WorkloadActual   4: 4096 op, 598339700.00 ns, 146.0790 us/op
WorkloadActual   5: 4096 op, 598133700.00 ns, 146.0287 us/op

// AfterActualRun
WorkloadResult   1: 4096 op, 597801400.00 ns, 145.9476 us/op
WorkloadResult   2: 4096 op, 598415800.00 ns, 146.0976 us/op
WorkloadResult   3: 4096 op, 598334400.00 ns, 146.0777 us/op
WorkloadResult   4: 4096 op, 598128400.00 ns, 146.0274 us/op
// GC:  161 0 0 2707292160 4096
// Threading:  0 0 4096

// AfterAll
// Benchmark Process 27652 has exited with code 0.
// Launch: 6 / 10
// Execute: dotnet Heddle.Benchmarks.Dotnet-ShortRun-1.dll --anonymousPipes 4380 4404 --benchmarkName "Heddle.Benchmarks.Dotnet.Bench.TechniqueRuntimeBenchmarks.TextWriter(Workload: \"large-loop\")" --job ShortRun --benchmarkId 1 in E:\Work\Heddle\benchmarks\dotnet\bin\Release\net10.0\Heddle.Benchmarks.Dotnet-ShortRun-1\bin\Release\net10.0
// BeforeAnythingElse

// Benchmark Process Environment Information:
// BenchmarkDotNet v0.15.8
// Runtime=.NET 10.0.12 (10.0.12, 10.0.1226.42308), X64 RyuJIT x86-64-v4
// GC=Concurrent Workstation
// HardwareIntrinsics=AVX512 BITALG+VBMI2+VNNI+VPOPCNTDQ,AVX512 IFMA+VBMI,AVX512 F+BW+CD+DQ+VL,AVX2+BMI1+BMI2+F16C+FMA+LZCNT+MOVBE,AVX,SSE3+SSSE3+SSE4.1+SSE4.2+POPCNT,X86Base+SSE+SSE2,AES+PCLMUL,AvxVnni VectorSize=256
// Job: ShortRun(IterationCount=5, LaunchCount=10, WarmupCount=3)

OverheadJitting  1: 1 op, 120100.00 ns, 120.1000 us/op
WorkloadJitting  1: 1 op, 1096800.00 ns, 1.0968 ms/op

OverheadJitting  2: 16 op, 224600.00 ns, 14.0375 us/op
WorkloadJitting  2: 16 op, 15215100.00 ns, 950.9438 us/op

WorkloadPilot    1: 16 op, 14218800.00 ns, 888.6750 us/op
WorkloadPilot    2: 32 op, 28187300.00 ns, 880.8531 us/op
WorkloadPilot    3: 64 op, 53583600.00 ns, 837.2438 us/op
WorkloadPilot    4: 128 op, 75693500.00 ns, 591.3555 us/op
WorkloadPilot    5: 256 op, 40390600.00 ns, 157.7758 us/op
WorkloadPilot    6: 512 op, 76414800.00 ns, 149.2477 us/op
WorkloadPilot    7: 1024 op, 152650300.00 ns, 149.0726 us/op
WorkloadPilot    8: 2048 op, 304501700.00 ns, 148.6825 us/op
WorkloadPilot    9: 4096 op, 611921900.00 ns, 149.3950 us/op

OverheadWarmup   1: 4096 op, 7000.00 ns, 1.7090 ns/op
OverheadWarmup   2: 4096 op, 5300.00 ns, 1.2939 ns/op
OverheadWarmup   3: 4096 op, 5300.00 ns, 1.2939 ns/op
OverheadWarmup   4: 4096 op, 5500.00 ns, 1.3428 ns/op
OverheadWarmup   5: 4096 op, 5300.00 ns, 1.2939 ns/op
OverheadWarmup   6: 4096 op, 11000.00 ns, 2.6855 ns/op

OverheadActual   1: 4096 op, 5600.00 ns, 1.3672 ns/op
OverheadActual   2: 4096 op, 5500.00 ns, 1.3428 ns/op
OverheadActual   3: 4096 op, 5200.00 ns, 1.2695 ns/op
OverheadActual   4: 4096 op, 5300.00 ns, 1.2939 ns/op
OverheadActual   5: 4096 op, 5200.00 ns, 1.2695 ns/op
OverheadActual   6: 4096 op, 5200.00 ns, 1.2695 ns/op
OverheadActual   7: 4096 op, 5300.00 ns, 1.2939 ns/op
OverheadActual   8: 4096 op, 5600.00 ns, 1.3672 ns/op
OverheadActual   9: 4096 op, 5500.00 ns, 1.3428 ns/op
OverheadActual  10: 4096 op, 5400.00 ns, 1.3184 ns/op
OverheadActual  11: 4096 op, 5600.00 ns, 1.3672 ns/op
OverheadActual  12: 4096 op, 5200.00 ns, 1.2695 ns/op
OverheadActual  13: 4096 op, 5500.00 ns, 1.3428 ns/op
OverheadActual  14: 4096 op, 5400.00 ns, 1.3184 ns/op
OverheadActual  15: 4096 op, 5500.00 ns, 1.3428 ns/op

WorkloadWarmup   1: 4096 op, 612680400.00 ns, 149.5802 us/op
WorkloadWarmup   2: 4096 op, 609299100.00 ns, 148.7547 us/op
WorkloadWarmup   3: 4096 op, 607976400.00 ns, 148.4317 us/op

// BeforeActualRun
WorkloadActual   1: 4096 op, 606394600.00 ns, 148.0456 us/op
WorkloadActual   2: 4096 op, 610975400.00 ns, 149.1639 us/op
WorkloadActual   3: 4096 op, 610421900.00 ns, 149.0288 us/op
WorkloadActual   4: 4096 op, 610867300.00 ns, 149.1375 us/op
WorkloadActual   5: 4096 op, 608706800.00 ns, 148.6101 us/op

// AfterActualRun
WorkloadResult   1: 4096 op, 606389200.00 ns, 148.0442 us/op
WorkloadResult   2: 4096 op, 610970000.00 ns, 149.1626 us/op
WorkloadResult   3: 4096 op, 610416500.00 ns, 149.0275 us/op
WorkloadResult   4: 4096 op, 610861900.00 ns, 149.1362 us/op
WorkloadResult   5: 4096 op, 608701400.00 ns, 148.6087 us/op
// GC:  161 0 0 2707292160 4096
// Threading:  0 0 4096

// AfterAll
// Benchmark Process 26440 has exited with code 0.
// Launch: 7 / 10
// Execute: dotnet Heddle.Benchmarks.Dotnet-ShortRun-1.dll --anonymousPipes 4300 3784 --benchmarkName "Heddle.Benchmarks.Dotnet.Bench.TechniqueRuntimeBenchmarks.TextWriter(Workload: \"large-loop\")" --job ShortRun --benchmarkId 1 in E:\Work\Heddle\benchmarks\dotnet\bin\Release\net10.0\Heddle.Benchmarks.Dotnet-ShortRun-1\bin\Release\net10.0
// BeforeAnythingElse

// Benchmark Process Environment Information:
// BenchmarkDotNet v0.15.8
// Runtime=.NET 10.0.12 (10.0.12, 10.0.1226.42308), X64 RyuJIT x86-64-v4
// GC=Concurrent Workstation
// HardwareIntrinsics=AVX512 BITALG+VBMI2+VNNI+VPOPCNTDQ,AVX512 IFMA+VBMI,AVX512 F+BW+CD+DQ+VL,AVX2+BMI1+BMI2+F16C+FMA+LZCNT+MOVBE,AVX,SSE3+SSSE3+SSE4.1+SSE4.2+POPCNT,X86Base+SSE+SSE2,AES+PCLMUL,AvxVnni VectorSize=256
// Job: ShortRun(IterationCount=5, LaunchCount=10, WarmupCount=3)

OverheadJitting  1: 1 op, 121100.00 ns, 121.1000 us/op
WorkloadJitting  1: 1 op, 1050200.00 ns, 1.0502 ms/op

OverheadJitting  2: 16 op, 223800.00 ns, 13.9875 us/op
WorkloadJitting  2: 16 op, 15432400.00 ns, 964.5250 us/op

WorkloadPilot    1: 16 op, 14173700.00 ns, 885.8563 us/op
WorkloadPilot    2: 32 op, 28288000.00 ns, 884.0000 us/op
WorkloadPilot    3: 64 op, 53628500.00 ns, 837.9453 us/op
WorkloadPilot    4: 128 op, 76358800.00 ns, 596.5531 us/op
WorkloadPilot    5: 256 op, 39710000.00 ns, 155.1172 us/op
WorkloadPilot    6: 512 op, 74630300.00 ns, 145.7623 us/op
WorkloadPilot    7: 1024 op, 150231100.00 ns, 146.7101 us/op
WorkloadPilot    8: 2048 op, 299795700.00 ns, 146.3846 us/op
WorkloadPilot    9: 4096 op, 600317500.00 ns, 146.5619 us/op

OverheadWarmup   1: 4096 op, 7500.00 ns, 1.8311 ns/op
OverheadWarmup   2: 4096 op, 5500.00 ns, 1.3428 ns/op
OverheadWarmup   3: 4096 op, 5200.00 ns, 1.2695 ns/op
OverheadWarmup   4: 4096 op, 5300.00 ns, 1.2939 ns/op
OverheadWarmup   5: 4096 op, 5200.00 ns, 1.2695 ns/op
OverheadWarmup   6: 4096 op, 5300.00 ns, 1.2939 ns/op
OverheadWarmup   7: 4096 op, 5300.00 ns, 1.2939 ns/op

OverheadActual   1: 4096 op, 5500.00 ns, 1.3428 ns/op
OverheadActual   2: 4096 op, 5200.00 ns, 1.2695 ns/op
OverheadActual   3: 4096 op, 5200.00 ns, 1.2695 ns/op
OverheadActual   4: 4096 op, 5200.00 ns, 1.2695 ns/op
OverheadActual   5: 4096 op, 5200.00 ns, 1.2695 ns/op
OverheadActual   6: 4096 op, 5200.00 ns, 1.2695 ns/op
OverheadActual   7: 4096 op, 5200.00 ns, 1.2695 ns/op
OverheadActual   8: 4096 op, 5300.00 ns, 1.2939 ns/op
OverheadActual   9: 4096 op, 5500.00 ns, 1.3428 ns/op
OverheadActual  10: 4096 op, 5800.00 ns, 1.4160 ns/op
OverheadActual  11: 4096 op, 5300.00 ns, 1.2939 ns/op
OverheadActual  12: 4096 op, 5200.00 ns, 1.2695 ns/op
OverheadActual  13: 4096 op, 5200.00 ns, 1.2695 ns/op
OverheadActual  14: 4096 op, 5500.00 ns, 1.3428 ns/op
OverheadActual  15: 4096 op, 5300.00 ns, 1.2939 ns/op

WorkloadWarmup   1: 4096 op, 596979600.00 ns, 145.7470 us/op
WorkloadWarmup   2: 4096 op, 594635700.00 ns, 145.1747 us/op
WorkloadWarmup   3: 4096 op, 594452300.00 ns, 145.1300 us/op

// BeforeActualRun
WorkloadActual   1: 4096 op, 595104200.00 ns, 145.2891 us/op
WorkloadActual   2: 4096 op, 597368000.00 ns, 145.8418 us/op
WorkloadActual   3: 4096 op, 597843700.00 ns, 145.9579 us/op
WorkloadActual   4: 4096 op, 598387900.00 ns, 146.0908 us/op
WorkloadActual   5: 4096 op, 597265700.00 ns, 145.8168 us/op

// AfterActualRun
WorkloadResult   1: 4096 op, 595099000.00 ns, 145.2878 us/op
WorkloadResult   2: 4096 op, 597362800.00 ns, 145.8405 us/op
WorkloadResult   3: 4096 op, 597838500.00 ns, 145.9567 us/op
WorkloadResult   4: 4096 op, 598382700.00 ns, 146.0895 us/op
WorkloadResult   5: 4096 op, 597260500.00 ns, 145.8156 us/op
// GC:  161 0 0 2707292160 4096
// Threading:  0 0 4096

// AfterAll
// Benchmark Process 8068 has exited with code 0.
// Launch: 8 / 10
// Execute: dotnet Heddle.Benchmarks.Dotnet-ShortRun-1.dll --anonymousPipes 8696 4036 --benchmarkName "Heddle.Benchmarks.Dotnet.Bench.TechniqueRuntimeBenchmarks.TextWriter(Workload: \"large-loop\")" --job ShortRun --benchmarkId 1 in E:\Work\Heddle\benchmarks\dotnet\bin\Release\net10.0\Heddle.Benchmarks.Dotnet-ShortRun-1\bin\Release\net10.0
// BeforeAnythingElse

// Benchmark Process Environment Information:
// BenchmarkDotNet v0.15.8
// Runtime=.NET 10.0.12 (10.0.12, 10.0.1226.42308), X64 RyuJIT x86-64-v4
// GC=Concurrent Workstation
// HardwareIntrinsics=AVX512 BITALG+VBMI2+VNNI+VPOPCNTDQ,AVX512 IFMA+VBMI,AVX512 F+BW+CD+DQ+VL,AVX2+BMI1+BMI2+F16C+FMA+LZCNT+MOVBE,AVX,SSE3+SSSE3+SSE4.1+SSE4.2+POPCNT,X86Base+SSE+SSE2,AES+PCLMUL,AvxVnni VectorSize=256
// Job: ShortRun(IterationCount=5, LaunchCount=10, WarmupCount=3)

OverheadJitting  1: 1 op, 123800.00 ns, 123.8000 us/op
WorkloadJitting  1: 1 op, 1064600.00 ns, 1.0646 ms/op

OverheadJitting  2: 16 op, 218500.00 ns, 13.6563 us/op
WorkloadJitting  2: 16 op, 14930800.00 ns, 933.1750 us/op

WorkloadPilot    1: 16 op, 14108600.00 ns, 881.7875 us/op
WorkloadPilot    2: 32 op, 28071700.00 ns, 877.2406 us/op
WorkloadPilot    3: 64 op, 53177000.00 ns, 830.8906 us/op
WorkloadPilot    4: 128 op, 75531600.00 ns, 590.0906 us/op
WorkloadPilot    5: 256 op, 39610500.00 ns, 154.7285 us/op
WorkloadPilot    6: 512 op, 75849600.00 ns, 148.1438 us/op
WorkloadPilot    7: 1024 op, 149393400.00 ns, 145.8920 us/op
WorkloadPilot    8: 2048 op, 299980000.00 ns, 146.4746 us/op
WorkloadPilot    9: 4096 op, 598830300.00 ns, 146.1988 us/op

OverheadWarmup   1: 4096 op, 6600.00 ns, 1.6113 ns/op
OverheadWarmup   2: 4096 op, 5200.00 ns, 1.2695 ns/op
OverheadWarmup   3: 4096 op, 5200.00 ns, 1.2695 ns/op
OverheadWarmup   4: 4096 op, 5600.00 ns, 1.3672 ns/op
OverheadWarmup   5: 4096 op, 5200.00 ns, 1.2695 ns/op
OverheadWarmup   6: 4096 op, 5200.00 ns, 1.2695 ns/op

OverheadActual   1: 4096 op, 5500.00 ns, 1.3428 ns/op
OverheadActual   2: 4096 op, 5500.00 ns, 1.3428 ns/op
OverheadActual   3: 4096 op, 5200.00 ns, 1.2695 ns/op
OverheadActual   4: 4096 op, 5300.00 ns, 1.2939 ns/op
OverheadActual   5: 4096 op, 5600.00 ns, 1.3672 ns/op
OverheadActual   6: 4096 op, 5300.00 ns, 1.2939 ns/op
OverheadActual   7: 4096 op, 5600.00 ns, 1.3672 ns/op
OverheadActual   8: 4096 op, 5400.00 ns, 1.3184 ns/op
OverheadActual   9: 4096 op, 5300.00 ns, 1.2939 ns/op
OverheadActual  10: 4096 op, 5200.00 ns, 1.2695 ns/op
OverheadActual  11: 4096 op, 6400.00 ns, 1.5625 ns/op
OverheadActual  12: 4096 op, 5900.00 ns, 1.4404 ns/op
OverheadActual  13: 4096 op, 6000.00 ns, 1.4648 ns/op
OverheadActual  14: 4096 op, 6100.00 ns, 1.4893 ns/op
OverheadActual  15: 4096 op, 5800.00 ns, 1.4160 ns/op
OverheadActual  16: 4096 op, 5900.00 ns, 1.4404 ns/op
OverheadActual  17: 4096 op, 5800.00 ns, 1.4160 ns/op
OverheadActual  18: 4096 op, 5500.00 ns, 1.3428 ns/op
OverheadActual  19: 4096 op, 5400.00 ns, 1.3184 ns/op
OverheadActual  20: 4096 op, 5600.00 ns, 1.3672 ns/op

WorkloadWarmup   1: 4096 op, 597782600.00 ns, 145.9430 us/op
WorkloadWarmup   2: 4096 op, 593365800.00 ns, 144.8647 us/op
WorkloadWarmup   3: 4096 op, 595138000.00 ns, 145.2974 us/op

// BeforeActualRun
WorkloadActual   1: 4096 op, 594657300.00 ns, 145.1800 us/op
WorkloadActual   2: 4096 op, 597867200.00 ns, 145.9637 us/op
WorkloadActual   3: 4096 op, 596972000.00 ns, 145.7451 us/op
WorkloadActual   4: 4096 op, 597624500.00 ns, 145.9044 us/op
WorkloadActual   5: 4096 op, 597721900.00 ns, 145.9282 us/op

// AfterActualRun
WorkloadResult   1: 4096 op, 594651750.00 ns, 145.1786 us/op
WorkloadResult   2: 4096 op, 597861650.00 ns, 145.9623 us/op
WorkloadResult   3: 4096 op, 596966450.00 ns, 145.7438 us/op
WorkloadResult   4: 4096 op, 597618950.00 ns, 145.9031 us/op
WorkloadResult   5: 4096 op, 597716350.00 ns, 145.9268 us/op
// GC:  161 0 0 2707292160 4096
// Threading:  0 0 4096

// AfterAll
// Benchmark Process 25784 has exited with code 0.
// Launch: 9 / 10
// Execute: dotnet Heddle.Benchmarks.Dotnet-ShortRun-1.dll --anonymousPipes 2712 2308 --benchmarkName "Heddle.Benchmarks.Dotnet.Bench.TechniqueRuntimeBenchmarks.TextWriter(Workload: \"large-loop\")" --job ShortRun --benchmarkId 1 in E:\Work\Heddle\benchmarks\dotnet\bin\Release\net10.0\Heddle.Benchmarks.Dotnet-ShortRun-1\bin\Release\net10.0
// BeforeAnythingElse

// Benchmark Process Environment Information:
// BenchmarkDotNet v0.15.8
// Runtime=.NET 10.0.12 (10.0.12, 10.0.1226.42308), X64 RyuJIT x86-64-v4
// GC=Concurrent Workstation
// HardwareIntrinsics=AVX512 BITALG+VBMI2+VNNI+VPOPCNTDQ,AVX512 IFMA+VBMI,AVX512 F+BW+CD+DQ+VL,AVX2+BMI1+BMI2+F16C+FMA+LZCNT+MOVBE,AVX,SSE3+SSSE3+SSE4.1+SSE4.2+POPCNT,X86Base+SSE+SSE2,AES+PCLMUL,AvxVnni VectorSize=256
// Job: ShortRun(IterationCount=5, LaunchCount=10, WarmupCount=3)

OverheadJitting  1: 1 op, 121300.00 ns, 121.3000 us/op
WorkloadJitting  1: 1 op, 1071100.00 ns, 1.0711 ms/op

OverheadJitting  2: 16 op, 223200.00 ns, 13.9500 us/op
WorkloadJitting  2: 16 op, 14939900.00 ns, 933.7438 us/op

WorkloadPilot    1: 16 op, 14559600.00 ns, 909.9750 us/op
WorkloadPilot    2: 32 op, 28085900.00 ns, 877.6844 us/op
WorkloadPilot    3: 64 op, 53503100.00 ns, 835.9859 us/op
WorkloadPilot    4: 128 op, 76587600.00 ns, 598.3406 us/op
WorkloadPilot    5: 256 op, 39742300.00 ns, 155.2434 us/op
WorkloadPilot    6: 512 op, 75101100.00 ns, 146.6818 us/op
WorkloadPilot    7: 1024 op, 149870000.00 ns, 146.3574 us/op
WorkloadPilot    8: 2048 op, 299347300.00 ns, 146.1657 us/op
WorkloadPilot    9: 4096 op, 599907900.00 ns, 146.4619 us/op

OverheadWarmup   1: 4096 op, 7000.00 ns, 1.7090 ns/op
OverheadWarmup   2: 4096 op, 5300.00 ns, 1.2939 ns/op
OverheadWarmup   3: 4096 op, 5600.00 ns, 1.3672 ns/op
OverheadWarmup   4: 4096 op, 5400.00 ns, 1.3184 ns/op
OverheadWarmup   5: 4096 op, 5300.00 ns, 1.2939 ns/op
OverheadWarmup   6: 4096 op, 5200.00 ns, 1.2695 ns/op
OverheadWarmup   7: 4096 op, 5300.00 ns, 1.2939 ns/op
OverheadWarmup   8: 4096 op, 5600.00 ns, 1.3672 ns/op
OverheadWarmup   9: 4096 op, 5300.00 ns, 1.2939 ns/op

OverheadActual   1: 4096 op, 5500.00 ns, 1.3428 ns/op
OverheadActual   2: 4096 op, 5300.00 ns, 1.2939 ns/op
OverheadActual   3: 4096 op, 5600.00 ns, 1.3672 ns/op
OverheadActual   4: 4096 op, 5400.00 ns, 1.3184 ns/op
OverheadActual   5: 4096 op, 5400.00 ns, 1.3184 ns/op
OverheadActual   6: 4096 op, 5400.00 ns, 1.3184 ns/op
OverheadActual   7: 4096 op, 5400.00 ns, 1.3184 ns/op
OverheadActual   8: 4096 op, 6000.00 ns, 1.4648 ns/op
OverheadActual   9: 4096 op, 5500.00 ns, 1.3428 ns/op
OverheadActual  10: 4096 op, 5400.00 ns, 1.3184 ns/op
OverheadActual  11: 4096 op, 5300.00 ns, 1.2939 ns/op
OverheadActual  12: 4096 op, 5200.00 ns, 1.2695 ns/op
OverheadActual  13: 4096 op, 5300.00 ns, 1.2939 ns/op
OverheadActual  14: 4096 op, 5400.00 ns, 1.3184 ns/op
OverheadActual  15: 4096 op, 5300.00 ns, 1.2939 ns/op

WorkloadWarmup   1: 4096 op, 597423500.00 ns, 145.8553 us/op
WorkloadWarmup   2: 4096 op, 595532100.00 ns, 145.3936 us/op
WorkloadWarmup   3: 4096 op, 593568600.00 ns, 144.9142 us/op

// BeforeActualRun
WorkloadActual   1: 4096 op, 593713800.00 ns, 144.9497 us/op
WorkloadActual   2: 4096 op, 599980300.00 ns, 146.4796 us/op
WorkloadActual   3: 4096 op, 596497000.00 ns, 145.6292 us/op
WorkloadActual   4: 4096 op, 596583600.00 ns, 145.6503 us/op
WorkloadActual   5: 4096 op, 596066300.00 ns, 145.5240 us/op

// AfterActualRun
WorkloadResult   1: 4096 op, 593708400.00 ns, 144.9483 us/op
WorkloadResult   2: 4096 op, 596491600.00 ns, 145.6278 us/op
WorkloadResult   3: 4096 op, 596578200.00 ns, 145.6490 us/op
WorkloadResult   4: 4096 op, 596060900.00 ns, 145.5227 us/op
// GC:  161 0 0 2707292160 4096
// Threading:  0 0 4096

// AfterAll
// Benchmark Process 27592 has exited with code 0.
// Launch: 10 / 10
// Execute: dotnet Heddle.Benchmarks.Dotnet-ShortRun-1.dll --anonymousPipes 1612 9240 --benchmarkName "Heddle.Benchmarks.Dotnet.Bench.TechniqueRuntimeBenchmarks.TextWriter(Workload: \"large-loop\")" --job ShortRun --benchmarkId 1 in E:\Work\Heddle\benchmarks\dotnet\bin\Release\net10.0\Heddle.Benchmarks.Dotnet-ShortRun-1\bin\Release\net10.0
// BeforeAnythingElse

// Benchmark Process Environment Information:
// BenchmarkDotNet v0.15.8
// Runtime=.NET 10.0.12 (10.0.12, 10.0.1226.42308), X64 RyuJIT x86-64-v4
// GC=Concurrent Workstation
// HardwareIntrinsics=AVX512 BITALG+VBMI2+VNNI+VPOPCNTDQ,AVX512 IFMA+VBMI,AVX512 F+BW+CD+DQ+VL,AVX2+BMI1+BMI2+F16C+FMA+LZCNT+MOVBE,AVX,SSE3+SSSE3+SSE4.1+SSE4.2+POPCNT,X86Base+SSE+SSE2,AES+PCLMUL,AvxVnni VectorSize=256
// Job: ShortRun(IterationCount=5, LaunchCount=10, WarmupCount=3)

OverheadJitting  1: 1 op, 126200.00 ns, 126.2000 us/op
WorkloadJitting  1: 1 op, 1051200.00 ns, 1.0512 ms/op

OverheadJitting  2: 16 op, 237000.00 ns, 14.8125 us/op
WorkloadJitting  2: 16 op, 15290900.00 ns, 955.6813 us/op

WorkloadPilot    1: 16 op, 14801900.00 ns, 925.1188 us/op
WorkloadPilot    2: 32 op, 30099500.00 ns, 940.6094 us/op
WorkloadPilot    3: 64 op, 55613400.00 ns, 868.9594 us/op
WorkloadPilot    4: 128 op, 63401400.00 ns, 495.3234 us/op
WorkloadPilot    5: 256 op, 39458600.00 ns, 154.1352 us/op
WorkloadPilot    6: 512 op, 74945900.00 ns, 146.3787 us/op
WorkloadPilot    7: 1024 op, 149080500.00 ns, 145.5864 us/op
WorkloadPilot    8: 2048 op, 299594500.00 ns, 146.2864 us/op
WorkloadPilot    9: 4096 op, 595551900.00 ns, 145.3984 us/op

OverheadWarmup   1: 4096 op, 7700.00 ns, 1.8799 ns/op
OverheadWarmup   2: 4096 op, 5200.00 ns, 1.2695 ns/op
OverheadWarmup   3: 4096 op, 5300.00 ns, 1.2939 ns/op
OverheadWarmup   4: 4096 op, 5300.00 ns, 1.2939 ns/op
OverheadWarmup   5: 4096 op, 5300.00 ns, 1.2939 ns/op
OverheadWarmup   6: 4096 op, 5300.00 ns, 1.2939 ns/op

OverheadActual   1: 4096 op, 5500.00 ns, 1.3428 ns/op
OverheadActual   2: 4096 op, 5600.00 ns, 1.3672 ns/op
OverheadActual   3: 4096 op, 5300.00 ns, 1.2939 ns/op
OverheadActual   4: 4096 op, 5300.00 ns, 1.2939 ns/op
OverheadActual   5: 4096 op, 5500.00 ns, 1.3428 ns/op
OverheadActual   6: 4096 op, 5500.00 ns, 1.3428 ns/op
OverheadActual   7: 4096 op, 5300.00 ns, 1.2939 ns/op
OverheadActual   8: 4096 op, 5300.00 ns, 1.2939 ns/op
OverheadActual   9: 4096 op, 5400.00 ns, 1.3184 ns/op
OverheadActual  10: 4096 op, 5300.00 ns, 1.2939 ns/op
OverheadActual  11: 4096 op, 5700.00 ns, 1.3916 ns/op
OverheadActual  12: 4096 op, 5300.00 ns, 1.2939 ns/op
OverheadActual  13: 4096 op, 5300.00 ns, 1.2939 ns/op
OverheadActual  14: 4096 op, 5500.00 ns, 1.3428 ns/op
OverheadActual  15: 4096 op, 5400.00 ns, 1.3184 ns/op

WorkloadWarmup   1: 4096 op, 595453200.00 ns, 145.3743 us/op
WorkloadWarmup   2: 4096 op, 593040100.00 ns, 144.7852 us/op
WorkloadWarmup   3: 4096 op, 591827600.00 ns, 144.4892 us/op

// BeforeActualRun
WorkloadActual   1: 4096 op, 593436800.00 ns, 144.8820 us/op
WorkloadActual   2: 4096 op, 595174400.00 ns, 145.3063 us/op
WorkloadActual   3: 4096 op, 595858400.00 ns, 145.4732 us/op
WorkloadActual   4: 4096 op, 595000900.00 ns, 145.2639 us/op
WorkloadActual   5: 4096 op, 595045200.00 ns, 145.2747 us/op

// AfterActualRun
WorkloadResult   1: 4096 op, 593431400.00 ns, 144.8807 us/op
WorkloadResult   2: 4096 op, 595169000.00 ns, 145.3049 us/op
WorkloadResult   3: 4096 op, 594995500.00 ns, 145.2626 us/op
WorkloadResult   4: 4096 op, 595039800.00 ns, 145.2734 us/op
// GC:  161 0 0 2707292160 4096
// Threading:  0 0 4096

// AfterAll
// Benchmark Process 24536 has exited with code 0.

Mean = 145.988 μs, StdErr = 0.162 μs (0.11%), N = 45, StdDev = 1.088 μs
Min = 144.842 μs, Q1 = 145.305 μs, Median = 145.816 μs, Q3 = 146.078 μs, Max = 149.163 μs
IQR = 0.773 μs, LowerFence = 144.146 μs, UpperFence = 147.237 μs
ConfidenceInterval = [145.416 μs; 146.560 μs] (CI 99.9%), Margin = 0.572 μs (0.39% of Mean)
Skewness = 1.87, Kurtosis = 5.69, MValue = 2

// ** Remained 2 (50.0%) benchmark(s) to run. Estimated finish 2026-09-16 12:19 (0h 2m from now) **
Successfully reverted power plan (GUID: 8c5e7fda-e8bf-4a96-9a85-a6e23a8c635c FriendlyName: High performance)
// ***** BenchmarkRunner: Finish  *****

// * Export *
  BenchmarkDotNet.Artifacts\baseline-cells\results\Heddle.Benchmarks.Dotnet.Bench.TechniqueRuntimeBenchmarks-report.csv
  BenchmarkDotNet.Artifacts\baseline-cells\results\Heddle.Benchmarks.Dotnet.Bench.TechniqueRuntimeBenchmarks-report-github.md
  BenchmarkDotNet.Artifacts\baseline-cells\results\Heddle.Benchmarks.Dotnet.Bench.TechniqueRuntimeBenchmarks-report.html

// * Detailed results *
TechniqueRuntimeBenchmarks.String: ShortRun(IterationCount=5, LaunchCount=10, WarmupCount=3) [Workload=composed-page]
Runtime = .NET 10.0.12 (10.0.12, 10.0.1226.42308), X64 RyuJIT x86-64-v4; GC = Concurrent Workstation
Mean = 30.133 μs, StdErr = 0.104 μs (0.34%), N = 49, StdDev = 0.727 μs
Min = 28.484 μs, Q1 = 29.578 μs, Median = 30.476 μs, Q3 = 30.673 μs, Max = 31.167 μs
IQR = 1.095 μs, LowerFence = 27.935 μs, UpperFence = 32.316 μs
ConfidenceInterval = [29.769 μs; 30.496 μs] (CI 99.9%), Margin = 0.364 μs (1.21% of Mean)
Skewness = -0.68, Kurtosis = 2.2, MValue = 2
-------------------- Histogram --------------------
[28.399 μs ; 29.492 μs) | @@@@@@@@@@@
[29.492 μs ; 30.356 μs) | @@@@@@@@@@@@
[30.356 μs ; 31.427 μs) | @@@@@@@@@@@@@@@@@@@@@@@@@@
---------------------------------------------------

TechniqueRuntimeBenchmarks.TextWriter: ShortRun(IterationCount=5, LaunchCount=10, WarmupCount=3) [Workload=large-loop]
Runtime = .NET 10.0.12 (10.0.12, 10.0.1226.42308), X64 RyuJIT x86-64-v4; GC = Concurrent Workstation
Mean = 145.988 μs, StdErr = 0.162 μs (0.11%), N = 45, StdDev = 1.088 μs
Min = 144.842 μs, Q1 = 145.305 μs, Median = 145.816 μs, Q3 = 146.078 μs, Max = 149.163 μs
IQR = 0.773 μs, LowerFence = 144.146 μs, UpperFence = 147.237 μs
ConfidenceInterval = [145.416 μs; 146.560 μs] (CI 99.9%), Margin = 0.572 μs (0.39% of Mean)
Skewness = 1.87, Kurtosis = 5.69, MValue = 2
-------------------- Histogram --------------------
[144.440 μs ; 149.564 μs) | @@@@@@@@@@@@@@@@@@@@@@@@@@@@@@@@@@@@@@@@@@@@@
---------------------------------------------------

// * Summary *

BenchmarkDotNet v0.15.8, Windows 11 (10.0.26200.9457/25H2/2025Update/HudsonValley2)
AMD Ryzen 9 9950X 4.30GHz, 1 CPU, 32 logical and 16 physical cores
.NET SDK 10.0.401
  [Host]   : .NET 10.0.12 (10.0.12, 10.0.1226.42308), X64 RyuJIT x86-64-v4
  ShortRun : .NET 10.0.12 (10.0.12, 10.0.1226.42308), X64 RyuJIT x86-64-v4

Job=ShortRun  IterationCount=5  LaunchCount=10  
WarmupCount=3  

| Method     | Workload      | Mean      | Error    | StdDev   | Median    | Gen0    | Gen1    | Gen2    | Allocated |
|----------- |-------------- |----------:|---------:|---------:|----------:|--------:|--------:|--------:|----------:|
| String     | composed-page |  30.13 μs | 0.364 μs | 0.727 μs |  30.48 μs | 14.9536 | 13.9771 | 13.9771 | 211.01 KB |
| TextWriter | large-loop    | 145.99 μs | 0.572 μs | 1.088 μs | 145.82 μs | 39.3066 |       - |       - | 645.47 KB |

// * Hints *
Outliers
  TechniqueRuntimeBenchmarks.TextWriter: ShortRun -> 5 outliers were removed (148.05 μs..149.16 μs)

// * Legends *
  Workload  : Value of the 'Workload' parameter
  Mean      : Arithmetic mean of all measurements
  Error     : Half of 99.9% confidence interval
  StdDev    : Standard deviation of all measurements
  Median    : Value separating the higher half of all measurements (50th percentile)
  Gen0      : GC Generation 0 collects per 1000 operations
  Gen1      : GC Generation 1 collects per 1000 operations
  Gen2      : GC Generation 2 collects per 1000 operations
  Allocated : Allocated memory per single operation (managed only, inclusive, 1KB = 1024B)
  1 μs      : 1 Microsecond (0.000001 sec)

// * Diagnostic Output - MemoryDiagnoser *


// ***** BenchmarkRunner: End *****
Run time: 00:02:51 (171.09 sec), executed benchmarks: 2

// Found 1 benchmarks:
//   TechniquePrecompiledBenchmarks.TextWriter: ShortRun(IterationCount=5, LaunchCount=10, WarmupCount=3) [Workload=large-loop]

Setup power plan (GUID: 8c5e7fda-e8bf-4a96-9a85-a6e23a8c635c FriendlyName: High performance)
// **************************
// Benchmark: TechniquePrecompiledBenchmarks.TextWriter: ShortRun(IterationCount=5, LaunchCount=10, WarmupCount=3) [Workload=large-loop]
// *** Execute ***
// Launch: 1 / 10
// Execute: dotnet Heddle.Benchmarks.Dotnet-ShortRun-1.dll --anonymousPipes 9700 9616 --benchmarkName "Heddle.Benchmarks.Dotnet.Bench.TechniquePrecompiledBenchmarks.TextWriter(Workload: \"large-loop\")" --job ShortRun --benchmarkId 2 in E:\Work\Heddle\benchmarks\dotnet\bin\Release\net10.0\Heddle.Benchmarks.Dotnet-ShortRun-1\bin\Release\net10.0
// BeforeAnythingElse

// Benchmark Process Environment Information:
// BenchmarkDotNet v0.15.8
// Runtime=.NET 10.0.12 (10.0.12, 10.0.1226.42308), X64 RyuJIT x86-64-v4
// GC=Concurrent Workstation
// HardwareIntrinsics=AVX512 BITALG+VBMI2+VNNI+VPOPCNTDQ,AVX512 IFMA+VBMI,AVX512 F+BW+CD+DQ+VL,AVX2+BMI1+BMI2+F16C+FMA+LZCNT+MOVBE,AVX,SSE3+SSSE3+SSE4.1+SSE4.2+POPCNT,X86Base+SSE+SSE2,AES+PCLMUL,AvxVnni VectorSize=256
// Job: ShortRun(IterationCount=5, LaunchCount=10, WarmupCount=3)

OverheadJitting  1: 1 op, 137000.00 ns, 137.0000 us/op
WorkloadJitting  1: 1 op, 1062100.00 ns, 1.0621 ms/op

OverheadJitting  2: 16 op, 229600.00 ns, 14.3500 us/op
WorkloadJitting  2: 16 op, 15681300.00 ns, 980.0813 us/op

WorkloadPilot    1: 16 op, 14113100.00 ns, 882.0688 us/op
WorkloadPilot    2: 32 op, 28451600.00 ns, 889.1125 us/op
WorkloadPilot    3: 64 op, 52992300.00 ns, 828.0047 us/op
WorkloadPilot    4: 128 op, 105173500.00 ns, 821.6680 us/op
WorkloadPilot    5: 256 op, 60283000.00 ns, 235.4805 us/op
WorkloadPilot    6: 512 op, 94736600.00 ns, 185.0324 us/op
WorkloadPilot    7: 1024 op, 148870400.00 ns, 145.3813 us/op
WorkloadPilot    8: 2048 op, 306796500.00 ns, 149.8030 us/op
WorkloadPilot    9: 4096 op, 596959000.00 ns, 145.7419 us/op

OverheadWarmup   1: 4096 op, 7200.00 ns, 1.7578 ns/op
OverheadWarmup   2: 4096 op, 5300.00 ns, 1.2939 ns/op
OverheadWarmup   3: 4096 op, 5300.00 ns, 1.2939 ns/op
OverheadWarmup   4: 4096 op, 5500.00 ns, 1.3428 ns/op
OverheadWarmup   5: 4096 op, 5400.00 ns, 1.3184 ns/op
OverheadWarmup   6: 4096 op, 5400.00 ns, 1.3184 ns/op

OverheadActual   1: 4096 op, 5600.00 ns, 1.3672 ns/op
OverheadActual   2: 4096 op, 5300.00 ns, 1.2939 ns/op
OverheadActual   3: 4096 op, 5500.00 ns, 1.3428 ns/op
OverheadActual   4: 4096 op, 5300.00 ns, 1.2939 ns/op
OverheadActual   5: 4096 op, 5400.00 ns, 1.3184 ns/op
OverheadActual   6: 4096 op, 5300.00 ns, 1.2939 ns/op
OverheadActual   7: 4096 op, 5400.00 ns, 1.3184 ns/op
OverheadActual   8: 4096 op, 5200.00 ns, 1.2695 ns/op
OverheadActual   9: 4096 op, 5300.00 ns, 1.2939 ns/op
OverheadActual  10: 4096 op, 5400.00 ns, 1.3184 ns/op
OverheadActual  11: 4096 op, 6200.00 ns, 1.5137 ns/op
OverheadActual  12: 4096 op, 5400.00 ns, 1.3184 ns/op
OverheadActual  13: 4096 op, 5300.00 ns, 1.2939 ns/op
OverheadActual  14: 4096 op, 5500.00 ns, 1.3428 ns/op
OverheadActual  15: 4096 op, 5200.00 ns, 1.2695 ns/op

WorkloadWarmup   1: 4096 op, 594721300.00 ns, 145.1956 us/op
WorkloadWarmup   2: 4096 op, 591325900.00 ns, 144.3667 us/op
WorkloadWarmup   3: 4096 op, 590660600.00 ns, 144.2042 us/op

// BeforeActualRun
WorkloadActual   1: 4096 op, 591684000.00 ns, 144.4541 us/op
WorkloadActual   2: 4096 op, 594918300.00 ns, 145.2437 us/op
WorkloadActual   3: 4096 op, 593765500.00 ns, 144.9623 us/op
WorkloadActual   4: 4096 op, 593200300.00 ns, 144.8243 us/op
WorkloadActual   5: 4096 op, 592851400.00 ns, 144.7391 us/op

// AfterActualRun
WorkloadResult   1: 4096 op, 591678600.00 ns, 144.4528 us/op
WorkloadResult   2: 4096 op, 594912900.00 ns, 145.2424 us/op
WorkloadResult   3: 4096 op, 593760100.00 ns, 144.9610 us/op
WorkloadResult   4: 4096 op, 593194900.00 ns, 144.8230 us/op
WorkloadResult   5: 4096 op, 592846000.00 ns, 144.7378 us/op
// GC:  161 0 0 2706931712 4096
// Threading:  0 0 4096

// AfterAll
// Benchmark Process 25620 has exited with code 0.
// Launch: 2 / 10
// Execute: dotnet Heddle.Benchmarks.Dotnet-ShortRun-1.dll --anonymousPipes 3136 3100 --benchmarkName "Heddle.Benchmarks.Dotnet.Bench.TechniquePrecompiledBenchmarks.TextWriter(Workload: \"large-loop\")" --job ShortRun --benchmarkId 2 in E:\Work\Heddle\benchmarks\dotnet\bin\Release\net10.0\Heddle.Benchmarks.Dotnet-ShortRun-1\bin\Release\net10.0
// BeforeAnythingElse

// Benchmark Process Environment Information:
// BenchmarkDotNet v0.15.8
// Runtime=.NET 10.0.12 (10.0.12, 10.0.1226.42308), X64 RyuJIT x86-64-v4
// GC=Concurrent Workstation
// HardwareIntrinsics=AVX512 BITALG+VBMI2+VNNI+VPOPCNTDQ,AVX512 IFMA+VBMI,AVX512 F+BW+CD+DQ+VL,AVX2+BMI1+BMI2+F16C+FMA+LZCNT+MOVBE,AVX,SSE3+SSSE3+SSE4.1+SSE4.2+POPCNT,X86Base+SSE+SSE2,AES+PCLMUL,AvxVnni VectorSize=256
// Job: ShortRun(IterationCount=5, LaunchCount=10, WarmupCount=3)

OverheadJitting  1: 1 op, 134200.00 ns, 134.2000 us/op
WorkloadJitting  1: 1 op, 1080000.00 ns, 1.0800 ms/op

OverheadJitting  2: 16 op, 227200.00 ns, 14.2000 us/op
WorkloadJitting  2: 16 op, 15816700.00 ns, 988.5438 us/op

WorkloadPilot    1: 16 op, 14309800.00 ns, 894.3625 us/op
WorkloadPilot    2: 32 op, 28763400.00 ns, 898.8563 us/op
WorkloadPilot    3: 64 op, 53047500.00 ns, 828.8672 us/op
WorkloadPilot    4: 128 op, 105626500.00 ns, 825.2070 us/op
WorkloadPilot    5: 256 op, 126848400.00 ns, 495.5016 us/op
WorkloadPilot    6: 512 op, 81150500.00 ns, 158.4971 us/op
WorkloadPilot    7: 1024 op, 148861700.00 ns, 145.3728 us/op
WorkloadPilot    8: 2048 op, 295384100.00 ns, 144.2305 us/op
WorkloadPilot    9: 4096 op, 593941700.00 ns, 145.0053 us/op

OverheadWarmup   1: 4096 op, 7100.00 ns, 1.7334 ns/op
OverheadWarmup   2: 4096 op, 5300.00 ns, 1.2939 ns/op
OverheadWarmup   3: 4096 op, 5300.00 ns, 1.2939 ns/op
OverheadWarmup   4: 4096 op, 5300.00 ns, 1.2939 ns/op
OverheadWarmup   5: 4096 op, 5300.00 ns, 1.2939 ns/op
OverheadWarmup   6: 4096 op, 5200.00 ns, 1.2695 ns/op

OverheadActual   1: 4096 op, 5400.00 ns, 1.3184 ns/op
OverheadActual   2: 4096 op, 5500.00 ns, 1.3428 ns/op
OverheadActual   3: 4096 op, 5500.00 ns, 1.3428 ns/op
OverheadActual   4: 4096 op, 5400.00 ns, 1.3184 ns/op
OverheadActual   5: 4096 op, 5500.00 ns, 1.3428 ns/op
OverheadActual   6: 4096 op, 5200.00 ns, 1.2695 ns/op
OverheadActual   7: 4096 op, 5300.00 ns, 1.2939 ns/op
OverheadActual   8: 4096 op, 5400.00 ns, 1.3184 ns/op
OverheadActual   9: 4096 op, 5400.00 ns, 1.3184 ns/op
OverheadActual  10: 4096 op, 5300.00 ns, 1.2939 ns/op
OverheadActual  11: 4096 op, 6300.00 ns, 1.5381 ns/op
OverheadActual  12: 4096 op, 5300.00 ns, 1.2939 ns/op
OverheadActual  13: 4096 op, 5300.00 ns, 1.2939 ns/op
OverheadActual  14: 4096 op, 5300.00 ns, 1.2939 ns/op
OverheadActual  15: 4096 op, 5300.00 ns, 1.2939 ns/op

WorkloadWarmup   1: 4096 op, 588965600.00 ns, 143.7904 us/op
WorkloadWarmup   2: 4096 op, 587071100.00 ns, 143.3279 us/op
WorkloadWarmup   3: 4096 op, 584739000.00 ns, 142.7585 us/op

// BeforeActualRun
WorkloadActual   1: 4096 op, 585793100.00 ns, 143.0159 us/op
WorkloadActual   2: 4096 op, 590714300.00 ns, 144.2174 us/op
WorkloadActual   3: 4096 op, 591168500.00 ns, 144.3282 us/op
WorkloadActual   4: 4096 op, 591879700.00 ns, 144.5019 us/op
WorkloadActual   5: 4096 op, 589445900.00 ns, 143.9077 us/op

// AfterActualRun
WorkloadResult   1: 4096 op, 585787700.00 ns, 143.0146 us/op
WorkloadResult   2: 4096 op, 590708900.00 ns, 144.2160 us/op
WorkloadResult   3: 4096 op, 591163100.00 ns, 144.3269 us/op
WorkloadResult   4: 4096 op, 591874300.00 ns, 144.5006 us/op
WorkloadResult   5: 4096 op, 589440500.00 ns, 143.9064 us/op
// GC:  161 0 0 2706931712 4096
// Threading:  0 0 4096

// AfterAll
// Benchmark Process 16420 has exited with code 0.
// Launch: 3 / 10
// Execute: dotnet Heddle.Benchmarks.Dotnet-ShortRun-1.dll --anonymousPipes 9904 9704 --benchmarkName "Heddle.Benchmarks.Dotnet.Bench.TechniquePrecompiledBenchmarks.TextWriter(Workload: \"large-loop\")" --job ShortRun --benchmarkId 2 in E:\Work\Heddle\benchmarks\dotnet\bin\Release\net10.0\Heddle.Benchmarks.Dotnet-ShortRun-1\bin\Release\net10.0
// BeforeAnythingElse

// Benchmark Process Environment Information:
// BenchmarkDotNet v0.15.8
// Runtime=.NET 10.0.12 (10.0.12, 10.0.1226.42308), X64 RyuJIT x86-64-v4
// GC=Concurrent Workstation
// HardwareIntrinsics=AVX512 BITALG+VBMI2+VNNI+VPOPCNTDQ,AVX512 IFMA+VBMI,AVX512 F+BW+CD+DQ+VL,AVX2+BMI1+BMI2+F16C+FMA+LZCNT+MOVBE,AVX,SSE3+SSSE3+SSE4.1+SSE4.2+POPCNT,X86Base+SSE+SSE2,AES+PCLMUL,AvxVnni VectorSize=256
// Job: ShortRun(IterationCount=5, LaunchCount=10, WarmupCount=3)

OverheadJitting  1: 1 op, 128000.00 ns, 128.0000 us/op
WorkloadJitting  1: 1 op, 1058000.00 ns, 1.0580 ms/op

OverheadJitting  2: 16 op, 234700.00 ns, 14.6688 us/op
WorkloadJitting  2: 16 op, 15760100.00 ns, 985.0063 us/op

WorkloadPilot    1: 16 op, 14127500.00 ns, 882.9688 us/op
WorkloadPilot    2: 32 op, 28469100.00 ns, 889.6594 us/op
WorkloadPilot    3: 64 op, 52993200.00 ns, 828.0188 us/op
WorkloadPilot    4: 128 op, 106206900.00 ns, 829.7414 us/op
WorkloadPilot    5: 256 op, 127099300.00 ns, 496.4816 us/op
WorkloadPilot    6: 512 op, 79031000.00 ns, 154.3574 us/op
WorkloadPilot    7: 1024 op, 144087100.00 ns, 140.7101 us/op
WorkloadPilot    8: 2048 op, 288087900.00 ns, 140.6679 us/op
WorkloadPilot    9: 4096 op, 574699300.00 ns, 140.3074 us/op

OverheadWarmup   1: 4096 op, 13100.00 ns, 3.1982 ns/op
OverheadWarmup   2: 4096 op, 5500.00 ns, 1.3428 ns/op
OverheadWarmup   3: 4096 op, 5200.00 ns, 1.2695 ns/op
OverheadWarmup   4: 4096 op, 5300.00 ns, 1.2939 ns/op
OverheadWarmup   5: 4096 op, 5400.00 ns, 1.3184 ns/op
OverheadWarmup   6: 4096 op, 5300.00 ns, 1.2939 ns/op
OverheadWarmup   7: 4096 op, 5200.00 ns, 1.2695 ns/op
OverheadWarmup   8: 4096 op, 5200.00 ns, 1.2695 ns/op
OverheadWarmup   9: 4096 op, 5100.00 ns, 1.2451 ns/op

OverheadActual   1: 4096 op, 5400.00 ns, 1.3184 ns/op
OverheadActual   2: 4096 op, 5400.00 ns, 1.3184 ns/op
OverheadActual   3: 4096 op, 5500.00 ns, 1.3428 ns/op
OverheadActual   4: 4096 op, 5300.00 ns, 1.2939 ns/op
OverheadActual   5: 4096 op, 5500.00 ns, 1.3428 ns/op
OverheadActual   6: 4096 op, 5400.00 ns, 1.3184 ns/op
OverheadActual   7: 4096 op, 5400.00 ns, 1.3184 ns/op
OverheadActual   8: 4096 op, 5900.00 ns, 1.4404 ns/op
OverheadActual   9: 4096 op, 5200.00 ns, 1.2695 ns/op
OverheadActual  10: 4096 op, 5400.00 ns, 1.3184 ns/op
OverheadActual  11: 4096 op, 5400.00 ns, 1.3184 ns/op
OverheadActual  12: 4096 op, 5200.00 ns, 1.2695 ns/op
OverheadActual  13: 4096 op, 5400.00 ns, 1.3184 ns/op
OverheadActual  14: 4096 op, 5100.00 ns, 1.2451 ns/op
OverheadActual  15: 4096 op, 5300.00 ns, 1.2939 ns/op

WorkloadWarmup   1: 4096 op, 573799100.00 ns, 140.0877 us/op
WorkloadWarmup   2: 4096 op, 569521500.00 ns, 139.0433 us/op
WorkloadWarmup   3: 4096 op, 570401700.00 ns, 139.2582 us/op

// BeforeActualRun
WorkloadActual   1: 4096 op, 572262100.00 ns, 139.7124 us/op
WorkloadActual   2: 4096 op, 573523300.00 ns, 140.0203 us/op
WorkloadActual   3: 4096 op, 571321100.00 ns, 139.4827 us/op
WorkloadActual   4: 4096 op, 574210600.00 ns, 140.1881 us/op
WorkloadActual   5: 4096 op, 572745900.00 ns, 139.8305 us/op

// AfterActualRun
WorkloadResult   1: 4096 op, 572256700.00 ns, 139.7111 us/op
WorkloadResult   2: 4096 op, 573517900.00 ns, 140.0190 us/op
WorkloadResult   3: 4096 op, 571315700.00 ns, 139.4814 us/op
WorkloadResult   4: 4096 op, 574205200.00 ns, 140.1868 us/op
WorkloadResult   5: 4096 op, 572740500.00 ns, 139.8292 us/op
// GC:  161 0 0 2706931712 4096
// Threading:  0 0 4096

// AfterAll
// Benchmark Process 13764 has exited with code 0.
// Launch: 4 / 10
// Execute: dotnet Heddle.Benchmarks.Dotnet-ShortRun-1.dll --anonymousPipes 2056 9788 --benchmarkName "Heddle.Benchmarks.Dotnet.Bench.TechniquePrecompiledBenchmarks.TextWriter(Workload: \"large-loop\")" --job ShortRun --benchmarkId 2 in E:\Work\Heddle\benchmarks\dotnet\bin\Release\net10.0\Heddle.Benchmarks.Dotnet-ShortRun-1\bin\Release\net10.0
// BeforeAnythingElse

// Benchmark Process Environment Information:
// BenchmarkDotNet v0.15.8
// Runtime=.NET 10.0.12 (10.0.12, 10.0.1226.42308), X64 RyuJIT x86-64-v4
// GC=Concurrent Workstation
// HardwareIntrinsics=AVX512 BITALG+VBMI2+VNNI+VPOPCNTDQ,AVX512 IFMA+VBMI,AVX512 F+BW+CD+DQ+VL,AVX2+BMI1+BMI2+F16C+FMA+LZCNT+MOVBE,AVX,SSE3+SSSE3+SSE4.1+SSE4.2+POPCNT,X86Base+SSE+SSE2,AES+PCLMUL,AvxVnni VectorSize=256
// Job: ShortRun(IterationCount=5, LaunchCount=10, WarmupCount=3)

OverheadJitting  1: 1 op, 143700.00 ns, 143.7000 us/op
WorkloadJitting  1: 1 op, 1083800.00 ns, 1.0838 ms/op

OverheadJitting  2: 16 op, 236400.00 ns, 14.7750 us/op
WorkloadJitting  2: 16 op, 15426800.00 ns, 964.1750 us/op

WorkloadPilot    1: 16 op, 14125200.00 ns, 882.8250 us/op
WorkloadPilot    2: 32 op, 28690500.00 ns, 896.5781 us/op
WorkloadPilot    3: 64 op, 53070700.00 ns, 829.2297 us/op
WorkloadPilot    4: 128 op, 104739900.00 ns, 818.2805 us/op
WorkloadPilot    5: 256 op, 127717600.00 ns, 498.8969 us/op
WorkloadPilot    6: 512 op, 80029500.00 ns, 156.3076 us/op
WorkloadPilot    7: 1024 op, 144848700.00 ns, 141.4538 us/op
WorkloadPilot    8: 2048 op, 289506300.00 ns, 141.3605 us/op
WorkloadPilot    9: 4096 op, 579107100.00 ns, 141.3836 us/op

OverheadWarmup   1: 4096 op, 7200.00 ns, 1.7578 ns/op
OverheadWarmup   2: 4096 op, 5200.00 ns, 1.2695 ns/op
OverheadWarmup   3: 4096 op, 5500.00 ns, 1.3428 ns/op
OverheadWarmup   4: 4096 op, 5200.00 ns, 1.2695 ns/op
OverheadWarmup   5: 4096 op, 5300.00 ns, 1.2939 ns/op
OverheadWarmup   6: 4096 op, 5200.00 ns, 1.2695 ns/op

OverheadActual   1: 4096 op, 5600.00 ns, 1.3672 ns/op
OverheadActual   2: 4096 op, 5400.00 ns, 1.3184 ns/op
OverheadActual   3: 4096 op, 5300.00 ns, 1.2939 ns/op
OverheadActual   4: 4096 op, 5200.00 ns, 1.2695 ns/op
OverheadActual   5: 4096 op, 5200.00 ns, 1.2695 ns/op
OverheadActual   6: 4096 op, 5300.00 ns, 1.2939 ns/op
OverheadActual   7: 4096 op, 5300.00 ns, 1.2939 ns/op
OverheadActual   8: 4096 op, 5500.00 ns, 1.3428 ns/op
OverheadActual   9: 4096 op, 5300.00 ns, 1.2939 ns/op
OverheadActual  10: 4096 op, 5600.00 ns, 1.3672 ns/op
OverheadActual  11: 4096 op, 5500.00 ns, 1.3428 ns/op
OverheadActual  12: 4096 op, 5300.00 ns, 1.2939 ns/op
OverheadActual  13: 4096 op, 5400.00 ns, 1.3184 ns/op
OverheadActual  14: 4096 op, 5200.00 ns, 1.2695 ns/op
OverheadActual  15: 4096 op, 5300.00 ns, 1.2939 ns/op

WorkloadWarmup   1: 4096 op, 575553500.00 ns, 140.5160 us/op
WorkloadWarmup   2: 4096 op, 573082000.00 ns, 139.9126 us/op
WorkloadWarmup   3: 4096 op, 574494400.00 ns, 140.2574 us/op

// BeforeActualRun
WorkloadActual   1: 4096 op, 575505500.00 ns, 140.5043 us/op
WorkloadActual   2: 4096 op, 577777800.00 ns, 141.0590 us/op
WorkloadActual   3: 4096 op, 577014100.00 ns, 140.8726 us/op
WorkloadActual   4: 4096 op, 575297300.00 ns, 140.4534 us/op
WorkloadActual   5: 4096 op, 576265700.00 ns, 140.6899 us/op

// AfterActualRun
WorkloadResult   1: 4096 op, 575500200.00 ns, 140.5030 us/op
WorkloadResult   2: 4096 op, 577772500.00 ns, 141.0577 us/op
WorkloadResult   3: 4096 op, 577008800.00 ns, 140.8713 us/op
WorkloadResult   4: 4096 op, 575292000.00 ns, 140.4521 us/op
WorkloadResult   5: 4096 op, 576260400.00 ns, 140.6886 us/op
// GC:  161 0 0 2706931712 4096
// Threading:  0 0 4096

// AfterAll
// Benchmark Process 19856 has exited with code 0.
// Launch: 5 / 10
// Execute: dotnet Heddle.Benchmarks.Dotnet-ShortRun-1.dll --anonymousPipes 9904 9704 --benchmarkName "Heddle.Benchmarks.Dotnet.Bench.TechniquePrecompiledBenchmarks.TextWriter(Workload: \"large-loop\")" --job ShortRun --benchmarkId 2 in E:\Work\Heddle\benchmarks\dotnet\bin\Release\net10.0\Heddle.Benchmarks.Dotnet-ShortRun-1\bin\Release\net10.0
// BeforeAnythingElse

// Benchmark Process Environment Information:
// BenchmarkDotNet v0.15.8
// Runtime=.NET 10.0.12 (10.0.12, 10.0.1226.42308), X64 RyuJIT x86-64-v4
// GC=Concurrent Workstation
// HardwareIntrinsics=AVX512 BITALG+VBMI2+VNNI+VPOPCNTDQ,AVX512 IFMA+VBMI,AVX512 F+BW+CD+DQ+VL,AVX2+BMI1+BMI2+F16C+FMA+LZCNT+MOVBE,AVX,SSE3+SSSE3+SSE4.1+SSE4.2+POPCNT,X86Base+SSE+SSE2,AES+PCLMUL,AvxVnni VectorSize=256
// Job: ShortRun(IterationCount=5, LaunchCount=10, WarmupCount=3)

OverheadJitting  1: 1 op, 134000.00 ns, 134.0000 us/op
WorkloadJitting  1: 1 op, 1104700.00 ns, 1.1047 ms/op

OverheadJitting  2: 16 op, 230100.00 ns, 14.3813 us/op
WorkloadJitting  2: 16 op, 16356700.00 ns, 1.0223 ms/op

WorkloadPilot    1: 16 op, 13793500.00 ns, 862.0938 us/op
WorkloadPilot    2: 32 op, 28358300.00 ns, 886.1969 us/op
WorkloadPilot    3: 64 op, 52504600.00 ns, 820.3844 us/op
WorkloadPilot    4: 128 op, 108099700.00 ns, 844.5289 us/op
WorkloadPilot    5: 256 op, 55510800.00 ns, 216.8391 us/op
WorkloadPilot    6: 512 op, 74897200.00 ns, 146.2836 us/op
WorkloadPilot    7: 1024 op, 147812500.00 ns, 144.3481 us/op
WorkloadPilot    8: 2048 op, 295821000.00 ns, 144.4438 us/op
WorkloadPilot    9: 4096 op, 591560100.00 ns, 144.4239 us/op

OverheadWarmup   1: 4096 op, 6900.00 ns, 1.6846 ns/op
OverheadWarmup   2: 4096 op, 5300.00 ns, 1.2939 ns/op
OverheadWarmup   3: 4096 op, 5200.00 ns, 1.2695 ns/op
OverheadWarmup   4: 4096 op, 5300.00 ns, 1.2939 ns/op
OverheadWarmup   5: 4096 op, 5300.00 ns, 1.2939 ns/op
OverheadWarmup   6: 4096 op, 5500.00 ns, 1.3428 ns/op
OverheadWarmup   7: 4096 op, 5200.00 ns, 1.2695 ns/op

OverheadActual   1: 4096 op, 5500.00 ns, 1.3428 ns/op
OverheadActual   2: 4096 op, 5600.00 ns, 1.3672 ns/op
OverheadActual   3: 4096 op, 5500.00 ns, 1.3428 ns/op
OverheadActual   4: 4096 op, 5400.00 ns, 1.3184 ns/op
OverheadActual   5: 4096 op, 5500.00 ns, 1.3428 ns/op
OverheadActual   6: 4096 op, 5300.00 ns, 1.2939 ns/op
OverheadActual   7: 4096 op, 5300.00 ns, 1.2939 ns/op
OverheadActual   8: 4096 op, 5500.00 ns, 1.3428 ns/op
OverheadActual   9: 4096 op, 5300.00 ns, 1.2939 ns/op
OverheadActual  10: 4096 op, 5800.00 ns, 1.4160 ns/op
OverheadActual  11: 4096 op, 5300.00 ns, 1.2939 ns/op
OverheadActual  12: 4096 op, 5600.00 ns, 1.3672 ns/op
OverheadActual  13: 4096 op, 5400.00 ns, 1.3184 ns/op
OverheadActual  14: 4096 op, 5200.00 ns, 1.2695 ns/op
OverheadActual  15: 4096 op, 5200.00 ns, 1.2695 ns/op

WorkloadWarmup   1: 4096 op, 584734500.00 ns, 142.7574 us/op
WorkloadWarmup   2: 4096 op, 590605900.00 ns, 144.1909 us/op
WorkloadWarmup   3: 4096 op, 590961500.00 ns, 144.2777 us/op

// BeforeActualRun
WorkloadActual   1: 4096 op, 581946100.00 ns, 142.0767 us/op
WorkloadActual   2: 4096 op, 593314500.00 ns, 144.8522 us/op
WorkloadActual   3: 4096 op, 592461000.00 ns, 144.6438 us/op
WorkloadActual   4: 4096 op, 588984300.00 ns, 143.7950 us/op
WorkloadActual   5: 4096 op, 588933200.00 ns, 143.7825 us/op

// AfterActualRun
WorkloadResult   1: 4096 op, 581940700.00 ns, 142.0754 us/op
WorkloadResult   2: 4096 op, 593309100.00 ns, 144.8509 us/op
WorkloadResult   3: 4096 op, 592455600.00 ns, 144.6425 us/op
WorkloadResult   4: 4096 op, 588978900.00 ns, 143.7937 us/op
WorkloadResult   5: 4096 op, 588927800.00 ns, 143.7812 us/op
// GC:  161 0 0 2706931712 4096
// Threading:  0 0 4096

// AfterAll
// Benchmark Process 9988 has exited with code 0.
// Launch: 6 / 10
// Execute: dotnet Heddle.Benchmarks.Dotnet-ShortRun-1.dll --anonymousPipes 9744 9664 --benchmarkName "Heddle.Benchmarks.Dotnet.Bench.TechniquePrecompiledBenchmarks.TextWriter(Workload: \"large-loop\")" --job ShortRun --benchmarkId 2 in E:\Work\Heddle\benchmarks\dotnet\bin\Release\net10.0\Heddle.Benchmarks.Dotnet-ShortRun-1\bin\Release\net10.0
// BeforeAnythingElse

// Benchmark Process Environment Information:
// BenchmarkDotNet v0.15.8
// Runtime=.NET 10.0.12 (10.0.12, 10.0.1226.42308), X64 RyuJIT x86-64-v4
// GC=Concurrent Workstation
// HardwareIntrinsics=AVX512 BITALG+VBMI2+VNNI+VPOPCNTDQ,AVX512 IFMA+VBMI,AVX512 F+BW+CD+DQ+VL,AVX2+BMI1+BMI2+F16C+FMA+LZCNT+MOVBE,AVX,SSE3+SSSE3+SSE4.1+SSE4.2+POPCNT,X86Base+SSE+SSE2,AES+PCLMUL,AvxVnni VectorSize=256
// Job: ShortRun(IterationCount=5, LaunchCount=10, WarmupCount=3)

OverheadJitting  1: 1 op, 137700.00 ns, 137.7000 us/op
WorkloadJitting  1: 1 op, 1054200.00 ns, 1.0542 ms/op

OverheadJitting  2: 16 op, 225400.00 ns, 14.0875 us/op
WorkloadJitting  2: 16 op, 15455300.00 ns, 965.9563 us/op

WorkloadPilot    1: 16 op, 14201200.00 ns, 887.5750 us/op
WorkloadPilot    2: 32 op, 28487700.00 ns, 890.2406 us/op
WorkloadPilot    3: 64 op, 52911900.00 ns, 826.7484 us/op
WorkloadPilot    4: 128 op, 111330500.00 ns, 869.7695 us/op
WorkloadPilot    5: 256 op, 45548500.00 ns, 177.9238 us/op
WorkloadPilot    6: 512 op, 74753400.00 ns, 146.0027 us/op
WorkloadPilot    7: 1024 op, 150491100.00 ns, 146.9640 us/op
WorkloadPilot    8: 2048 op, 297797300.00 ns, 145.4088 us/op
WorkloadPilot    9: 4096 op, 595651700.00 ns, 145.4228 us/op

OverheadWarmup   1: 4096 op, 7100.00 ns, 1.7334 ns/op
OverheadWarmup   2: 4096 op, 5300.00 ns, 1.2939 ns/op
OverheadWarmup   3: 4096 op, 5200.00 ns, 1.2695 ns/op
OverheadWarmup   4: 4096 op, 5200.00 ns, 1.2695 ns/op
OverheadWarmup   5: 4096 op, 5200.00 ns, 1.2695 ns/op
OverheadWarmup   6: 4096 op, 5200.00 ns, 1.2695 ns/op
OverheadWarmup   7: 4096 op, 5200.00 ns, 1.2695 ns/op

OverheadActual   1: 4096 op, 5400.00 ns, 1.3184 ns/op
OverheadActual   2: 4096 op, 5400.00 ns, 1.3184 ns/op
OverheadActual   3: 4096 op, 5400.00 ns, 1.3184 ns/op
OverheadActual   4: 4096 op, 5500.00 ns, 1.3428 ns/op
OverheadActual   5: 4096 op, 5400.00 ns, 1.3184 ns/op
OverheadActual   6: 4096 op, 5300.00 ns, 1.2939 ns/op
OverheadActual   7: 4096 op, 5400.00 ns, 1.3184 ns/op
OverheadActual   8: 4096 op, 5300.00 ns, 1.2939 ns/op
OverheadActual   9: 4096 op, 5200.00 ns, 1.2695 ns/op
OverheadActual  10: 4096 op, 5700.00 ns, 1.3916 ns/op
OverheadActual  11: 4096 op, 5200.00 ns, 1.2695 ns/op
OverheadActual  12: 4096 op, 5400.00 ns, 1.3184 ns/op
OverheadActual  13: 4096 op, 5500.00 ns, 1.3428 ns/op
OverheadActual  14: 4096 op, 5200.00 ns, 1.2695 ns/op
OverheadActual  15: 4096 op, 5100.00 ns, 1.2451 ns/op

WorkloadWarmup   1: 4096 op, 598345900.00 ns, 146.0805 us/op
WorkloadWarmup   2: 4096 op, 592874200.00 ns, 144.7447 us/op
WorkloadWarmup   3: 4096 op, 592981400.00 ns, 144.7708 us/op

// BeforeActualRun
WorkloadActual   1: 4096 op, 592232000.00 ns, 144.5879 us/op
WorkloadActual   2: 4096 op, 597399800.00 ns, 145.8496 us/op
WorkloadActual   3: 4096 op, 597040200.00 ns, 145.7618 us/op
WorkloadActual   4: 4096 op, 596516900.00 ns, 145.6340 us/op
WorkloadActual   5: 4096 op, 596001800.00 ns, 145.5083 us/op

// AfterActualRun
WorkloadResult   1: 4096 op, 592226600.00 ns, 144.5866 us/op
WorkloadResult   2: 4096 op, 597394400.00 ns, 145.8482 us/op
WorkloadResult   3: 4096 op, 597034800.00 ns, 145.7604 us/op
WorkloadResult   4: 4096 op, 596511500.00 ns, 145.6327 us/op
WorkloadResult   5: 4096 op, 595996400.00 ns, 145.5069 us/op
// GC:  161 0 0 2706931712 4096
// Threading:  0 0 4096

// AfterAll
// Benchmark Process 18020 has exited with code 0.
// Launch: 7 / 10
// Execute: dotnet Heddle.Benchmarks.Dotnet-ShortRun-1.dll --anonymousPipes 2064 9740 --benchmarkName "Heddle.Benchmarks.Dotnet.Bench.TechniquePrecompiledBenchmarks.TextWriter(Workload: \"large-loop\")" --job ShortRun --benchmarkId 2 in E:\Work\Heddle\benchmarks\dotnet\bin\Release\net10.0\Heddle.Benchmarks.Dotnet-ShortRun-1\bin\Release\net10.0
// BeforeAnythingElse

// Benchmark Process Environment Information:
// BenchmarkDotNet v0.15.8
// Runtime=.NET 10.0.12 (10.0.12, 10.0.1226.42308), X64 RyuJIT x86-64-v4
// GC=Concurrent Workstation
// HardwareIntrinsics=AVX512 BITALG+VBMI2+VNNI+VPOPCNTDQ,AVX512 IFMA+VBMI,AVX512 F+BW+CD+DQ+VL,AVX2+BMI1+BMI2+F16C+FMA+LZCNT+MOVBE,AVX,SSE3+SSSE3+SSE4.1+SSE4.2+POPCNT,X86Base+SSE+SSE2,AES+PCLMUL,AvxVnni VectorSize=256
// Job: ShortRun(IterationCount=5, LaunchCount=10, WarmupCount=3)

OverheadJitting  1: 1 op, 133900.00 ns, 133.9000 us/op
WorkloadJitting  1: 1 op, 1056000.00 ns, 1.0560 ms/op

OverheadJitting  2: 16 op, 227000.00 ns, 14.1875 us/op
WorkloadJitting  2: 16 op, 15399700.00 ns, 962.4813 us/op

WorkloadPilot    1: 16 op, 14106600.00 ns, 881.6625 us/op
WorkloadPilot    2: 32 op, 28756700.00 ns, 898.6469 us/op
WorkloadPilot    3: 64 op, 52672900.00 ns, 823.0141 us/op
WorkloadPilot    4: 128 op, 105203300.00 ns, 821.9008 us/op
WorkloadPilot    5: 256 op, 128273000.00 ns, 501.0664 us/op
WorkloadPilot    6: 512 op, 79668800.00 ns, 155.6031 us/op
WorkloadPilot    7: 1024 op, 142829200.00 ns, 139.4816 us/op
WorkloadPilot    8: 2048 op, 285798200.00 ns, 139.5499 us/op
WorkloadPilot    9: 4096 op, 568777400.00 ns, 138.8617 us/op

OverheadWarmup   1: 4096 op, 6800.00 ns, 1.6602 ns/op
OverheadWarmup   2: 4096 op, 5300.00 ns, 1.2939 ns/op
OverheadWarmup   3: 4096 op, 5200.00 ns, 1.2695 ns/op
OverheadWarmup   4: 4096 op, 5300.00 ns, 1.2939 ns/op
OverheadWarmup   5: 4096 op, 5400.00 ns, 1.3184 ns/op
OverheadWarmup   6: 4096 op, 5300.00 ns, 1.2939 ns/op
OverheadWarmup   7: 4096 op, 5300.00 ns, 1.2939 ns/op
OverheadWarmup   8: 4096 op, 5500.00 ns, 1.3428 ns/op

OverheadActual   1: 4096 op, 5500.00 ns, 1.3428 ns/op
OverheadActual   2: 4096 op, 5500.00 ns, 1.3428 ns/op
OverheadActual   3: 4096 op, 5500.00 ns, 1.3428 ns/op
OverheadActual   4: 4096 op, 5400.00 ns, 1.3184 ns/op
OverheadActual   5: 4096 op, 5500.00 ns, 1.3428 ns/op
OverheadActual   6: 4096 op, 5600.00 ns, 1.3672 ns/op
OverheadActual   7: 4096 op, 5300.00 ns, 1.2939 ns/op
OverheadActual   8: 4096 op, 5500.00 ns, 1.3428 ns/op
OverheadActual   9: 4096 op, 5900.00 ns, 1.4404 ns/op
OverheadActual  10: 4096 op, 5300.00 ns, 1.2939 ns/op
OverheadActual  11: 4096 op, 5200.00 ns, 1.2695 ns/op
OverheadActual  12: 4096 op, 5300.00 ns, 1.2939 ns/op
OverheadActual  13: 4096 op, 5400.00 ns, 1.3184 ns/op
OverheadActual  14: 4096 op, 5200.00 ns, 1.2695 ns/op
OverheadActual  15: 4096 op, 5400.00 ns, 1.3184 ns/op

WorkloadWarmup   1: 4096 op, 567296500.00 ns, 138.5001 us/op
WorkloadWarmup   2: 4096 op, 563216800.00 ns, 137.5041 us/op
WorkloadWarmup   3: 4096 op, 564123100.00 ns, 137.7254 us/op

// BeforeActualRun
WorkloadActual   1: 4096 op, 564141000.00 ns, 137.7297 us/op
WorkloadActual   2: 4096 op, 570365400.00 ns, 139.2494 us/op
WorkloadActual   3: 4096 op, 564287900.00 ns, 137.7656 us/op
WorkloadActual   4: 4096 op, 568716500.00 ns, 138.8468 us/op
WorkloadActual   5: 4096 op, 567738600.00 ns, 138.6081 us/op

// AfterActualRun
WorkloadResult   1: 4096 op, 564135600.00 ns, 137.7284 us/op
WorkloadResult   2: 4096 op, 570360000.00 ns, 139.2480 us/op
WorkloadResult   3: 4096 op, 564282500.00 ns, 137.7643 us/op
WorkloadResult   4: 4096 op, 568711100.00 ns, 138.8455 us/op
WorkloadResult   5: 4096 op, 567733200.00 ns, 138.6067 us/op
// GC:  161 0 0 2706931712 4096
// Threading:  0 0 4096

// AfterAll
// Benchmark Process 29056 has exited with code 0.
// Launch: 8 / 10
// Execute: dotnet Heddle.Benchmarks.Dotnet-ShortRun-1.dll --anonymousPipes 4844 9912 --benchmarkName "Heddle.Benchmarks.Dotnet.Bench.TechniquePrecompiledBenchmarks.TextWriter(Workload: \"large-loop\")" --job ShortRun --benchmarkId 2 in E:\Work\Heddle\benchmarks\dotnet\bin\Release\net10.0\Heddle.Benchmarks.Dotnet-ShortRun-1\bin\Release\net10.0
// BeforeAnythingElse

// Benchmark Process Environment Information:
// BenchmarkDotNet v0.15.8
// Runtime=.NET 10.0.12 (10.0.12, 10.0.1226.42308), X64 RyuJIT x86-64-v4
// GC=Concurrent Workstation
// HardwareIntrinsics=AVX512 BITALG+VBMI2+VNNI+VPOPCNTDQ,AVX512 IFMA+VBMI,AVX512 F+BW+CD+DQ+VL,AVX2+BMI1+BMI2+F16C+FMA+LZCNT+MOVBE,AVX,SSE3+SSSE3+SSE4.1+SSE4.2+POPCNT,X86Base+SSE+SSE2,AES+PCLMUL,AvxVnni VectorSize=256
// Job: ShortRun(IterationCount=5, LaunchCount=10, WarmupCount=3)

OverheadJitting  1: 1 op, 145100.00 ns, 145.1000 us/op
WorkloadJitting  1: 1 op, 1060600.00 ns, 1.0606 ms/op

OverheadJitting  2: 16 op, 235900.00 ns, 14.7438 us/op
WorkloadJitting  2: 16 op, 15714500.00 ns, 982.1563 us/op

WorkloadPilot    1: 16 op, 14145500.00 ns, 884.0938 us/op
WorkloadPilot    2: 32 op, 28379100.00 ns, 886.8469 us/op
WorkloadPilot    3: 64 op, 52531900.00 ns, 820.8109 us/op
WorkloadPilot    4: 128 op, 104695300.00 ns, 817.9320 us/op
WorkloadPilot    5: 256 op, 127999900.00 ns, 499.9996 us/op
WorkloadPilot    6: 512 op, 79902200.00 ns, 156.0590 us/op
WorkloadPilot    7: 1024 op, 143791400.00 ns, 140.4213 us/op
WorkloadPilot    8: 2048 op, 286307900.00 ns, 139.7988 us/op
WorkloadPilot    9: 4096 op, 570603900.00 ns, 139.3076 us/op

OverheadWarmup   1: 4096 op, 7800.00 ns, 1.9043 ns/op
OverheadWarmup   2: 4096 op, 5400.00 ns, 1.3184 ns/op
OverheadWarmup   3: 4096 op, 7400.00 ns, 1.8066 ns/op
OverheadWarmup   4: 4096 op, 5200.00 ns, 1.2695 ns/op
OverheadWarmup   5: 4096 op, 5200.00 ns, 1.2695 ns/op
OverheadWarmup   6: 4096 op, 5200.00 ns, 1.2695 ns/op

OverheadActual   1: 4096 op, 5500.00 ns, 1.3428 ns/op
OverheadActual   2: 4096 op, 5400.00 ns, 1.3184 ns/op
OverheadActual   3: 4096 op, 5500.00 ns, 1.3428 ns/op
OverheadActual   4: 4096 op, 5400.00 ns, 1.3184 ns/op
OverheadActual   5: 4096 op, 5200.00 ns, 1.2695 ns/op
OverheadActual   6: 4096 op, 5200.00 ns, 1.2695 ns/op
OverheadActual   7: 4096 op, 5200.00 ns, 1.2695 ns/op
OverheadActual   8: 4096 op, 5200.00 ns, 1.2695 ns/op
OverheadActual   9: 4096 op, 5200.00 ns, 1.2695 ns/op
OverheadActual  10: 4096 op, 5200.00 ns, 1.2695 ns/op
OverheadActual  11: 4096 op, 6200.00 ns, 1.5137 ns/op
OverheadActual  12: 4096 op, 5400.00 ns, 1.3184 ns/op
OverheadActual  13: 4096 op, 5400.00 ns, 1.3184 ns/op
OverheadActual  14: 4096 op, 5300.00 ns, 1.2939 ns/op
OverheadActual  15: 4096 op, 5300.00 ns, 1.2939 ns/op

WorkloadWarmup   1: 4096 op, 569562400.00 ns, 139.0533 us/op
WorkloadWarmup   2: 4096 op, 568724400.00 ns, 138.8487 us/op
WorkloadWarmup   3: 4096 op, 566102200.00 ns, 138.2085 us/op

// BeforeActualRun
WorkloadActual   1: 4096 op, 569213700.00 ns, 138.9682 us/op
WorkloadActual   2: 4096 op, 568466300.00 ns, 138.7857 us/op
WorkloadActual   3: 4096 op, 570651600.00 ns, 139.3192 us/op
WorkloadActual   4: 4096 op, 569296400.00 ns, 138.9884 us/op
WorkloadActual   5: 4096 op, 570631800.00 ns, 139.3144 us/op

// AfterActualRun
WorkloadResult   1: 4096 op, 569208400.00 ns, 138.9669 us/op
WorkloadResult   2: 4096 op, 568461000.00 ns, 138.7844 us/op
WorkloadResult   3: 4096 op, 570646300.00 ns, 139.3179 us/op
WorkloadResult   4: 4096 op, 569291100.00 ns, 138.9871 us/op
WorkloadResult   5: 4096 op, 570626500.00 ns, 139.3131 us/op
// GC:  161 0 0 2706931712 4096
// Threading:  0 0 4096

// AfterAll
// Benchmark Process 12552 has exited with code 0.
// Launch: 9 / 10
// Execute: dotnet Heddle.Benchmarks.Dotnet-ShortRun-1.dll --anonymousPipes 2064 9724 --benchmarkName "Heddle.Benchmarks.Dotnet.Bench.TechniquePrecompiledBenchmarks.TextWriter(Workload: \"large-loop\")" --job ShortRun --benchmarkId 2 in E:\Work\Heddle\benchmarks\dotnet\bin\Release\net10.0\Heddle.Benchmarks.Dotnet-ShortRun-1\bin\Release\net10.0
// BeforeAnythingElse

// Benchmark Process Environment Information:
// BenchmarkDotNet v0.15.8
// Runtime=.NET 10.0.12 (10.0.12, 10.0.1226.42308), X64 RyuJIT x86-64-v4
// GC=Concurrent Workstation
// HardwareIntrinsics=AVX512 BITALG+VBMI2+VNNI+VPOPCNTDQ,AVX512 IFMA+VBMI,AVX512 F+BW+CD+DQ+VL,AVX2+BMI1+BMI2+F16C+FMA+LZCNT+MOVBE,AVX,SSE3+SSSE3+SSE4.1+SSE4.2+POPCNT,X86Base+SSE+SSE2,AES+PCLMUL,AvxVnni VectorSize=256
// Job: ShortRun(IterationCount=5, LaunchCount=10, WarmupCount=3)

OverheadJitting  1: 1 op, 130600.00 ns, 130.6000 us/op
WorkloadJitting  1: 1 op, 1096900.00 ns, 1.0969 ms/op

OverheadJitting  2: 16 op, 239100.00 ns, 14.9438 us/op
WorkloadJitting  2: 16 op, 15898800.00 ns, 993.6750 us/op

WorkloadPilot    1: 16 op, 14410800.00 ns, 900.6750 us/op
WorkloadPilot    2: 32 op, 28520600.00 ns, 891.2688 us/op
WorkloadPilot    3: 64 op, 53247600.00 ns, 831.9938 us/op
WorkloadPilot    4: 128 op, 112182600.00 ns, 876.4266 us/op
WorkloadPilot    5: 256 op, 47176400.00 ns, 184.2828 us/op
WorkloadPilot    6: 512 op, 74687600.00 ns, 145.8742 us/op
WorkloadPilot    7: 1024 op, 150093900.00 ns, 146.5761 us/op
WorkloadPilot    8: 2048 op, 298757500.00 ns, 145.8777 us/op
WorkloadPilot    9: 4096 op, 597086500.00 ns, 145.7731 us/op

OverheadWarmup   1: 4096 op, 7800.00 ns, 1.9043 ns/op
OverheadWarmup   2: 4096 op, 5200.00 ns, 1.2695 ns/op
OverheadWarmup   3: 4096 op, 5300.00 ns, 1.2939 ns/op
OverheadWarmup   4: 4096 op, 5600.00 ns, 1.3672 ns/op
OverheadWarmup   5: 4096 op, 5600.00 ns, 1.3672 ns/op
OverheadWarmup   6: 4096 op, 5300.00 ns, 1.2939 ns/op
OverheadWarmup   7: 4096 op, 5300.00 ns, 1.2939 ns/op

OverheadActual   1: 4096 op, 5500.00 ns, 1.3428 ns/op
OverheadActual   2: 4096 op, 5400.00 ns, 1.3184 ns/op
OverheadActual   3: 4096 op, 5500.00 ns, 1.3428 ns/op
OverheadActual   4: 4096 op, 5500.00 ns, 1.3428 ns/op
OverheadActual   5: 4096 op, 5400.00 ns, 1.3184 ns/op
OverheadActual   6: 4096 op, 5300.00 ns, 1.2939 ns/op
OverheadActual   7: 4096 op, 5200.00 ns, 1.2695 ns/op
OverheadActual   8: 4096 op, 5300.00 ns, 1.2939 ns/op
OverheadActual   9: 4096 op, 5400.00 ns, 1.3184 ns/op
OverheadActual  10: 4096 op, 6100.00 ns, 1.4893 ns/op
OverheadActual  11: 4096 op, 5200.00 ns, 1.2695 ns/op
OverheadActual  12: 4096 op, 5200.00 ns, 1.2695 ns/op
OverheadActual  13: 4096 op, 5200.00 ns, 1.2695 ns/op
OverheadActual  14: 4096 op, 5500.00 ns, 1.3428 ns/op
OverheadActual  15: 4096 op, 5500.00 ns, 1.3428 ns/op

WorkloadWarmup   1: 4096 op, 596684700.00 ns, 145.6750 us/op
WorkloadWarmup   2: 4096 op, 593738400.00 ns, 144.9557 us/op
WorkloadWarmup   3: 4096 op, 591671500.00 ns, 144.4510 us/op

// BeforeActualRun
WorkloadActual   1: 4096 op, 593962100.00 ns, 145.0103 us/op
WorkloadActual   2: 4096 op, 595678500.00 ns, 145.4293 us/op
WorkloadActual   3: 4096 op, 596937800.00 ns, 145.7368 us/op
WorkloadActual   4: 4096 op, 596905200.00 ns, 145.7288 us/op
WorkloadActual   5: 4096 op, 596369700.00 ns, 145.5981 us/op

// AfterActualRun
WorkloadResult   1: 4096 op, 593956700.00 ns, 145.0090 us/op
WorkloadResult   2: 4096 op, 595673100.00 ns, 145.4280 us/op
WorkloadResult   3: 4096 op, 596932400.00 ns, 145.7354 us/op
WorkloadResult   4: 4096 op, 596899800.00 ns, 145.7275 us/op
WorkloadResult   5: 4096 op, 596364300.00 ns, 145.5968 us/op
// GC:  161 0 0 2706931712 4096
// Threading:  0 0 4096

// AfterAll
// Benchmark Process 28412 has exited with code 0.
// Launch: 10 / 10
// Execute: dotnet Heddle.Benchmarks.Dotnet-ShortRun-1.dll --anonymousPipes 9684 9748 --benchmarkName "Heddle.Benchmarks.Dotnet.Bench.TechniquePrecompiledBenchmarks.TextWriter(Workload: \"large-loop\")" --job ShortRun --benchmarkId 2 in E:\Work\Heddle\benchmarks\dotnet\bin\Release\net10.0\Heddle.Benchmarks.Dotnet-ShortRun-1\bin\Release\net10.0
// BeforeAnythingElse

// Benchmark Process Environment Information:
// BenchmarkDotNet v0.15.8
// Runtime=.NET 10.0.12 (10.0.12, 10.0.1226.42308), X64 RyuJIT x86-64-v4
// GC=Concurrent Workstation
// HardwareIntrinsics=AVX512 BITALG+VBMI2+VNNI+VPOPCNTDQ,AVX512 IFMA+VBMI,AVX512 F+BW+CD+DQ+VL,AVX2+BMI1+BMI2+F16C+FMA+LZCNT+MOVBE,AVX,SSE3+SSSE3+SSE4.1+SSE4.2+POPCNT,X86Base+SSE+SSE2,AES+PCLMUL,AvxVnni VectorSize=256
// Job: ShortRun(IterationCount=5, LaunchCount=10, WarmupCount=3)

OverheadJitting  1: 1 op, 131900.00 ns, 131.9000 us/op
WorkloadJitting  1: 1 op, 1061300.00 ns, 1.0613 ms/op

OverheadJitting  2: 16 op, 229600.00 ns, 14.3500 us/op
WorkloadJitting  2: 16 op, 15657300.00 ns, 978.5813 us/op

WorkloadPilot    1: 16 op, 14111400.00 ns, 881.9625 us/op
WorkloadPilot    2: 32 op, 28425300.00 ns, 888.2906 us/op
WorkloadPilot    3: 64 op, 52861400.00 ns, 825.9594 us/op
WorkloadPilot    4: 128 op, 49091100.00 ns, 383.5242 us/op
WorkloadPilot    5: 256 op, 38806100.00 ns, 151.5863 us/op
WorkloadPilot    6: 512 op, 75275700.00 ns, 147.0229 us/op
WorkloadPilot    7: 1024 op, 150570000.00 ns, 147.0410 us/op
WorkloadPilot    8: 2048 op, 300414100.00 ns, 146.6866 us/op
WorkloadPilot    9: 4096 op, 600616800.00 ns, 146.6350 us/op

OverheadWarmup   1: 4096 op, 6700.00 ns, 1.6357 ns/op
OverheadWarmup   2: 4096 op, 5300.00 ns, 1.2939 ns/op
OverheadWarmup   3: 4096 op, 5200.00 ns, 1.2695 ns/op
OverheadWarmup   4: 4096 op, 5200.00 ns, 1.2695 ns/op
OverheadWarmup   5: 4096 op, 5200.00 ns, 1.2695 ns/op
OverheadWarmup   6: 4096 op, 5200.00 ns, 1.2695 ns/op
OverheadWarmup   7: 4096 op, 5200.00 ns, 1.2695 ns/op

OverheadActual   1: 4096 op, 5400.00 ns, 1.3184 ns/op
OverheadActual   2: 4096 op, 5400.00 ns, 1.3184 ns/op
OverheadActual   3: 4096 op, 5500.00 ns, 1.3428 ns/op
OverheadActual   4: 4096 op, 5200.00 ns, 1.2695 ns/op
OverheadActual   5: 4096 op, 5500.00 ns, 1.3428 ns/op
OverheadActual   6: 4096 op, 5500.00 ns, 1.3428 ns/op
OverheadActual   7: 4096 op, 5400.00 ns, 1.3184 ns/op
OverheadActual   8: 4096 op, 5300.00 ns, 1.2939 ns/op
OverheadActual   9: 4096 op, 5300.00 ns, 1.2939 ns/op
OverheadActual  10: 4096 op, 5700.00 ns, 1.3916 ns/op
OverheadActual  11: 4096 op, 5500.00 ns, 1.3428 ns/op
OverheadActual  12: 4096 op, 5400.00 ns, 1.3184 ns/op
OverheadActual  13: 4096 op, 5400.00 ns, 1.3184 ns/op
OverheadActual  14: 4096 op, 5200.00 ns, 1.2695 ns/op
OverheadActual  15: 4096 op, 5400.00 ns, 1.3184 ns/op

WorkloadWarmup   1: 4096 op, 601673500.00 ns, 146.8929 us/op
WorkloadWarmup   2: 4096 op, 595818300.00 ns, 145.4635 us/op
WorkloadWarmup   3: 4096 op, 597750200.00 ns, 145.9351 us/op

// BeforeActualRun
WorkloadActual   1: 4096 op, 598458100.00 ns, 146.1079 us/op
WorkloadActual   2: 4096 op, 598018600.00 ns, 146.0006 us/op
WorkloadActual   3: 4096 op, 599919900.00 ns, 146.4648 us/op
WorkloadActual   4: 4096 op, 598478300.00 ns, 146.1129 us/op
WorkloadActual   5: 4096 op, 600539000.00 ns, 146.6160 us/op

// AfterActualRun
WorkloadResult   1: 4096 op, 598452700.00 ns, 146.1066 us/op
WorkloadResult   2: 4096 op, 598013200.00 ns, 145.9993 us/op
WorkloadResult   3: 4096 op, 599914500.00 ns, 146.4635 us/op
WorkloadResult   4: 4096 op, 598472900.00 ns, 146.1115 us/op
WorkloadResult   5: 4096 op, 600533600.00 ns, 146.6146 us/op
// GC:  161 0 0 2706931712 4096
// Threading:  0 0 4096

// AfterAll
// Benchmark Process 24484 has exited with code 0.

Mean = 142.796 μs, StdErr = 0.407 μs (0.29%), N = 50, StdDev = 2.878 μs
Min = 137.728 μs, Q1 = 139.877 μs, Median = 144.061 μs, Q3 = 145.382 μs, Max = 146.615 μs
IQR = 5.505 μs, LowerFence = 131.619 μs, UpperFence = 153.639 μs
ConfidenceInterval = [141.372 μs; 144.221 μs] (CI 99.9%), Margin = 1.425 μs (1.00% of Mean)
Skewness = -0.32, Kurtosis = 1.44, MValue = 2

// ** Remained 1 (25.0%) benchmark(s) to run. Estimated finish 2026-09-16 12:18 (0h 1m from now) **
Successfully reverted power plan (GUID: 8c5e7fda-e8bf-4a96-9a85-a6e23a8c635c FriendlyName: High performance)
// ***** BenchmarkRunner: Finish  *****

// * Export *
  BenchmarkDotNet.Artifacts\baseline-cells\results\Heddle.Benchmarks.Dotnet.Bench.TechniquePrecompiledBenchmarks-report.csv
  BenchmarkDotNet.Artifacts\baseline-cells\results\Heddle.Benchmarks.Dotnet.Bench.TechniquePrecompiledBenchmarks-report-github.md
  BenchmarkDotNet.Artifacts\baseline-cells\results\Heddle.Benchmarks.Dotnet.Bench.TechniquePrecompiledBenchmarks-report.html

// * Detailed results *
TechniquePrecompiledBenchmarks.TextWriter: ShortRun(IterationCount=5, LaunchCount=10, WarmupCount=3) [Workload=large-loop]
Runtime = .NET 10.0.12 (10.0.12, 10.0.1226.42308), X64 RyuJIT x86-64-v4; GC = Concurrent Workstation
Mean = 142.796 μs, StdErr = 0.407 μs (0.29%), N = 50, StdDev = 2.878 μs
Min = 137.728 μs, Q1 = 139.877 μs, Median = 144.061 μs, Q3 = 145.382 μs, Max = 146.615 μs
IQR = 5.505 μs, LowerFence = 131.619 μs, UpperFence = 153.639 μs
ConfidenceInterval = [141.372 μs; 144.221 μs] (CI 99.9%), Margin = 1.425 μs (1.00% of Mean)
Skewness = -0.32, Kurtosis = 1.44, MValue = 2
-------------------- Histogram --------------------
[136.703 μs ; 140.950 μs) | @@@@@@@@@@@@@@@@@@@
[140.950 μs ; 146.615 μs) | @@@@@@@@@@@@@@@@@@@@@@@@@@@@@@@
---------------------------------------------------

// * Summary *

BenchmarkDotNet v0.15.8, Windows 11 (10.0.26200.9457/25H2/2025Update/HudsonValley2)
AMD Ryzen 9 9950X 4.30GHz, 1 CPU, 32 logical and 16 physical cores
.NET SDK 10.0.401
  [Host]   : .NET 10.0.12 (10.0.12, 10.0.1226.42308), X64 RyuJIT x86-64-v4
  ShortRun : .NET 10.0.12 (10.0.12, 10.0.1226.42308), X64 RyuJIT x86-64-v4

Job=ShortRun  IterationCount=5  LaunchCount=10  
WarmupCount=3  

| Method     | Workload   | Mean     | Error   | StdDev  | Median   | Gen0    | Allocated |
|----------- |----------- |---------:|--------:|--------:|---------:|--------:|----------:|
| TextWriter | large-loop | 142.8 μs | 1.42 μs | 2.88 μs | 144.1 μs | 39.3066 | 645.38 KB |

// * Legends *
  Workload  : Value of the 'Workload' parameter
  Mean      : Arithmetic mean of all measurements
  Error     : Half of 99.9% confidence interval
  StdDev    : Standard deviation of all measurements
  Median    : Value separating the higher half of all measurements (50th percentile)
  Gen0      : GC Generation 0 collects per 1000 operations
  Allocated : Allocated memory per single operation (managed only, inclusive, 1KB = 1024B)
  1 μs      : 1 Microsecond (0.000001 sec)

// * Diagnostic Output - MemoryDiagnoser *


// ***** BenchmarkRunner: End *****
Run time: 00:01:14 (74.69 sec), executed benchmarks: 1

// Found 1 benchmarks:
//   TechniquePrecompiledDataOnlyBenchmarks.String: ShortRun(IterationCount=5, LaunchCount=10, WarmupCount=3) [Workload=composed-page]

Setup power plan (GUID: 8c5e7fda-e8bf-4a96-9a85-a6e23a8c635c FriendlyName: High performance)
// **************************
// Benchmark: TechniquePrecompiledDataOnlyBenchmarks.String: ShortRun(IterationCount=5, LaunchCount=10, WarmupCount=3) [Workload=composed-page]
// *** Execute ***
// Launch: 1 / 10
// Execute: dotnet Heddle.Benchmarks.Dotnet-ShortRun-1.dll --anonymousPipes 9684 9748 --benchmarkName "Heddle.Benchmarks.Dotnet.Bench.TechniquePrecompiledDataOnlyBenchmarks.String(Workload: \"composed-page\")" --job ShortRun --benchmarkId 3 in E:\Work\Heddle\benchmarks\dotnet\bin\Release\net10.0\Heddle.Benchmarks.Dotnet-ShortRun-1\bin\Release\net10.0
// BeforeAnythingElse

// Benchmark Process Environment Information:
// BenchmarkDotNet v0.15.8
// Runtime=.NET 10.0.12 (10.0.12, 10.0.1226.42308), X64 RyuJIT x86-64-v4
// GC=Concurrent Workstation
// HardwareIntrinsics=AVX512 BITALG+VBMI2+VNNI+VPOPCNTDQ,AVX512 IFMA+VBMI,AVX512 F+BW+CD+DQ+VL,AVX2+BMI1+BMI2+F16C+FMA+LZCNT+MOVBE,AVX,SSE3+SSSE3+SSE4.1+SSE4.2+POPCNT,X86Base+SSE+SSE2,AES+PCLMUL,AvxVnni VectorSize=256
// Job: ShortRun(IterationCount=5, LaunchCount=10, WarmupCount=3)

OverheadJitting  1: 1 op, 128800.00 ns, 128.8000 us/op
WorkloadJitting  1: 1 op, 332400.00 ns, 332.4000 us/op

OverheadJitting  2: 16 op, 225400.00 ns, 14.0875 us/op
WorkloadJitting  2: 16 op, 2631700.00 ns, 164.4813 us/op

WorkloadPilot    1: 16 op, 2354400.00 ns, 147.1500 us/op
WorkloadPilot    2: 32 op, 5024700.00 ns, 157.0219 us/op
WorkloadPilot    3: 64 op, 10466300.00 ns, 163.5359 us/op
WorkloadPilot    4: 128 op, 20010900.00 ns, 156.3352 us/op
WorkloadPilot    5: 256 op, 37913000.00 ns, 148.0977 us/op
WorkloadPilot    6: 512 op, 61068100.00 ns, 119.2736 us/op
WorkloadPilot    7: 1024 op, 35470200.00 ns, 34.6389 us/op
WorkloadPilot    8: 2048 op, 67415100.00 ns, 32.9175 us/op
WorkloadPilot    9: 4096 op, 128693400.00 ns, 31.4193 us/op
WorkloadPilot   10: 8192 op, 263548700.00 ns, 32.1715 us/op
WorkloadPilot   11: 16384 op, 521999300.00 ns, 31.8603 us/op

OverheadWarmup   1: 16384 op, 44300.00 ns, 2.7039 ns/op
OverheadWarmup   2: 16384 op, 21000.00 ns, 1.2817 ns/op
OverheadWarmup   3: 16384 op, 21000.00 ns, 1.2817 ns/op
OverheadWarmup   4: 16384 op, 20900.00 ns, 1.2756 ns/op
OverheadWarmup   5: 16384 op, 21000.00 ns, 1.2817 ns/op
OverheadWarmup   6: 16384 op, 20900.00 ns, 1.2756 ns/op

OverheadActual   1: 16384 op, 20400.00 ns, 1.2451 ns/op
OverheadActual   2: 16384 op, 20500.00 ns, 1.2512 ns/op
OverheadActual   3: 16384 op, 21100.00 ns, 1.2878 ns/op
OverheadActual   4: 16384 op, 20800.00 ns, 1.2695 ns/op
OverheadActual   5: 16384 op, 21200.00 ns, 1.2939 ns/op
OverheadActual   6: 16384 op, 20800.00 ns, 1.2695 ns/op
OverheadActual   7: 16384 op, 21600.00 ns, 1.3184 ns/op
OverheadActual   8: 16384 op, 20800.00 ns, 1.2695 ns/op
OverheadActual   9: 16384 op, 20700.00 ns, 1.2634 ns/op
OverheadActual  10: 16384 op, 20500.00 ns, 1.2512 ns/op
OverheadActual  11: 16384 op, 21200.00 ns, 1.2939 ns/op
OverheadActual  12: 16384 op, 20900.00 ns, 1.2756 ns/op
OverheadActual  13: 16384 op, 20600.00 ns, 1.2573 ns/op
OverheadActual  14: 16384 op, 20600.00 ns, 1.2573 ns/op
OverheadActual  15: 16384 op, 20800.00 ns, 1.2695 ns/op

WorkloadWarmup   1: 16384 op, 503099700.00 ns, 30.7068 us/op
WorkloadWarmup   2: 16384 op, 485239100.00 ns, 29.6166 us/op
WorkloadWarmup   3: 16384 op, 482411600.00 ns, 29.4441 us/op

// BeforeActualRun
WorkloadActual   1: 16384 op, 485821100.00 ns, 29.6522 us/op
WorkloadActual   2: 16384 op, 483118500.00 ns, 29.4872 us/op
WorkloadActual   3: 16384 op, 480130500.00 ns, 29.3048 us/op
WorkloadActual   4: 16384 op, 516971200.00 ns, 31.5534 us/op
WorkloadActual   5: 16384 op, 526122300.00 ns, 32.1120 us/op

// AfterActualRun
WorkloadResult   1: 16384 op, 485800300.00 ns, 29.6509 us/op
WorkloadResult   2: 16384 op, 483097700.00 ns, 29.4859 us/op
WorkloadResult   3: 16384 op, 480109700.00 ns, 29.3036 us/op
WorkloadResult   4: 16384 op, 516950400.00 ns, 31.5521 us/op
WorkloadResult   5: 16384 op, 526101500.00 ns, 32.1107 us/op
// GC:  233 217 217 3538649952 16384
// Threading:  0 0 16384

// AfterAll
// Benchmark Process 29240 has exited with code 0.
// Launch: 2 / 10
// Execute: dotnet Heddle.Benchmarks.Dotnet-ShortRun-1.dll --anonymousPipes 2064 9584 --benchmarkName "Heddle.Benchmarks.Dotnet.Bench.TechniquePrecompiledDataOnlyBenchmarks.String(Workload: \"composed-page\")" --job ShortRun --benchmarkId 3 in E:\Work\Heddle\benchmarks\dotnet\bin\Release\net10.0\Heddle.Benchmarks.Dotnet-ShortRun-1\bin\Release\net10.0
// BeforeAnythingElse

// Benchmark Process Environment Information:
// BenchmarkDotNet v0.15.8
// Runtime=.NET 10.0.12 (10.0.12, 10.0.1226.42308), X64 RyuJIT x86-64-v4
// GC=Concurrent Workstation
// HardwareIntrinsics=AVX512 BITALG+VBMI2+VNNI+VPOPCNTDQ,AVX512 IFMA+VBMI,AVX512 F+BW+CD+DQ+VL,AVX2+BMI1+BMI2+F16C+FMA+LZCNT+MOVBE,AVX,SSE3+SSSE3+SSE4.1+SSE4.2+POPCNT,X86Base+SSE+SSE2,AES+PCLMUL,AvxVnni VectorSize=256
// Job: ShortRun(IterationCount=5, LaunchCount=10, WarmupCount=3)

OverheadJitting  1: 1 op, 127400.00 ns, 127.4000 us/op
WorkloadJitting  1: 1 op, 332300.00 ns, 332.3000 us/op

OverheadJitting  2: 16 op, 230500.00 ns, 14.4063 us/op
WorkloadJitting  2: 16 op, 2625600.00 ns, 164.1000 us/op

WorkloadPilot    1: 16 op, 2357800.00 ns, 147.3625 us/op
WorkloadPilot    2: 32 op, 5009500.00 ns, 156.5469 us/op
WorkloadPilot    3: 64 op, 10906400.00 ns, 170.4125 us/op
WorkloadPilot    4: 128 op, 19927800.00 ns, 155.6859 us/op
WorkloadPilot    5: 256 op, 40569800.00 ns, 158.4758 us/op
WorkloadPilot    6: 512 op, 60521200.00 ns, 118.2055 us/op
WorkloadPilot    7: 1024 op, 37746200.00 ns, 36.8615 us/op
WorkloadPilot    8: 2048 op, 70045700.00 ns, 34.2020 us/op
WorkloadPilot    9: 4096 op, 131080500.00 ns, 32.0021 us/op
WorkloadPilot   10: 8192 op, 256507300.00 ns, 31.3119 us/op
WorkloadPilot   11: 16384 op, 543850300.00 ns, 33.1940 us/op

OverheadWarmup   1: 16384 op, 22100.00 ns, 1.3489 ns/op
OverheadWarmup   2: 16384 op, 20900.00 ns, 1.2756 ns/op
OverheadWarmup   3: 16384 op, 20800.00 ns, 1.2695 ns/op
OverheadWarmup   4: 16384 op, 20500.00 ns, 1.2512 ns/op
OverheadWarmup   5: 16384 op, 20800.00 ns, 1.2695 ns/op
OverheadWarmup   6: 16384 op, 21100.00 ns, 1.2878 ns/op
OverheadWarmup   7: 16384 op, 20500.00 ns, 1.2512 ns/op
OverheadWarmup   8: 16384 op, 20700.00 ns, 1.2634 ns/op
OverheadWarmup   9: 16384 op, 20600.00 ns, 1.2573 ns/op

OverheadActual   1: 16384 op, 20400.00 ns, 1.2451 ns/op
OverheadActual   2: 16384 op, 20600.00 ns, 1.2573 ns/op
OverheadActual   3: 16384 op, 20300.00 ns, 1.2390 ns/op
OverheadActual   4: 16384 op, 22600.00 ns, 1.3794 ns/op
OverheadActual   5: 16384 op, 20200.00 ns, 1.2329 ns/op
OverheadActual   6: 16384 op, 20300.00 ns, 1.2390 ns/op
OverheadActual   7: 16384 op, 20500.00 ns, 1.2512 ns/op
OverheadActual   8: 16384 op, 21000.00 ns, 1.2817 ns/op
OverheadActual   9: 16384 op, 20400.00 ns, 1.2451 ns/op
OverheadActual  10: 16384 op, 20400.00 ns, 1.2451 ns/op
OverheadActual  11: 16384 op, 20400.00 ns, 1.2451 ns/op
OverheadActual  12: 16384 op, 20600.00 ns, 1.2573 ns/op
OverheadActual  13: 16384 op, 20500.00 ns, 1.2512 ns/op
OverheadActual  14: 16384 op, 20500.00 ns, 1.2512 ns/op
OverheadActual  15: 16384 op, 20500.00 ns, 1.2512 ns/op

WorkloadWarmup   1: 16384 op, 519210200.00 ns, 31.6901 us/op
WorkloadWarmup   2: 16384 op, 513378100.00 ns, 31.3341 us/op
WorkloadWarmup   3: 16384 op, 498601900.00 ns, 30.4322 us/op

// BeforeActualRun
WorkloadActual   1: 16384 op, 516466400.00 ns, 31.5226 us/op
WorkloadActual   2: 16384 op, 556648200.00 ns, 33.9751 us/op
WorkloadActual   3: 16384 op, 558457600.00 ns, 34.0855 us/op
WorkloadActual   4: 16384 op, 556339700.00 ns, 33.9563 us/op
WorkloadActual   5: 16384 op, 554959200.00 ns, 33.8720 us/op

// AfterActualRun
WorkloadResult   1: 16384 op, 516445900.00 ns, 31.5214 us/op
WorkloadResult   2: 16384 op, 556627700.00 ns, 33.9739 us/op
WorkloadResult   3: 16384 op, 558437100.00 ns, 34.0843 us/op
WorkloadResult   4: 16384 op, 556319200.00 ns, 33.9550 us/op
WorkloadResult   5: 16384 op, 554938700.00 ns, 33.8708 us/op
// GC:  240 224 224 3538718656 16384
// Threading:  0 0 16384

// AfterAll
// Benchmark Process 10244 has exited with code 0.
// Launch: 3 / 10
// Execute: dotnet Heddle.Benchmarks.Dotnet-ShortRun-1.dll --anonymousPipes 9820 9796 --benchmarkName "Heddle.Benchmarks.Dotnet.Bench.TechniquePrecompiledDataOnlyBenchmarks.String(Workload: \"composed-page\")" --job ShortRun --benchmarkId 3 in E:\Work\Heddle\benchmarks\dotnet\bin\Release\net10.0\Heddle.Benchmarks.Dotnet-ShortRun-1\bin\Release\net10.0
// BeforeAnythingElse

// Benchmark Process Environment Information:
// BenchmarkDotNet v0.15.8
// Runtime=.NET 10.0.12 (10.0.12, 10.0.1226.42308), X64 RyuJIT x86-64-v4
// GC=Concurrent Workstation
// HardwareIntrinsics=AVX512 BITALG+VBMI2+VNNI+VPOPCNTDQ,AVX512 IFMA+VBMI,AVX512 F+BW+CD+DQ+VL,AVX2+BMI1+BMI2+F16C+FMA+LZCNT+MOVBE,AVX,SSE3+SSSE3+SSE4.1+SSE4.2+POPCNT,X86Base+SSE+SSE2,AES+PCLMUL,AvxVnni VectorSize=256
// Job: ShortRun(IterationCount=5, LaunchCount=10, WarmupCount=3)

OverheadJitting  1: 1 op, 125300.00 ns, 125.3000 us/op
WorkloadJitting  1: 1 op, 339800.00 ns, 339.8000 us/op

OverheadJitting  2: 16 op, 230600.00 ns, 14.4125 us/op
WorkloadJitting  2: 16 op, 2625300.00 ns, 164.0813 us/op

WorkloadPilot    1: 16 op, 2337900.00 ns, 146.1188 us/op
WorkloadPilot    2: 32 op, 5141900.00 ns, 160.6844 us/op
WorkloadPilot    3: 64 op, 10940500.00 ns, 170.9453 us/op
WorkloadPilot    4: 128 op, 20742900.00 ns, 162.0539 us/op
WorkloadPilot    5: 256 op, 39630200.00 ns, 154.8055 us/op
WorkloadPilot    6: 512 op, 57921900.00 ns, 113.1287 us/op
WorkloadPilot    7: 1024 op, 35835800.00 ns, 34.9959 us/op
WorkloadPilot    8: 2048 op, 68028500.00 ns, 33.2170 us/op
WorkloadPilot    9: 4096 op, 127179800.00 ns, 31.0498 us/op
WorkloadPilot   10: 8192 op, 257705400.00 ns, 31.4582 us/op
WorkloadPilot   11: 16384 op, 509917900.00 ns, 31.1229 us/op

OverheadWarmup   1: 16384 op, 22500.00 ns, 1.3733 ns/op
OverheadWarmup   2: 16384 op, 20800.00 ns, 1.2695 ns/op
OverheadWarmup   3: 16384 op, 20700.00 ns, 1.2634 ns/op
OverheadWarmup   4: 16384 op, 20900.00 ns, 1.2756 ns/op
OverheadWarmup   5: 16384 op, 20800.00 ns, 1.2695 ns/op
OverheadWarmup   6: 16384 op, 20600.00 ns, 1.2573 ns/op
OverheadWarmup   7: 16384 op, 20800.00 ns, 1.2695 ns/op
OverheadWarmup   8: 16384 op, 20800.00 ns, 1.2695 ns/op

OverheadActual   1: 16384 op, 21000.00 ns, 1.2817 ns/op
OverheadActual   2: 16384 op, 20500.00 ns, 1.2512 ns/op
OverheadActual   3: 16384 op, 20800.00 ns, 1.2695 ns/op
OverheadActual   4: 16384 op, 20300.00 ns, 1.2390 ns/op
OverheadActual   5: 16384 op, 20900.00 ns, 1.2756 ns/op
OverheadActual   6: 16384 op, 20300.00 ns, 1.2390 ns/op
OverheadActual   7: 16384 op, 41200.00 ns, 2.5146 ns/op
OverheadActual   8: 16384 op, 21200.00 ns, 1.2939 ns/op
OverheadActual   9: 16384 op, 21500.00 ns, 1.3123 ns/op
OverheadActual  10: 16384 op, 21400.00 ns, 1.3062 ns/op
OverheadActual  11: 16384 op, 21200.00 ns, 1.2939 ns/op
OverheadActual  12: 16384 op, 21200.00 ns, 1.2939 ns/op
OverheadActual  13: 16384 op, 21800.00 ns, 1.3306 ns/op
OverheadActual  14: 16384 op, 20600.00 ns, 1.2573 ns/op
OverheadActual  15: 16384 op, 20900.00 ns, 1.2756 ns/op

WorkloadWarmup   1: 16384 op, 500102800.00 ns, 30.5239 us/op
WorkloadWarmup   2: 16384 op, 515875500.00 ns, 31.4865 us/op
WorkloadWarmup   3: 16384 op, 513834400.00 ns, 31.3620 us/op

// BeforeActualRun
WorkloadActual   1: 16384 op, 514383100.00 ns, 31.3955 us/op
WorkloadActual   2: 16384 op, 513683200.00 ns, 31.3527 us/op
WorkloadActual   3: 16384 op, 486451500.00 ns, 29.6906 us/op
WorkloadActual   4: 16384 op, 496035800.00 ns, 30.2756 us/op
WorkloadActual   5: 16384 op, 512734400.00 ns, 31.2948 us/op

// AfterActualRun
WorkloadResult   1: 16384 op, 514362100.00 ns, 31.3942 us/op
WorkloadResult   2: 16384 op, 513662200.00 ns, 31.3515 us/op
WorkloadResult   3: 16384 op, 486430500.00 ns, 29.6894 us/op
WorkloadResult   4: 16384 op, 496014800.00 ns, 30.2743 us/op
WorkloadResult   5: 16384 op, 512713400.00 ns, 31.2935 us/op
// GC:  233 217 217 3538617040 16384
// Threading:  0 0 16384

// AfterAll
// Benchmark Process 22844 has exited with code 0.
// Launch: 4 / 10
// Execute: dotnet Heddle.Benchmarks.Dotnet-ShortRun-1.dll --anonymousPipes 9808 9644 --benchmarkName "Heddle.Benchmarks.Dotnet.Bench.TechniquePrecompiledDataOnlyBenchmarks.String(Workload: \"composed-page\")" --job ShortRun --benchmarkId 3 in E:\Work\Heddle\benchmarks\dotnet\bin\Release\net10.0\Heddle.Benchmarks.Dotnet-ShortRun-1\bin\Release\net10.0
// BeforeAnythingElse

// Benchmark Process Environment Information:
// BenchmarkDotNet v0.15.8
// Runtime=.NET 10.0.12 (10.0.12, 10.0.1226.42308), X64 RyuJIT x86-64-v4
// GC=Concurrent Workstation
// HardwareIntrinsics=AVX512 BITALG+VBMI2+VNNI+VPOPCNTDQ,AVX512 IFMA+VBMI,AVX512 F+BW+CD+DQ+VL,AVX2+BMI1+BMI2+F16C+FMA+LZCNT+MOVBE,AVX,SSE3+SSSE3+SSE4.1+SSE4.2+POPCNT,X86Base+SSE+SSE2,AES+PCLMUL,AvxVnni VectorSize=256
// Job: ShortRun(IterationCount=5, LaunchCount=10, WarmupCount=3)

OverheadJitting  1: 1 op, 127700.00 ns, 127.7000 us/op
WorkloadJitting  1: 1 op, 332100.00 ns, 332.1000 us/op

OverheadJitting  2: 16 op, 227900.00 ns, 14.2438 us/op
WorkloadJitting  2: 16 op, 2636900.00 ns, 164.8063 us/op

WorkloadPilot    1: 16 op, 2369600.00 ns, 148.1000 us/op
WorkloadPilot    2: 32 op, 5053400.00 ns, 157.9188 us/op
WorkloadPilot    3: 64 op, 10220400.00 ns, 159.6938 us/op
WorkloadPilot    4: 128 op, 20105100.00 ns, 157.0711 us/op
WorkloadPilot    5: 256 op, 40530400.00 ns, 158.3219 us/op
WorkloadPilot    6: 512 op, 58291800.00 ns, 113.8512 us/op
WorkloadPilot    7: 1024 op, 34864900.00 ns, 34.0478 us/op
WorkloadPilot    8: 2048 op, 63626900.00 ns, 31.0678 us/op
WorkloadPilot    9: 4096 op, 139887800.00 ns, 34.1523 us/op
WorkloadPilot   10: 8192 op, 278518000.00 ns, 33.9988 us/op
WorkloadPilot   11: 16384 op, 532956000.00 ns, 32.5291 us/op

OverheadWarmup   1: 16384 op, 22300.00 ns, 1.3611 ns/op
OverheadWarmup   2: 16384 op, 21000.00 ns, 1.2817 ns/op
OverheadWarmup   3: 16384 op, 20700.00 ns, 1.2634 ns/op
OverheadWarmup   4: 16384 op, 20900.00 ns, 1.2756 ns/op
OverheadWarmup   5: 16384 op, 21200.00 ns, 1.2939 ns/op
OverheadWarmup   6: 16384 op, 20800.00 ns, 1.2695 ns/op
OverheadWarmup   7: 16384 op, 20600.00 ns, 1.2573 ns/op
OverheadWarmup   8: 16384 op, 20400.00 ns, 1.2451 ns/op
OverheadWarmup   9: 16384 op, 20500.00 ns, 1.2512 ns/op
OverheadWarmup  10: 16384 op, 20200.00 ns, 1.2329 ns/op

OverheadActual   1: 16384 op, 20400.00 ns, 1.2451 ns/op
OverheadActual   2: 16384 op, 20200.00 ns, 1.2329 ns/op
OverheadActual   3: 16384 op, 20500.00 ns, 1.2512 ns/op
OverheadActual   4: 16384 op, 20400.00 ns, 1.2451 ns/op
OverheadActual   5: 16384 op, 20300.00 ns, 1.2390 ns/op
OverheadActual   6: 16384 op, 20300.00 ns, 1.2390 ns/op
OverheadActual   7: 16384 op, 20500.00 ns, 1.2512 ns/op
OverheadActual   8: 16384 op, 20200.00 ns, 1.2329 ns/op
OverheadActual   9: 16384 op, 20300.00 ns, 1.2390 ns/op
OverheadActual  10: 16384 op, 20700.00 ns, 1.2634 ns/op
OverheadActual  11: 16384 op, 20900.00 ns, 1.2756 ns/op
OverheadActual  12: 16384 op, 20300.00 ns, 1.2390 ns/op
OverheadActual  13: 16384 op, 20500.00 ns, 1.2512 ns/op
OverheadActual  14: 16384 op, 20400.00 ns, 1.2451 ns/op
OverheadActual  15: 16384 op, 20600.00 ns, 1.2573 ns/op

WorkloadWarmup   1: 16384 op, 529842000.00 ns, 32.3390 us/op
WorkloadWarmup   2: 16384 op, 536156300.00 ns, 32.7244 us/op
WorkloadWarmup   3: 16384 op, 545865200.00 ns, 33.3170 us/op

// BeforeActualRun
WorkloadActual   1: 16384 op, 543793900.00 ns, 33.1905 us/op
WorkloadActual   2: 16384 op, 536811800.00 ns, 32.7644 us/op
WorkloadActual   3: 16384 op, 543796900.00 ns, 33.1907 us/op
WorkloadActual   4: 16384 op, 546870200.00 ns, 33.3783 us/op
WorkloadActual   5: 16384 op, 546268300.00 ns, 33.3416 us/op

// AfterActualRun
WorkloadResult   1: 16384 op, 543773500.00 ns, 33.1893 us/op
WorkloadResult   2: 16384 op, 536791400.00 ns, 32.7631 us/op
WorkloadResult   3: 16384 op, 543776500.00 ns, 33.1895 us/op
WorkloadResult   4: 16384 op, 546849800.00 ns, 33.3771 us/op
WorkloadResult   5: 16384 op, 546247900.00 ns, 33.3403 us/op
// GC:  231 215 215 3538649976 16384
// Threading:  0 0 16384

// AfterAll
// Benchmark Process 24808 has exited with code 0.
// Launch: 5 / 10
// Execute: dotnet Heddle.Benchmarks.Dotnet-ShortRun-1.dll --anonymousPipes 9880 9636 --benchmarkName "Heddle.Benchmarks.Dotnet.Bench.TechniquePrecompiledDataOnlyBenchmarks.String(Workload: \"composed-page\")" --job ShortRun --benchmarkId 3 in E:\Work\Heddle\benchmarks\dotnet\bin\Release\net10.0\Heddle.Benchmarks.Dotnet-ShortRun-1\bin\Release\net10.0
// BeforeAnythingElse

// Benchmark Process Environment Information:
// BenchmarkDotNet v0.15.8
// Runtime=.NET 10.0.12 (10.0.12, 10.0.1226.42308), X64 RyuJIT x86-64-v4
// GC=Concurrent Workstation
// HardwareIntrinsics=AVX512 BITALG+VBMI2+VNNI+VPOPCNTDQ,AVX512 IFMA+VBMI,AVX512 F+BW+CD+DQ+VL,AVX2+BMI1+BMI2+F16C+FMA+LZCNT+MOVBE,AVX,SSE3+SSSE3+SSE4.1+SSE4.2+POPCNT,X86Base+SSE+SSE2,AES+PCLMUL,AvxVnni VectorSize=256
// Job: ShortRun(IterationCount=5, LaunchCount=10, WarmupCount=3)

OverheadJitting  1: 1 op, 128600.00 ns, 128.6000 us/op
WorkloadJitting  1: 1 op, 325500.00 ns, 325.5000 us/op

OverheadJitting  2: 16 op, 224300.00 ns, 14.0188 us/op
WorkloadJitting  2: 16 op, 2637600.00 ns, 164.8500 us/op

WorkloadPilot    1: 16 op, 2388500.00 ns, 149.2813 us/op
WorkloadPilot    2: 32 op, 5158400.00 ns, 161.2000 us/op
WorkloadPilot    3: 64 op, 11054000.00 ns, 172.7188 us/op
WorkloadPilot    4: 128 op, 20958000.00 ns, 163.7344 us/op
WorkloadPilot    5: 256 op, 37981700.00 ns, 148.3660 us/op
WorkloadPilot    6: 512 op, 58795700.00 ns, 114.8354 us/op
WorkloadPilot    7: 1024 op, 34753600.00 ns, 33.9391 us/op
WorkloadPilot    8: 2048 op, 69025900.00 ns, 33.7041 us/op
WorkloadPilot    9: 4096 op, 136465900.00 ns, 33.3169 us/op
WorkloadPilot   10: 8192 op, 260257200.00 ns, 31.7697 us/op
WorkloadPilot   11: 16384 op, 490622000.00 ns, 29.9452 us/op
WorkloadPilot   12: 32768 op, 973721000.00 ns, 29.7156 us/op

OverheadWarmup   1: 32768 op, 43000.00 ns, 1.3123 ns/op
OverheadWarmup   2: 32768 op, 41000.00 ns, 1.2512 ns/op
OverheadWarmup   3: 32768 op, 41500.00 ns, 1.2665 ns/op
OverheadWarmup   4: 32768 op, 41000.00 ns, 1.2512 ns/op
OverheadWarmup   5: 32768 op, 41300.00 ns, 1.2604 ns/op
OverheadWarmup   6: 32768 op, 41200.00 ns, 1.2573 ns/op

OverheadActual   1: 32768 op, 41100.00 ns, 1.2543 ns/op
OverheadActual   2: 32768 op, 44300.00 ns, 1.3519 ns/op
OverheadActual   3: 32768 op, 41400.00 ns, 1.2634 ns/op
OverheadActual   4: 32768 op, 40700.00 ns, 1.2421 ns/op
OverheadActual   5: 32768 op, 41400.00 ns, 1.2634 ns/op
OverheadActual   6: 32768 op, 40800.00 ns, 1.2451 ns/op
OverheadActual   7: 32768 op, 41500.00 ns, 1.2665 ns/op
OverheadActual   8: 32768 op, 41000.00 ns, 1.2512 ns/op
OverheadActual   9: 32768 op, 42000.00 ns, 1.2817 ns/op
OverheadActual  10: 32768 op, 41900.00 ns, 1.2787 ns/op
OverheadActual  11: 32768 op, 41200.00 ns, 1.2573 ns/op
OverheadActual  12: 32768 op, 41000.00 ns, 1.2512 ns/op
OverheadActual  13: 32768 op, 40900.00 ns, 1.2482 ns/op
OverheadActual  14: 32768 op, 48500.00 ns, 1.4801 ns/op
OverheadActual  15: 32768 op, 41800.00 ns, 1.2756 ns/op

WorkloadWarmup   1: 32768 op, 997425900.00 ns, 30.4390 us/op
WorkloadWarmup   2: 32768 op, 983276800.00 ns, 30.0072 us/op
WorkloadWarmup   3: 32768 op, 1047815000.00 ns, 31.9768 us/op

// BeforeActualRun
WorkloadActual   1: 32768 op, 1050456900.00 ns, 32.0574 us/op
WorkloadActual   2: 32768 op, 1052054500.00 ns, 32.1062 us/op
WorkloadActual   3: 32768 op, 1035411100.00 ns, 31.5982 us/op
WorkloadActual   4: 32768 op, 1035617100.00 ns, 31.6045 us/op
WorkloadActual   5: 32768 op, 1037620100.00 ns, 31.6657 us/op

// AfterActualRun
WorkloadResult   1: 32768 op, 1050415500.00 ns, 32.0561 us/op
WorkloadResult   2: 32768 op, 1052013100.00 ns, 32.1049 us/op
WorkloadResult   3: 32768 op, 1035369700.00 ns, 31.5970 us/op
WorkloadResult   4: 32768 op, 1035575700.00 ns, 31.6033 us/op
WorkloadResult   5: 32768 op, 1037578700.00 ns, 31.6644 us/op
// GC:  463 431 431 7077251312 32768
// Threading:  0 0 32768

// AfterAll
// Benchmark Process 4984 has exited with code 0.
// Launch: 6 / 10
// Execute: dotnet Heddle.Benchmarks.Dotnet-ShortRun-1.dll --anonymousPipes 2052 3756 --benchmarkName "Heddle.Benchmarks.Dotnet.Bench.TechniquePrecompiledDataOnlyBenchmarks.String(Workload: \"composed-page\")" --job ShortRun --benchmarkId 3 in E:\Work\Heddle\benchmarks\dotnet\bin\Release\net10.0\Heddle.Benchmarks.Dotnet-ShortRun-1\bin\Release\net10.0
// BeforeAnythingElse

// Benchmark Process Environment Information:
// BenchmarkDotNet v0.15.8
// Runtime=.NET 10.0.12 (10.0.12, 10.0.1226.42308), X64 RyuJIT x86-64-v4
// GC=Concurrent Workstation
// HardwareIntrinsics=AVX512 BITALG+VBMI2+VNNI+VPOPCNTDQ,AVX512 IFMA+VBMI,AVX512 F+BW+CD+DQ+VL,AVX2+BMI1+BMI2+F16C+FMA+LZCNT+MOVBE,AVX,SSE3+SSSE3+SSE4.1+SSE4.2+POPCNT,X86Base+SSE+SSE2,AES+PCLMUL,AvxVnni VectorSize=256
// Job: ShortRun(IterationCount=5, LaunchCount=10, WarmupCount=3)

OverheadJitting  1: 1 op, 125400.00 ns, 125.4000 us/op
WorkloadJitting  1: 1 op, 324000.00 ns, 324.0000 us/op

OverheadJitting  2: 16 op, 222800.00 ns, 13.9250 us/op
WorkloadJitting  2: 16 op, 2613100.00 ns, 163.3188 us/op

WorkloadPilot    1: 16 op, 2340400.00 ns, 146.2750 us/op
WorkloadPilot    2: 32 op, 5168500.00 ns, 161.5156 us/op
WorkloadPilot    3: 64 op, 10902400.00 ns, 170.3500 us/op
WorkloadPilot    4: 128 op, 19366900.00 ns, 151.3039 us/op
WorkloadPilot    5: 256 op, 38838900.00 ns, 151.7145 us/op
WorkloadPilot    6: 512 op, 59471100.00 ns, 116.1545 us/op
WorkloadPilot    7: 1024 op, 35990900.00 ns, 35.1474 us/op
WorkloadPilot    8: 2048 op, 70342000.00 ns, 34.3467 us/op
WorkloadPilot    9: 4096 op, 150664800.00 ns, 36.7834 us/op
WorkloadPilot   10: 8192 op, 265120800.00 ns, 32.3634 us/op
WorkloadPilot   11: 16384 op, 529693200.00 ns, 32.3299 us/op

OverheadWarmup   1: 16384 op, 22100.00 ns, 1.3489 ns/op
OverheadWarmup   2: 16384 op, 23000.00 ns, 1.4038 ns/op
OverheadWarmup   3: 16384 op, 20500.00 ns, 1.2512 ns/op
OverheadWarmup   4: 16384 op, 20400.00 ns, 1.2451 ns/op
OverheadWarmup   5: 16384 op, 20600.00 ns, 1.2573 ns/op
OverheadWarmup   6: 16384 op, 20600.00 ns, 1.2573 ns/op

OverheadActual   1: 16384 op, 20200.00 ns, 1.2329 ns/op
OverheadActual   2: 16384 op, 21000.00 ns, 1.2817 ns/op
OverheadActual   3: 16384 op, 21200.00 ns, 1.2939 ns/op
OverheadActual   4: 16384 op, 20800.00 ns, 1.2695 ns/op
OverheadActual   5: 16384 op, 20600.00 ns, 1.2573 ns/op
OverheadActual   6: 16384 op, 20700.00 ns, 1.2634 ns/op
OverheadActual   7: 16384 op, 21200.00 ns, 1.2939 ns/op
OverheadActual   8: 16384 op, 20800.00 ns, 1.2695 ns/op
OverheadActual   9: 16384 op, 20400.00 ns, 1.2451 ns/op
OverheadActual  10: 16384 op, 20800.00 ns, 1.2695 ns/op
OverheadActual  11: 16384 op, 21100.00 ns, 1.2878 ns/op
OverheadActual  12: 16384 op, 21000.00 ns, 1.2817 ns/op
OverheadActual  13: 16384 op, 20400.00 ns, 1.2451 ns/op
OverheadActual  14: 16384 op, 20500.00 ns, 1.2512 ns/op
OverheadActual  15: 16384 op, 21100.00 ns, 1.2878 ns/op

WorkloadWarmup   1: 16384 op, 500245500.00 ns, 30.5326 us/op
WorkloadWarmup   2: 16384 op, 486125800.00 ns, 29.6708 us/op
WorkloadWarmup   3: 16384 op, 480644200.00 ns, 29.3362 us/op

// BeforeActualRun
WorkloadActual   1: 16384 op, 525766600.00 ns, 32.0902 us/op
WorkloadActual   2: 16384 op, 514442600.00 ns, 31.3991 us/op
WorkloadActual   3: 16384 op, 495038800.00 ns, 30.2148 us/op
WorkloadActual   4: 16384 op, 481054600.00 ns, 29.3612 us/op
WorkloadActual   5: 16384 op, 477886100.00 ns, 29.1679 us/op

// AfterActualRun
WorkloadResult   1: 16384 op, 525745800.00 ns, 32.0890 us/op
WorkloadResult   2: 16384 op, 514421800.00 ns, 31.3978 us/op
WorkloadResult   3: 16384 op, 495018000.00 ns, 30.2135 us/op
WorkloadResult   4: 16384 op, 481033800.00 ns, 29.3600 us/op
WorkloadResult   5: 16384 op, 477865300.00 ns, 29.1666 us/op
// GC:  224 208 208 3538616952 16384
// Threading:  0 0 16384

// AfterAll
// Benchmark Process 28140 has exited with code 0.
// Launch: 7 / 10
// Execute: dotnet Heddle.Benchmarks.Dotnet-ShortRun-1.dll --anonymousPipes 9684 9884 --benchmarkName "Heddle.Benchmarks.Dotnet.Bench.TechniquePrecompiledDataOnlyBenchmarks.String(Workload: \"composed-page\")" --job ShortRun --benchmarkId 3 in E:\Work\Heddle\benchmarks\dotnet\bin\Release\net10.0\Heddle.Benchmarks.Dotnet-ShortRun-1\bin\Release\net10.0
// BeforeAnythingElse

// Benchmark Process Environment Information:
// BenchmarkDotNet v0.15.8
// Runtime=.NET 10.0.12 (10.0.12, 10.0.1226.42308), X64 RyuJIT x86-64-v4
// GC=Concurrent Workstation
// HardwareIntrinsics=AVX512 BITALG+VBMI2+VNNI+VPOPCNTDQ,AVX512 IFMA+VBMI,AVX512 F+BW+CD+DQ+VL,AVX2+BMI1+BMI2+F16C+FMA+LZCNT+MOVBE,AVX,SSE3+SSSE3+SSE4.1+SSE4.2+POPCNT,X86Base+SSE+SSE2,AES+PCLMUL,AvxVnni VectorSize=256
// Job: ShortRun(IterationCount=5, LaunchCount=10, WarmupCount=3)

OverheadJitting  1: 1 op, 129400.00 ns, 129.4000 us/op
WorkloadJitting  1: 1 op, 337100.00 ns, 337.1000 us/op

OverheadJitting  2: 16 op, 231300.00 ns, 14.4563 us/op
WorkloadJitting  2: 16 op, 2639600.00 ns, 164.9750 us/op

WorkloadPilot    1: 16 op, 2370000.00 ns, 148.1250 us/op
WorkloadPilot    2: 32 op, 5081800.00 ns, 158.8063 us/op
WorkloadPilot    3: 64 op, 10649800.00 ns, 166.4031 us/op
WorkloadPilot    4: 128 op, 19147200.00 ns, 149.5875 us/op
WorkloadPilot    5: 256 op, 41295200.00 ns, 161.3094 us/op
WorkloadPilot    6: 512 op, 59146800.00 ns, 115.5211 us/op
WorkloadPilot    7: 1024 op, 35852100.00 ns, 35.0118 us/op
WorkloadPilot    8: 2048 op, 69278900.00 ns, 33.8276 us/op
WorkloadPilot    9: 4096 op, 131433900.00 ns, 32.0884 us/op
WorkloadPilot   10: 8192 op, 257464400.00 ns, 31.4288 us/op
WorkloadPilot   11: 16384 op, 530284300.00 ns, 32.3660 us/op

OverheadWarmup   1: 16384 op, 22300.00 ns, 1.3611 ns/op
OverheadWarmup   2: 16384 op, 21000.00 ns, 1.2817 ns/op
OverheadWarmup   3: 16384 op, 20600.00 ns, 1.2573 ns/op
OverheadWarmup   4: 16384 op, 20600.00 ns, 1.2573 ns/op
OverheadWarmup   5: 16384 op, 21000.00 ns, 1.2817 ns/op
OverheadWarmup   6: 16384 op, 20700.00 ns, 1.2634 ns/op
OverheadWarmup   7: 16384 op, 20500.00 ns, 1.2512 ns/op
OverheadWarmup   8: 16384 op, 20700.00 ns, 1.2634 ns/op

OverheadActual   1: 16384 op, 21000.00 ns, 1.2817 ns/op
OverheadActual   2: 16384 op, 20800.00 ns, 1.2695 ns/op
OverheadActual   3: 16384 op, 21000.00 ns, 1.2817 ns/op
OverheadActual   4: 16384 op, 20900.00 ns, 1.2756 ns/op
OverheadActual   5: 16384 op, 21100.00 ns, 1.2878 ns/op
OverheadActual   6: 16384 op, 20700.00 ns, 1.2634 ns/op
OverheadActual   7: 16384 op, 20600.00 ns, 1.2573 ns/op
OverheadActual   8: 16384 op, 20700.00 ns, 1.2634 ns/op
OverheadActual   9: 16384 op, 20900.00 ns, 1.2756 ns/op
OverheadActual  10: 16384 op, 20600.00 ns, 1.2573 ns/op
OverheadActual  11: 16384 op, 20400.00 ns, 1.2451 ns/op
OverheadActual  12: 16384 op, 20300.00 ns, 1.2390 ns/op
OverheadActual  13: 16384 op, 20800.00 ns, 1.2695 ns/op
OverheadActual  14: 16384 op, 20500.00 ns, 1.2512 ns/op
OverheadActual  15: 16384 op, 20500.00 ns, 1.2512 ns/op

WorkloadWarmup   1: 16384 op, 496216000.00 ns, 30.2866 us/op
WorkloadWarmup   2: 16384 op, 540556600.00 ns, 32.9930 us/op
WorkloadWarmup   3: 16384 op, 534075000.00 ns, 32.5974 us/op

// BeforeActualRun
WorkloadActual   1: 16384 op, 535075300.00 ns, 32.6584 us/op
WorkloadActual   2: 16384 op, 514979100.00 ns, 31.4318 us/op
WorkloadActual   3: 16384 op, 508363900.00 ns, 31.0281 us/op
WorkloadActual   4: 16384 op, 531683300.00 ns, 32.4514 us/op
WorkloadActual   5: 16384 op, 534261300.00 ns, 32.6087 us/op

// AfterActualRun
WorkloadResult   1: 16384 op, 535054600.00 ns, 32.6571 us/op
WorkloadResult   2: 16384 op, 514958400.00 ns, 31.4306 us/op
WorkloadResult   3: 16384 op, 508343200.00 ns, 31.0268 us/op
WorkloadResult   4: 16384 op, 531662600.00 ns, 32.4501 us/op
WorkloadResult   5: 16384 op, 534240600.00 ns, 32.6075 us/op
// GC:  234 218 218 3538665584 16384
// Threading:  0 0 16384

// AfterAll
// Benchmark Process 25924 has exited with code 0.
// Launch: 8 / 10
// Execute: dotnet Heddle.Benchmarks.Dotnet-ShortRun-1.dll --anonymousPipes 9860 9720 --benchmarkName "Heddle.Benchmarks.Dotnet.Bench.TechniquePrecompiledDataOnlyBenchmarks.String(Workload: \"composed-page\")" --job ShortRun --benchmarkId 3 in E:\Work\Heddle\benchmarks\dotnet\bin\Release\net10.0\Heddle.Benchmarks.Dotnet-ShortRun-1\bin\Release\net10.0
// BeforeAnythingElse

// Benchmark Process Environment Information:
// BenchmarkDotNet v0.15.8
// Runtime=.NET 10.0.12 (10.0.12, 10.0.1226.42308), X64 RyuJIT x86-64-v4
// GC=Concurrent Workstation
// HardwareIntrinsics=AVX512 BITALG+VBMI2+VNNI+VPOPCNTDQ,AVX512 IFMA+VBMI,AVX512 F+BW+CD+DQ+VL,AVX2+BMI1+BMI2+F16C+FMA+LZCNT+MOVBE,AVX,SSE3+SSSE3+SSE4.1+SSE4.2+POPCNT,X86Base+SSE+SSE2,AES+PCLMUL,AvxVnni VectorSize=256
// Job: ShortRun(IterationCount=5, LaunchCount=10, WarmupCount=3)

OverheadJitting  1: 1 op, 127500.00 ns, 127.5000 us/op
WorkloadJitting  1: 1 op, 329900.00 ns, 329.9000 us/op

OverheadJitting  2: 16 op, 221200.00 ns, 13.8250 us/op
WorkloadJitting  2: 16 op, 2605700.00 ns, 162.8563 us/op

WorkloadPilot    1: 16 op, 2326200.00 ns, 145.3875 us/op
WorkloadPilot    2: 32 op, 5013600.00 ns, 156.6750 us/op
WorkloadPilot    3: 64 op, 10907000.00 ns, 170.4219 us/op
WorkloadPilot    4: 128 op, 20856000.00 ns, 162.9375 us/op
WorkloadPilot    5: 256 op, 41066300.00 ns, 160.4152 us/op
WorkloadPilot    6: 512 op, 52282100.00 ns, 102.1135 us/op
WorkloadPilot    7: 1024 op, 35720800.00 ns, 34.8836 us/op
WorkloadPilot    8: 2048 op, 67730600.00 ns, 33.0716 us/op
WorkloadPilot    9: 4096 op, 134083600.00 ns, 32.7353 us/op
WorkloadPilot   10: 8192 op, 263624900.00 ns, 32.1808 us/op
WorkloadPilot   11: 16384 op, 495088300.00 ns, 30.2178 us/op
WorkloadPilot   12: 32768 op, 954982000.00 ns, 29.1437 us/op

OverheadWarmup   1: 32768 op, 42700.00 ns, 1.3031 ns/op
OverheadWarmup   2: 32768 op, 41300.00 ns, 1.2604 ns/op
OverheadWarmup   3: 32768 op, 41800.00 ns, 1.2756 ns/op
OverheadWarmup   4: 32768 op, 41200.00 ns, 1.2573 ns/op
OverheadWarmup   5: 32768 op, 41600.00 ns, 1.2695 ns/op
OverheadWarmup   6: 32768 op, 41200.00 ns, 1.2573 ns/op

OverheadActual   1: 32768 op, 41700.00 ns, 1.2726 ns/op
OverheadActual   2: 32768 op, 40800.00 ns, 1.2451 ns/op
OverheadActual   3: 32768 op, 41300.00 ns, 1.2604 ns/op
OverheadActual   4: 32768 op, 41900.00 ns, 1.2787 ns/op
OverheadActual   5: 32768 op, 42200.00 ns, 1.2878 ns/op
OverheadActual   6: 32768 op, 41200.00 ns, 1.2573 ns/op
OverheadActual   7: 32768 op, 41600.00 ns, 1.2695 ns/op
OverheadActual   8: 32768 op, 42400.00 ns, 1.2939 ns/op
OverheadActual   9: 32768 op, 41400.00 ns, 1.2634 ns/op
OverheadActual  10: 32768 op, 41000.00 ns, 1.2512 ns/op
OverheadActual  11: 32768 op, 41400.00 ns, 1.2634 ns/op
OverheadActual  12: 32768 op, 41500.00 ns, 1.2665 ns/op
OverheadActual  13: 32768 op, 41600.00 ns, 1.2695 ns/op
OverheadActual  14: 32768 op, 41200.00 ns, 1.2573 ns/op
OverheadActual  15: 32768 op, 41200.00 ns, 1.2573 ns/op

WorkloadWarmup   1: 32768 op, 1018698000.00 ns, 31.0882 us/op
WorkloadWarmup   2: 32768 op, 1039132600.00 ns, 31.7118 us/op
WorkloadWarmup   3: 32768 op, 1034418300.00 ns, 31.5679 us/op

// BeforeActualRun
WorkloadActual   1: 32768 op, 1046606400.00 ns, 31.9399 us/op
WorkloadActual   2: 32768 op, 1043618000.00 ns, 31.8487 us/op
WorkloadActual   3: 32768 op, 1048823900.00 ns, 32.0076 us/op
WorkloadActual   4: 32768 op, 1040424300.00 ns, 31.7512 us/op
WorkloadActual   5: 32768 op, 1043881300.00 ns, 31.8567 us/op

// AfterActualRun
WorkloadResult   1: 32768 op, 1046565000.00 ns, 31.9386 us/op
WorkloadResult   2: 32768 op, 1043576600.00 ns, 31.8474 us/op
WorkloadResult   3: 32768 op, 1048782500.00 ns, 32.0063 us/op
WorkloadResult   4: 32768 op, 1040382900.00 ns, 31.7500 us/op
WorkloadResult   5: 32768 op, 1043839900.00 ns, 31.8555 us/op
// GC:  461 429 429 7077362344 32768
// Threading:  0 0 32768

// AfterAll
// Benchmark Process 21360 has exited with code 0.
// Launch: 9 / 10
// Execute: dotnet Heddle.Benchmarks.Dotnet-ShortRun-1.dll --anonymousPipes 9628 9880 --benchmarkName "Heddle.Benchmarks.Dotnet.Bench.TechniquePrecompiledDataOnlyBenchmarks.String(Workload: \"composed-page\")" --job ShortRun --benchmarkId 3 in E:\Work\Heddle\benchmarks\dotnet\bin\Release\net10.0\Heddle.Benchmarks.Dotnet-ShortRun-1\bin\Release\net10.0
// BeforeAnythingElse

// Benchmark Process Environment Information:
// BenchmarkDotNet v0.15.8
// Runtime=.NET 10.0.12 (10.0.12, 10.0.1226.42308), X64 RyuJIT x86-64-v4
// GC=Concurrent Workstation
// HardwareIntrinsics=AVX512 BITALG+VBMI2+VNNI+VPOPCNTDQ,AVX512 IFMA+VBMI,AVX512 F+BW+CD+DQ+VL,AVX2+BMI1+BMI2+F16C+FMA+LZCNT+MOVBE,AVX,SSE3+SSSE3+SSE4.1+SSE4.2+POPCNT,X86Base+SSE+SSE2,AES+PCLMUL,AvxVnni VectorSize=256
// Job: ShortRun(IterationCount=5, LaunchCount=10, WarmupCount=3)

OverheadJitting  1: 1 op, 125200.00 ns, 125.2000 us/op
WorkloadJitting  1: 1 op, 331600.00 ns, 331.6000 us/op

OverheadJitting  2: 16 op, 225600.00 ns, 14.1000 us/op
WorkloadJitting  2: 16 op, 2660500.00 ns, 166.2813 us/op

WorkloadPilot    1: 16 op, 2414600.00 ns, 150.9125 us/op
WorkloadPilot    2: 32 op, 5328100.00 ns, 166.5031 us/op
WorkloadPilot    3: 64 op, 10408500.00 ns, 162.6328 us/op
WorkloadPilot    4: 128 op, 20074500.00 ns, 156.8320 us/op
WorkloadPilot    5: 256 op, 41062600.00 ns, 160.4008 us/op
WorkloadPilot    6: 512 op, 60726800.00 ns, 118.6070 us/op
WorkloadPilot    7: 1024 op, 36558900.00 ns, 35.7021 us/op
WorkloadPilot    8: 2048 op, 69226900.00 ns, 33.8022 us/op
WorkloadPilot    9: 4096 op, 129066900.00 ns, 31.5105 us/op
WorkloadPilot   10: 8192 op, 248396600.00 ns, 30.3219 us/op
WorkloadPilot   11: 16384 op, 520209200.00 ns, 31.7510 us/op

OverheadWarmup   1: 16384 op, 22000.00 ns, 1.3428 ns/op
OverheadWarmup   2: 16384 op, 21100.00 ns, 1.2878 ns/op
OverheadWarmup   3: 16384 op, 23000.00 ns, 1.4038 ns/op
OverheadWarmup   4: 16384 op, 20500.00 ns, 1.2512 ns/op
OverheadWarmup   5: 16384 op, 20900.00 ns, 1.2756 ns/op
OverheadWarmup   6: 16384 op, 20600.00 ns, 1.2573 ns/op

OverheadActual   1: 16384 op, 20400.00 ns, 1.2451 ns/op
OverheadActual   2: 16384 op, 20500.00 ns, 1.2512 ns/op
OverheadActual   3: 16384 op, 21100.00 ns, 1.2878 ns/op
OverheadActual   4: 16384 op, 20400.00 ns, 1.2451 ns/op
OverheadActual   5: 16384 op, 20400.00 ns, 1.2451 ns/op
OverheadActual   6: 16384 op, 20400.00 ns, 1.2451 ns/op
OverheadActual   7: 16384 op, 20500.00 ns, 1.2512 ns/op
OverheadActual   8: 16384 op, 20400.00 ns, 1.2451 ns/op
OverheadActual   9: 16384 op, 20400.00 ns, 1.2451 ns/op
OverheadActual  10: 16384 op, 20300.00 ns, 1.2390 ns/op
OverheadActual  11: 16384 op, 20800.00 ns, 1.2695 ns/op
OverheadActual  12: 16384 op, 20500.00 ns, 1.2512 ns/op
OverheadActual  13: 16384 op, 20600.00 ns, 1.2573 ns/op
OverheadActual  14: 16384 op, 41500.00 ns, 2.5330 ns/op
OverheadActual  15: 16384 op, 20900.00 ns, 1.2756 ns/op

WorkloadWarmup   1: 16384 op, 494877200.00 ns, 30.2049 us/op
WorkloadWarmup   2: 16384 op, 513487800.00 ns, 31.3408 us/op
WorkloadWarmup   3: 16384 op, 531814100.00 ns, 32.4594 us/op

// BeforeActualRun
WorkloadActual   1: 16384 op, 530052100.00 ns, 32.3518 us/op
WorkloadActual   2: 16384 op, 520123800.00 ns, 31.7458 us/op
WorkloadActual   3: 16384 op, 531641200.00 ns, 32.4488 us/op
WorkloadActual   4: 16384 op, 522897700.00 ns, 31.9151 us/op
WorkloadActual   5: 16384 op, 532056900.00 ns, 32.4742 us/op

// AfterActualRun
WorkloadResult   1: 16384 op, 530031600.00 ns, 32.3506 us/op
WorkloadResult   2: 16384 op, 520103300.00 ns, 31.7446 us/op
WorkloadResult   3: 16384 op, 531620700.00 ns, 32.4476 us/op
WorkloadResult   4: 16384 op, 522877200.00 ns, 31.9139 us/op
WorkloadResult   5: 16384 op, 532036400.00 ns, 32.4729 us/op
// GC:  231 215 215 3538612544 16384
// Threading:  0 0 16384

// AfterAll
// Benchmark Process 26992 has exited with code 0.
// Launch: 10 / 10
// Execute: dotnet Heddle.Benchmarks.Dotnet-ShortRun-1.dll --anonymousPipes 9884 4000 --benchmarkName "Heddle.Benchmarks.Dotnet.Bench.TechniquePrecompiledDataOnlyBenchmarks.String(Workload: \"composed-page\")" --job ShortRun --benchmarkId 3 in E:\Work\Heddle\benchmarks\dotnet\bin\Release\net10.0\Heddle.Benchmarks.Dotnet-ShortRun-1\bin\Release\net10.0
// BeforeAnythingElse

// Benchmark Process Environment Information:
// BenchmarkDotNet v0.15.8
// Runtime=.NET 10.0.12 (10.0.12, 10.0.1226.42308), X64 RyuJIT x86-64-v4
// GC=Concurrent Workstation
// HardwareIntrinsics=AVX512 BITALG+VBMI2+VNNI+VPOPCNTDQ,AVX512 IFMA+VBMI,AVX512 F+BW+CD+DQ+VL,AVX2+BMI1+BMI2+F16C+FMA+LZCNT+MOVBE,AVX,SSE3+SSSE3+SSE4.1+SSE4.2+POPCNT,X86Base+SSE+SSE2,AES+PCLMUL,AvxVnni VectorSize=256
// Job: ShortRun(IterationCount=5, LaunchCount=10, WarmupCount=3)

OverheadJitting  1: 1 op, 123700.00 ns, 123.7000 us/op
WorkloadJitting  1: 1 op, 324400.00 ns, 324.4000 us/op

OverheadJitting  2: 16 op, 224700.00 ns, 14.0438 us/op
WorkloadJitting  2: 16 op, 2629700.00 ns, 164.3563 us/op

WorkloadPilot    1: 16 op, 2377400.00 ns, 148.5875 us/op
WorkloadPilot    2: 32 op, 5015300.00 ns, 156.7281 us/op
WorkloadPilot    3: 64 op, 10678300.00 ns, 166.8484 us/op
WorkloadPilot    4: 128 op, 21171800.00 ns, 165.4047 us/op
WorkloadPilot    5: 256 op, 41739800.00 ns, 163.0461 us/op
WorkloadPilot    6: 512 op, 57501300.00 ns, 112.3072 us/op
WorkloadPilot    7: 1024 op, 37071300.00 ns, 36.2024 us/op
WorkloadPilot    8: 2048 op, 66553500.00 ns, 32.4968 us/op
WorkloadPilot    9: 4096 op, 134147900.00 ns, 32.7510 us/op
WorkloadPilot   10: 8192 op, 238278700.00 ns, 29.0868 us/op
WorkloadPilot   11: 16384 op, 495551000.00 ns, 30.2460 us/op
WorkloadPilot   12: 32768 op, 1020528800.00 ns, 31.1441 us/op

OverheadWarmup   1: 32768 op, 43200.00 ns, 1.3184 ns/op
OverheadWarmup   2: 32768 op, 41300.00 ns, 1.2604 ns/op
OverheadWarmup   3: 32768 op, 41300.00 ns, 1.2604 ns/op
OverheadWarmup   4: 32768 op, 41200.00 ns, 1.2573 ns/op
OverheadWarmup   5: 32768 op, 42100.00 ns, 1.2848 ns/op
OverheadWarmup   6: 32768 op, 41100.00 ns, 1.2543 ns/op

OverheadActual   1: 32768 op, 45800.00 ns, 1.3977 ns/op
OverheadActual   2: 32768 op, 42600.00 ns, 1.3000 ns/op
OverheadActual   3: 32768 op, 41100.00 ns, 1.2543 ns/op
OverheadActual   4: 32768 op, 40500.00 ns, 1.2360 ns/op
OverheadActual   5: 32768 op, 41000.00 ns, 1.2512 ns/op
OverheadActual   6: 32768 op, 44000.00 ns, 1.3428 ns/op
OverheadActual   7: 32768 op, 40800.00 ns, 1.2451 ns/op
OverheadActual   8: 32768 op, 40500.00 ns, 1.2360 ns/op
OverheadActual   9: 32768 op, 40600.00 ns, 1.2390 ns/op
OverheadActual  10: 32768 op, 45700.00 ns, 1.3947 ns/op
OverheadActual  11: 32768 op, 43300.00 ns, 1.3214 ns/op
OverheadActual  12: 32768 op, 44200.00 ns, 1.3489 ns/op
OverheadActual  13: 32768 op, 42200.00 ns, 1.2878 ns/op
OverheadActual  14: 32768 op, 41100.00 ns, 1.2543 ns/op
OverheadActual  15: 32768 op, 41500.00 ns, 1.2665 ns/op

WorkloadWarmup   1: 32768 op, 977271700.00 ns, 29.8240 us/op
WorkloadWarmup   2: 32768 op, 966063800.00 ns, 29.4819 us/op
WorkloadWarmup   3: 32768 op, 1031687300.00 ns, 31.4846 us/op

// BeforeActualRun
WorkloadActual   1: 32768 op, 1028944400.00 ns, 31.4009 us/op
WorkloadActual   2: 32768 op, 1041525800.00 ns, 31.7848 us/op
WorkloadActual   3: 32768 op, 1042454600.00 ns, 31.8132 us/op
WorkloadActual   4: 32768 op, 1040306600.00 ns, 31.7476 us/op
WorkloadActual   5: 32768 op, 1032075400.00 ns, 31.4964 us/op

// AfterActualRun
WorkloadResult   1: 32768 op, 1028902900.00 ns, 31.3996 us/op
WorkloadResult   2: 32768 op, 1041484300.00 ns, 31.7836 us/op
WorkloadResult   3: 32768 op, 1042413100.00 ns, 31.8119 us/op
WorkloadResult   4: 32768 op, 1040265100.00 ns, 31.7464 us/op
WorkloadResult   5: 32768 op, 1032033900.00 ns, 31.4952 us/op
// GC:  466 434 434 7077318400 32768
// Threading:  0 0 32768

// AfterAll
// Benchmark Process 14720 has exited with code 0.

Mean = 31.787 μs, StdErr = 0.172 μs (0.54%), N = 50, StdDev = 1.215 μs
Min = 29.167 μs, Q1 = 31.398 μs, Median = 31.798 μs, Q3 = 32.449 μs, Max = 34.084 μs
IQR = 1.051 μs, LowerFence = 29.821 μs, UpperFence = 34.026 μs
ConfidenceInterval = [31.186 μs; 32.389 μs] (CI 99.9%), Margin = 0.601 μs (1.89% of Mean)
Skewness = -0.32, Kurtosis = 2.89, MValue = 2

// ** Remained 0 (0.0%) benchmark(s) to run. Estimated finish 2026-09-16 12:18 (0h 0m from now) **
Successfully reverted power plan (GUID: 8c5e7fda-e8bf-4a96-9a85-a6e23a8c635c FriendlyName: High performance)
// ***** BenchmarkRunner: Finish  *****

// * Export *
  BenchmarkDotNet.Artifacts\baseline-cells\results\Heddle.Benchmarks.Dotnet.Bench.TechniquePrecompiledDataOnlyBenchmarks-report.csv
  BenchmarkDotNet.Artifacts\baseline-cells\results\Heddle.Benchmarks.Dotnet.Bench.TechniquePrecompiledDataOnlyBenchmarks-report-github.md
  BenchmarkDotNet.Artifacts\baseline-cells\results\Heddle.Benchmarks.Dotnet.Bench.TechniquePrecompiledDataOnlyBenchmarks-report.html

// * Detailed results *
TechniquePrecompiledDataOnlyBenchmarks.String: ShortRun(IterationCount=5, LaunchCount=10, WarmupCount=3) [Workload=composed-page]
Runtime = .NET 10.0.12 (10.0.12, 10.0.1226.42308), X64 RyuJIT x86-64-v4; GC = Concurrent Workstation
Mean = 31.787 μs, StdErr = 0.172 μs (0.54%), N = 50, StdDev = 1.215 μs
Min = 29.167 μs, Q1 = 31.398 μs, Median = 31.798 μs, Q3 = 32.449 μs, Max = 34.084 μs
IQR = 1.051 μs, LowerFence = 29.821 μs, UpperFence = 34.026 μs
ConfidenceInterval = [31.186 μs; 32.389 μs] (CI 99.9%), Margin = 0.601 μs (1.89% of Mean)
Skewness = -0.32, Kurtosis = 2.89, MValue = 2
-------------------- Histogram --------------------
[28.995 μs ; 29.861 μs) | @@@@@@
[29.861 μs ; 31.053 μs) | @@@
[31.053 μs ; 32.135 μs) | @@@@@@@@@@@@@@@@@@@@@@@@@@
[32.135 μs ; 33.203 μs) | @@@@@@@@@
[33.203 μs ; 34.145 μs) | @@@@@@
---------------------------------------------------

// * Summary *

BenchmarkDotNet v0.15.8, Windows 11 (10.0.26200.9457/25H2/2025Update/HudsonValley2)
AMD Ryzen 9 9950X 4.30GHz, 1 CPU, 32 logical and 16 physical cores
.NET SDK 10.0.401
  [Host]   : .NET 10.0.12 (10.0.12, 10.0.1226.42308), X64 RyuJIT x86-64-v4
  ShortRun : .NET 10.0.12 (10.0.12, 10.0.1226.42308), X64 RyuJIT x86-64-v4

Job=ShortRun  IterationCount=5  LaunchCount=10  
WarmupCount=3  

| Method | Workload      | Mean     | Error    | StdDev   | Gen0    | Gen1    | Gen2    | Allocated |
|------- |-------------- |---------:|---------:|---------:|--------:|--------:|--------:|----------:|
| String | composed-page | 31.79 μs | 0.601 μs | 1.215 μs | 14.2212 | 13.2446 | 13.2446 | 210.92 KB |

// * Hints *
Outliers
  TechniquePrecompiledDataOnlyBenchmarks.String: ShortRun -> 1 outlier  was  removed, 7 outliers were detected (29.17 μs..29.69 μs, 34.09 μs)

// * Legends *
  Workload  : Value of the 'Workload' parameter
  Mean      : Arithmetic mean of all measurements
  Error     : Half of 99.9% confidence interval
  StdDev    : Standard deviation of all measurements
  Gen0      : GC Generation 0 collects per 1000 operations
  Gen1      : GC Generation 1 collects per 1000 operations
  Gen2      : GC Generation 2 collects per 1000 operations
  Allocated : Allocated memory per single operation (managed only, inclusive, 1KB = 1024B)
  1 μs      : 1 Microsecond (0.000001 sec)

// * Diagnostic Output - MemoryDiagnoser *


// ***** BenchmarkRunner: End *****
Run time: 00:01:22 (82.68 sec), executed benchmarks: 1

Global total time: 00:05:45 (345.12 sec), executed benchmarks: 4
// * Artifacts cleanup *
Artifacts cleanup is finished
