// Validating benchmarks:
// ***** BenchmarkRunner: Start   *****
// ***** Found 24 benchmark(s) in total *****
// ***** Building 1 exe(s) in Parallel: Start   *****
// start dotnet  restore --nodeReuse:false /p:UseSharedCompilation=false /p:Deterministic=true /p:Optimize=true /p:ArtifactsPath="E:\Work\Heddle\benchmarks\dotnet\bin\Release\net10.0\Heddle.Benchmarks.Dotnet-ShortRun-1/" /p:OutDir="E:\Work\Heddle\benchmarks\dotnet\bin\Release\net10.0\Heddle.Benchmarks.Dotnet-ShortRun-1\bin\Release\net10.0/" /p:OutputPath="E:\Work\Heddle\benchmarks\dotnet\bin\Release\net10.0\Heddle.Benchmarks.Dotnet-ShortRun-1\bin\Release\net10.0/" /p:PublishDir="E:\Work\Heddle\benchmarks\dotnet\bin\Release\net10.0\Heddle.Benchmarks.Dotnet-ShortRun-1\publish/" in E:\Work\Heddle\benchmarks\dotnet\bin\Release\net10.0\Heddle.Benchmarks.Dotnet-ShortRun-1
// command took 1.07 sec and exited with 0
// start dotnet  build -c Release --no-restore --nodeReuse:false /p:UseSharedCompilation=false /p:Deterministic=true /p:Optimize=true /p:ArtifactsPath="E:\Work\Heddle\benchmarks\dotnet\bin\Release\net10.0\Heddle.Benchmarks.Dotnet-ShortRun-1/" /p:OutDir="E:\Work\Heddle\benchmarks\dotnet\bin\Release\net10.0\Heddle.Benchmarks.Dotnet-ShortRun-1\bin\Release\net10.0/" /p:OutputPath="E:\Work\Heddle\benchmarks\dotnet\bin\Release\net10.0\Heddle.Benchmarks.Dotnet-ShortRun-1\bin\Release\net10.0/" /p:PublishDir="E:\Work\Heddle\benchmarks\dotnet\bin\Release\net10.0\Heddle.Benchmarks.Dotnet-ShortRun-1\publish/" --output "E:\Work\Heddle\benchmarks\dotnet\bin\Release\net10.0\Heddle.Benchmarks.Dotnet-ShortRun-1\bin\Release\net10.0/" in E:\Work\Heddle\benchmarks\dotnet\bin\Release\net10.0\Heddle.Benchmarks.Dotnet-ShortRun-1
// command took 14.81 sec and exited with 0
// ***** Done, took 00:00:16 (16.07 sec)   *****
// Found 24 benchmarks:
//   TechniquePrecompiledBenchmarks.Utf8: ShortRun(IterationCount=5, LaunchCount=3, WarmupCount=3) [Workload=composed-page]
//   TechniquePrecompiledBenchmarks.TextWriter: ShortRun(IterationCount=5, LaunchCount=3, WarmupCount=3) [Workload=composed-page]
//   TechniquePrecompiledBenchmarks.String: ShortRun(IterationCount=5, LaunchCount=3, WarmupCount=3) [Workload=composed-page]
//   TechniquePrecompiledBenchmarks.Utf8: ShortRun(IterationCount=5, LaunchCount=3, WarmupCount=3) [Workload=conditional-heavy]
//   TechniquePrecompiledBenchmarks.TextWriter: ShortRun(IterationCount=5, LaunchCount=3, WarmupCount=3) [Workload=conditional-heavy]
//   TechniquePrecompiledBenchmarks.String: ShortRun(IterationCount=5, LaunchCount=3, WarmupCount=3) [Workload=conditional-heavy]
//   TechniquePrecompiledBenchmarks.Utf8: ShortRun(IterationCount=5, LaunchCount=3, WarmupCount=3) [Workload=encoded-loop]
//   TechniquePrecompiledBenchmarks.TextWriter: ShortRun(IterationCount=5, LaunchCount=3, WarmupCount=3) [Workload=encoded-loop]
//   TechniquePrecompiledBenchmarks.String: ShortRun(IterationCount=5, LaunchCount=3, WarmupCount=3) [Workload=encoded-loop]
//   TechniquePrecompiledBenchmarks.Utf8: ShortRun(IterationCount=5, LaunchCount=3, WarmupCount=3) [Workload=fortunes-encoded]
//   TechniquePrecompiledBenchmarks.TextWriter: ShortRun(IterationCount=5, LaunchCount=3, WarmupCount=3) [Workload=fortunes-encoded]
//   TechniquePrecompiledBenchmarks.String: ShortRun(IterationCount=5, LaunchCount=3, WarmupCount=3) [Workload=fortunes-encoded]
//   TechniquePrecompiledBenchmarks.Utf8: ShortRun(IterationCount=5, LaunchCount=3, WarmupCount=3) [Workload=fragment-heavy]
//   TechniquePrecompiledBenchmarks.TextWriter: ShortRun(IterationCount=5, LaunchCount=3, WarmupCount=3) [Workload=fragment-heavy]
//   TechniquePrecompiledBenchmarks.String: ShortRun(IterationCount=5, LaunchCount=3, WarmupCount=3) [Workload=fragment-heavy]
//   TechniquePrecompiledBenchmarks.Utf8: ShortRun(IterationCount=5, LaunchCount=3, WarmupCount=3) [Workload=large-loop]
//   TechniquePrecompiledBenchmarks.TextWriter: ShortRun(IterationCount=5, LaunchCount=3, WarmupCount=3) [Workload=large-loop]
//   TechniquePrecompiledBenchmarks.String: ShortRun(IterationCount=5, LaunchCount=3, WarmupCount=3) [Workload=large-loop]
//   TechniquePrecompiledBenchmarks.Utf8: ShortRun(IterationCount=5, LaunchCount=3, WarmupCount=3) [Workload=mixed-page]
//   TechniquePrecompiledBenchmarks.TextWriter: ShortRun(IterationCount=5, LaunchCount=3, WarmupCount=3) [Workload=mixed-page]
//   TechniquePrecompiledBenchmarks.String: ShortRun(IterationCount=5, LaunchCount=3, WarmupCount=3) [Workload=mixed-page]
//   TechniquePrecompiledBenchmarks.Utf8: ShortRun(IterationCount=5, LaunchCount=3, WarmupCount=3) [Workload=trivial-substitution]
//   TechniquePrecompiledBenchmarks.TextWriter: ShortRun(IterationCount=5, LaunchCount=3, WarmupCount=3) [Workload=trivial-substitution]
//   TechniquePrecompiledBenchmarks.String: ShortRun(IterationCount=5, LaunchCount=3, WarmupCount=3) [Workload=trivial-substitution]

Setup power plan (GUID: 8c5e7fda-e8bf-4a96-9a85-a6e23a8c635c FriendlyName: High performance)
// **************************
// Benchmark: TechniquePrecompiledBenchmarks.Utf8: ShortRun(IterationCount=5, LaunchCount=3, WarmupCount=3) [Workload=composed-page]
// *** Execute ***
// Launch: 1 / 3
// Execute: dotnet Heddle.Benchmarks.Dotnet-ShortRun-1.dll --anonymousPipes 5456 5468 --benchmarkName "Heddle.Benchmarks.Dotnet.Bench.TechniquePrecompiledBenchmarks.Utf8(Workload: \"composed-page\")" --job ShortRun --benchmarkId 0 in E:\Work\Heddle\benchmarks\dotnet\bin\Release\net10.0\Heddle.Benchmarks.Dotnet-ShortRun-1\bin\Release\net10.0
// BeforeAnythingElse

// Benchmark Process Environment Information:
// BenchmarkDotNet v0.15.8
// Runtime=.NET 10.0.12 (10.0.12, 10.0.1226.42308), X64 RyuJIT x86-64-v4
// GC=Concurrent Workstation
// HardwareIntrinsics=AVX512 BITALG+VBMI2+VNNI+VPOPCNTDQ,AVX512 IFMA+VBMI,AVX512 F+BW+CD+DQ+VL,AVX2+BMI1+BMI2+F16C+FMA+LZCNT+MOVBE,AVX,SSE3+SSSE3+SSE4.1+SSE4.2+POPCNT,X86Base+SSE+SSE2,AES+PCLMUL,AvxVnni VectorSize=256
// Job: ShortRun(IterationCount=5, LaunchCount=3, WarmupCount=3)

OverheadJitting  1: 1 op, 144400.00 ns, 144.4000 us/op
WorkloadJitting  1: 1 op, 369500.00 ns, 369.5000 us/op

OverheadJitting  2: 16 op, 222600.00 ns, 13.9125 us/op
WorkloadJitting  2: 16 op, 2898600.00 ns, 181.1625 us/op

WorkloadPilot    1: 16 op, 2653100.00 ns, 165.8188 us/op
WorkloadPilot    2: 32 op, 5224400.00 ns, 163.2625 us/op
WorkloadPilot    3: 64 op, 10425300.00 ns, 162.8953 us/op
WorkloadPilot    4: 128 op, 21041000.00 ns, 164.3828 us/op
WorkloadPilot    5: 256 op, 41357900.00 ns, 161.5543 us/op
WorkloadPilot    6: 512 op, 82830800.00 ns, 161.7789 us/op
WorkloadPilot    7: 1024 op, 185920700.00 ns, 181.5632 us/op
WorkloadPilot    8: 2048 op, 216520200.00 ns, 105.7228 us/op
WorkloadPilot    9: 4096 op, 123546200.00 ns, 30.1626 us/op
WorkloadPilot   10: 8192 op, 199886700.00 ns, 24.4002 us/op
WorkloadPilot   11: 16384 op, 399022300.00 ns, 24.3544 us/op
WorkloadPilot   12: 32768 op, 794842300.00 ns, 24.2567 us/op

OverheadWarmup   1: 32768 op, 42500.00 ns, 1.2970 ns/op
OverheadWarmup   2: 32768 op, 41300.00 ns, 1.2604 ns/op
OverheadWarmup   3: 32768 op, 41300.00 ns, 1.2604 ns/op
OverheadWarmup   4: 32768 op, 82600.00 ns, 2.5208 ns/op
OverheadWarmup   5: 32768 op, 41600.00 ns, 1.2695 ns/op
OverheadWarmup   6: 32768 op, 55400.00 ns, 1.6907 ns/op

OverheadActual   1: 32768 op, 87300.00 ns, 2.6642 ns/op
OverheadActual   2: 32768 op, 42500.00 ns, 1.2970 ns/op
OverheadActual   3: 32768 op, 46300.00 ns, 1.4130 ns/op
OverheadActual   4: 32768 op, 41200.00 ns, 1.2573 ns/op
OverheadActual   5: 32768 op, 42100.00 ns, 1.2848 ns/op
OverheadActual   6: 32768 op, 41500.00 ns, 1.2665 ns/op
OverheadActual   7: 32768 op, 41000.00 ns, 1.2512 ns/op
OverheadActual   8: 32768 op, 41500.00 ns, 1.2665 ns/op
OverheadActual   9: 32768 op, 41400.00 ns, 1.2634 ns/op
OverheadActual  10: 32768 op, 41600.00 ns, 1.2695 ns/op
OverheadActual  11: 32768 op, 41300.00 ns, 1.2604 ns/op
OverheadActual  12: 32768 op, 41500.00 ns, 1.2665 ns/op
OverheadActual  13: 32768 op, 41300.00 ns, 1.2604 ns/op
OverheadActual  14: 32768 op, 41300.00 ns, 1.2604 ns/op
OverheadActual  15: 32768 op, 41000.00 ns, 1.2512 ns/op

WorkloadWarmup   1: 32768 op, 805000900.00 ns, 24.5667 us/op
WorkloadWarmup   2: 32768 op, 798309700.00 ns, 24.3625 us/op
WorkloadWarmup   3: 32768 op, 797178300.00 ns, 24.3280 us/op

// BeforeActualRun
WorkloadActual   1: 32768 op, 797908800.00 ns, 24.3502 us/op
WorkloadActual   2: 32768 op, 797853300.00 ns, 24.3486 us/op
WorkloadActual   3: 32768 op, 800713900.00 ns, 24.4358 us/op
WorkloadActual   4: 32768 op, 800153200.00 ns, 24.4187 us/op
WorkloadActual   5: 32768 op, 795137300.00 ns, 24.2657 us/op

// AfterActualRun
WorkloadResult   1: 32768 op, 797867300.00 ns, 24.3490 us/op
WorkloadResult   2: 32768 op, 797811800.00 ns, 24.3473 us/op
WorkloadResult   3: 32768 op, 800672400.00 ns, 24.4346 us/op
WorkloadResult   4: 32768 op, 800111700.00 ns, 24.4175 us/op
WorkloadResult   5: 32768 op, 795095800.00 ns, 24.2644 us/op
// GC:  32 0 0 541589504 32768
// Threading:  0 0 32768

// AfterAll
// Benchmark Process 20608 has exited with code 0.
// Launch: 2 / 3
// Execute: dotnet Heddle.Benchmarks.Dotnet-ShortRun-1.dll --anonymousPipes 5464 2436 --benchmarkName "Heddle.Benchmarks.Dotnet.Bench.TechniquePrecompiledBenchmarks.Utf8(Workload: \"composed-page\")" --job ShortRun --benchmarkId 0 in E:\Work\Heddle\benchmarks\dotnet\bin\Release\net10.0\Heddle.Benchmarks.Dotnet-ShortRun-1\bin\Release\net10.0
// BeforeAnythingElse

// Benchmark Process Environment Information:
// BenchmarkDotNet v0.15.8
// Runtime=.NET 10.0.12 (10.0.12, 10.0.1226.42308), X64 RyuJIT x86-64-v4
// GC=Concurrent Workstation
// HardwareIntrinsics=AVX512 BITALG+VBMI2+VNNI+VPOPCNTDQ,AVX512 IFMA+VBMI,AVX512 F+BW+CD+DQ+VL,AVX2+BMI1+BMI2+F16C+FMA+LZCNT+MOVBE,AVX,SSE3+SSSE3+SSE4.1+SSE4.2+POPCNT,X86Base+SSE+SSE2,AES+PCLMUL,AvxVnni VectorSize=256
// Job: ShortRun(IterationCount=5, LaunchCount=3, WarmupCount=3)

OverheadJitting  1: 1 op, 132400.00 ns, 132.4000 us/op
WorkloadJitting  1: 1 op, 361500.00 ns, 361.5000 us/op

OverheadJitting  2: 16 op, 224600.00 ns, 14.0375 us/op
WorkloadJitting  2: 16 op, 2832600.00 ns, 177.0375 us/op

WorkloadPilot    1: 16 op, 2650000.00 ns, 165.6250 us/op
WorkloadPilot    2: 32 op, 5105400.00 ns, 159.5438 us/op
WorkloadPilot    3: 64 op, 10076500.00 ns, 157.4453 us/op
WorkloadPilot    4: 128 op, 20038600.00 ns, 156.5516 us/op
WorkloadPilot    5: 256 op, 39925400.00 ns, 155.9586 us/op
WorkloadPilot    6: 512 op, 64767500.00 ns, 126.4990 us/op
WorkloadPilot    7: 1024 op, 28128200.00 ns, 27.4689 us/op
WorkloadPilot    8: 2048 op, 51898300.00 ns, 25.3410 us/op
WorkloadPilot    9: 4096 op, 102370800.00 ns, 24.9929 us/op
WorkloadPilot   10: 8192 op, 205624600.00 ns, 25.1007 us/op
WorkloadPilot   11: 16384 op, 408058600.00 ns, 24.9059 us/op
WorkloadPilot   12: 32768 op, 817451800.00 ns, 24.9466 us/op

OverheadWarmup   1: 32768 op, 45300.00 ns, 1.3824 ns/op
OverheadWarmup   2: 32768 op, 42200.00 ns, 1.2878 ns/op
OverheadWarmup   3: 32768 op, 49800.00 ns, 1.5198 ns/op
OverheadWarmup   4: 32768 op, 103600.00 ns, 3.1616 ns/op
OverheadWarmup   5: 32768 op, 42200.00 ns, 1.2878 ns/op
OverheadWarmup   6: 32768 op, 41400.00 ns, 1.2634 ns/op
OverheadWarmup   7: 32768 op, 41400.00 ns, 1.2634 ns/op
OverheadWarmup   8: 32768 op, 40900.00 ns, 1.2482 ns/op

OverheadActual   1: 32768 op, 41600.00 ns, 1.2695 ns/op
OverheadActual   2: 32768 op, 41600.00 ns, 1.2695 ns/op
OverheadActual   3: 32768 op, 41900.00 ns, 1.2787 ns/op
OverheadActual   4: 32768 op, 41300.00 ns, 1.2604 ns/op
OverheadActual   5: 32768 op, 41500.00 ns, 1.2665 ns/op
OverheadActual   6: 32768 op, 41100.00 ns, 1.2543 ns/op
OverheadActual   7: 32768 op, 41400.00 ns, 1.2634 ns/op
OverheadActual   8: 32768 op, 41100.00 ns, 1.2543 ns/op
OverheadActual   9: 32768 op, 41700.00 ns, 1.2726 ns/op
OverheadActual  10: 32768 op, 41400.00 ns, 1.2634 ns/op
OverheadActual  11: 32768 op, 41600.00 ns, 1.2695 ns/op
OverheadActual  12: 32768 op, 41000.00 ns, 1.2512 ns/op
OverheadActual  13: 32768 op, 41600.00 ns, 1.2695 ns/op
OverheadActual  14: 32768 op, 41000.00 ns, 1.2512 ns/op
OverheadActual  15: 32768 op, 41400.00 ns, 1.2634 ns/op

WorkloadWarmup   1: 32768 op, 825072100.00 ns, 25.1792 us/op
WorkloadWarmup   2: 32768 op, 820093300.00 ns, 25.0273 us/op
WorkloadWarmup   3: 32768 op, 817104900.00 ns, 24.9361 us/op

// BeforeActualRun
WorkloadActual   1: 32768 op, 819300600.00 ns, 25.0031 us/op
WorkloadActual   2: 32768 op, 818120800.00 ns, 24.9671 us/op
WorkloadActual   3: 32768 op, 818055600.00 ns, 24.9651 us/op
WorkloadActual   4: 32768 op, 819393800.00 ns, 25.0059 us/op
WorkloadActual   5: 32768 op, 822006900.00 ns, 25.0857 us/op

// AfterActualRun
WorkloadResult   1: 32768 op, 819259200.00 ns, 25.0018 us/op
WorkloadResult   2: 32768 op, 818079400.00 ns, 24.9658 us/op
WorkloadResult   3: 32768 op, 818014200.00 ns, 24.9638 us/op
WorkloadResult   4: 32768 op, 819352400.00 ns, 25.0047 us/op
// GC:  32 0 0 541589504 32768
// Threading:  0 0 32768

// AfterAll
// Benchmark Process 29508 has exited with code 0.
// Launch: 3 / 3
// Execute: dotnet Heddle.Benchmarks.Dotnet-ShortRun-1.dll --anonymousPipes 5416 5448 --benchmarkName "Heddle.Benchmarks.Dotnet.Bench.TechniquePrecompiledBenchmarks.Utf8(Workload: \"composed-page\")" --job ShortRun --benchmarkId 0 in E:\Work\Heddle\benchmarks\dotnet\bin\Release\net10.0\Heddle.Benchmarks.Dotnet-ShortRun-1\bin\Release\net10.0
// BeforeAnythingElse

// Benchmark Process Environment Information:
// BenchmarkDotNet v0.15.8
// Runtime=.NET 10.0.12 (10.0.12, 10.0.1226.42308), X64 RyuJIT x86-64-v4
// GC=Concurrent Workstation
// HardwareIntrinsics=AVX512 BITALG+VBMI2+VNNI+VPOPCNTDQ,AVX512 IFMA+VBMI,AVX512 F+BW+CD+DQ+VL,AVX2+BMI1+BMI2+F16C+FMA+LZCNT+MOVBE,AVX,SSE3+SSSE3+SSE4.1+SSE4.2+POPCNT,X86Base+SSE+SSE2,AES+PCLMUL,AvxVnni VectorSize=256
// Job: ShortRun(IterationCount=5, LaunchCount=3, WarmupCount=3)

OverheadJitting  1: 1 op, 133100.00 ns, 133.1000 us/op
WorkloadJitting  1: 1 op, 362100.00 ns, 362.1000 us/op

OverheadJitting  2: 16 op, 226700.00 ns, 14.1688 us/op
WorkloadJitting  2: 16 op, 2886800.00 ns, 180.4250 us/op

WorkloadPilot    1: 16 op, 2622300.00 ns, 163.8938 us/op
WorkloadPilot    2: 32 op, 5056800.00 ns, 158.0250 us/op
WorkloadPilot    3: 64 op, 10128500.00 ns, 158.2578 us/op
WorkloadPilot    4: 128 op, 19842200.00 ns, 155.0172 us/op
WorkloadPilot    5: 256 op, 39560600.00 ns, 154.5336 us/op
WorkloadPilot    6: 512 op, 69223300.00 ns, 135.2018 us/op
WorkloadPilot    7: 1024 op, 56397000.00 ns, 55.0752 us/op
WorkloadPilot    8: 2048 op, 72375800.00 ns, 35.3397 us/op
WorkloadPilot    9: 4096 op, 100061900.00 ns, 24.4292 us/op
WorkloadPilot   10: 8192 op, 199602600.00 ns, 24.3656 us/op
WorkloadPilot   11: 16384 op, 401071400.00 ns, 24.4795 us/op
WorkloadPilot   12: 32768 op, 800630400.00 ns, 24.4333 us/op

OverheadWarmup   1: 32768 op, 43300.00 ns, 1.3214 ns/op
OverheadWarmup   2: 32768 op, 41700.00 ns, 1.2726 ns/op
OverheadWarmup   3: 32768 op, 42000.00 ns, 1.2817 ns/op
OverheadWarmup   4: 32768 op, 42200.00 ns, 1.2878 ns/op
OverheadWarmup   5: 32768 op, 42100.00 ns, 1.2848 ns/op
OverheadWarmup   6: 32768 op, 41900.00 ns, 1.2787 ns/op
OverheadWarmup   7: 32768 op, 42600.00 ns, 1.3000 ns/op
OverheadWarmup   8: 32768 op, 42000.00 ns, 1.2817 ns/op

OverheadActual   1: 32768 op, 42500.00 ns, 1.2970 ns/op
OverheadActual   2: 32768 op, 42000.00 ns, 1.2817 ns/op
OverheadActual   3: 32768 op, 42800.00 ns, 1.3062 ns/op
OverheadActual   4: 32768 op, 42000.00 ns, 1.2817 ns/op
OverheadActual   5: 32768 op, 42900.00 ns, 1.3092 ns/op
OverheadActual   6: 32768 op, 42500.00 ns, 1.2970 ns/op
OverheadActual   7: 32768 op, 44000.00 ns, 1.3428 ns/op
OverheadActual   8: 32768 op, 41900.00 ns, 1.2787 ns/op
OverheadActual   9: 32768 op, 42100.00 ns, 1.2848 ns/op
OverheadActual  10: 32768 op, 41600.00 ns, 1.2695 ns/op
OverheadActual  11: 32768 op, 41800.00 ns, 1.2756 ns/op
OverheadActual  12: 32768 op, 41300.00 ns, 1.2604 ns/op
OverheadActual  13: 32768 op, 41600.00 ns, 1.2695 ns/op
OverheadActual  14: 32768 op, 41300.00 ns, 1.2604 ns/op
OverheadActual  15: 32768 op, 41500.00 ns, 1.2665 ns/op

WorkloadWarmup   1: 32768 op, 800555000.00 ns, 24.4310 us/op
WorkloadWarmup   2: 32768 op, 792846000.00 ns, 24.1957 us/op
WorkloadWarmup   3: 32768 op, 791353000.00 ns, 24.1502 us/op

// BeforeActualRun
WorkloadActual   1: 32768 op, 792535400.00 ns, 24.1863 us/op
WorkloadActual   2: 32768 op, 790876900.00 ns, 24.1356 us/op
WorkloadActual   3: 32768 op, 790947500.00 ns, 24.1378 us/op
WorkloadActual   4: 32768 op, 792870800.00 ns, 24.1965 us/op
WorkloadActual   5: 32768 op, 792923600.00 ns, 24.1981 us/op

// AfterActualRun
WorkloadResult   1: 32768 op, 792493400.00 ns, 24.1850 us/op
WorkloadResult   2: 32768 op, 790834900.00 ns, 24.1344 us/op
WorkloadResult   3: 32768 op, 790905500.00 ns, 24.1365 us/op
WorkloadResult   4: 32768 op, 792828800.00 ns, 24.1952 us/op
WorkloadResult   5: 32768 op, 792881600.00 ns, 24.1968 us/op
// GC:  32 0 0 541589504 32768
// Threading:  0 0 32768

// AfterAll
// Benchmark Process 24676 has exited with code 0.

Mean = 24.471 μs, StdErr = 0.093 μs (0.38%), N = 14, StdDev = 0.350 μs
Min = 24.134 μs, Q1 = 24.196 μs, Median = 24.348 μs, Q3 = 24.832 μs, Max = 25.005 μs
IQR = 0.636 μs, LowerFence = 23.242 μs, UpperFence = 25.785 μs
ConfidenceInterval = [24.077 μs; 24.866 μs] (CI 99.9%), Margin = 0.394 μs (1.61% of Mean)
Skewness = 0.65, Kurtosis = 1.55, MValue = 2

// ** Remained 23 (95.8%) benchmark(s) to run. Estimated finish 2026-09-16 12:14 (0h 11m from now) **
Setup power plan (GUID: 8c5e7fda-e8bf-4a96-9a85-a6e23a8c635c FriendlyName: High performance)
// **************************
// Benchmark: TechniquePrecompiledBenchmarks.TextWriter: ShortRun(IterationCount=5, LaunchCount=3, WarmupCount=3) [Workload=composed-page]
// *** Execute ***
// Launch: 1 / 3
// Execute: dotnet Heddle.Benchmarks.Dotnet-ShortRun-1.dll --anonymousPipes 5400 2408 --benchmarkName "Heddle.Benchmarks.Dotnet.Bench.TechniquePrecompiledBenchmarks.TextWriter(Workload: \"composed-page\")" --job ShortRun --benchmarkId 1 in E:\Work\Heddle\benchmarks\dotnet\bin\Release\net10.0\Heddle.Benchmarks.Dotnet-ShortRun-1\bin\Release\net10.0
// BeforeAnythingElse

// Benchmark Process Environment Information:
// BenchmarkDotNet v0.15.8
// Runtime=.NET 10.0.12 (10.0.12, 10.0.1226.42308), X64 RyuJIT x86-64-v4
// GC=Concurrent Workstation
// HardwareIntrinsics=AVX512 BITALG+VBMI2+VNNI+VPOPCNTDQ,AVX512 IFMA+VBMI,AVX512 F+BW+CD+DQ+VL,AVX2+BMI1+BMI2+F16C+FMA+LZCNT+MOVBE,AVX,SSE3+SSSE3+SSE4.1+SSE4.2+POPCNT,X86Base+SSE+SSE2,AES+PCLMUL,AvxVnni VectorSize=256
// Job: ShortRun(IterationCount=5, LaunchCount=3, WarmupCount=3)

OverheadJitting  1: 1 op, 144500.00 ns, 144.5000 us/op
WorkloadJitting  1: 1 op, 340200.00 ns, 340.2000 us/op

OverheadJitting  2: 16 op, 225700.00 ns, 14.1063 us/op
WorkloadJitting  2: 16 op, 2632200.00 ns, 164.5125 us/op

WorkloadPilot    1: 16 op, 2417900.00 ns, 151.1188 us/op
WorkloadPilot    2: 32 op, 4594000.00 ns, 143.5625 us/op
WorkloadPilot    3: 64 op, 9008700.00 ns, 140.7609 us/op
WorkloadPilot    4: 128 op, 18240300.00 ns, 142.5023 us/op
WorkloadPilot    5: 256 op, 36301800.00 ns, 141.8039 us/op
WorkloadPilot    6: 512 op, 59833900.00 ns, 116.8631 us/op
WorkloadPilot    7: 1024 op, 25465000.00 ns, 24.8682 us/op
WorkloadPilot    8: 2048 op, 45582900.00 ns, 22.2573 us/op
WorkloadPilot    9: 4096 op, 90577300.00 ns, 22.1136 us/op
WorkloadPilot   10: 8192 op, 180561100.00 ns, 22.0411 us/op
WorkloadPilot   11: 16384 op, 366966000.00 ns, 22.3978 us/op
WorkloadPilot   12: 32768 op, 717500600.00 ns, 21.8964 us/op

OverheadWarmup   1: 32768 op, 42800.00 ns, 1.3062 ns/op
OverheadWarmup   2: 32768 op, 40900.00 ns, 1.2482 ns/op
OverheadWarmup   3: 32768 op, 41600.00 ns, 1.2695 ns/op
OverheadWarmup   4: 32768 op, 41500.00 ns, 1.2665 ns/op
OverheadWarmup   5: 32768 op, 42100.00 ns, 1.2848 ns/op
OverheadWarmup   6: 32768 op, 41200.00 ns, 1.2573 ns/op

OverheadActual   1: 32768 op, 42600.00 ns, 1.3000 ns/op
OverheadActual   2: 32768 op, 41400.00 ns, 1.2634 ns/op
OverheadActual   3: 32768 op, 41600.00 ns, 1.2695 ns/op
OverheadActual   4: 32768 op, 41800.00 ns, 1.2756 ns/op
OverheadActual   5: 32768 op, 41800.00 ns, 1.2756 ns/op
OverheadActual   6: 32768 op, 41200.00 ns, 1.2573 ns/op
OverheadActual   7: 32768 op, 41600.00 ns, 1.2695 ns/op
OverheadActual   8: 32768 op, 41100.00 ns, 1.2543 ns/op
OverheadActual   9: 32768 op, 83200.00 ns, 2.5391 ns/op
OverheadActual  10: 32768 op, 41100.00 ns, 1.2543 ns/op
OverheadActual  11: 32768 op, 41500.00 ns, 1.2665 ns/op
OverheadActual  12: 32768 op, 41100.00 ns, 1.2543 ns/op
OverheadActual  13: 32768 op, 41700.00 ns, 1.2726 ns/op
OverheadActual  14: 32768 op, 41500.00 ns, 1.2665 ns/op
OverheadActual  15: 32768 op, 57200.00 ns, 1.7456 ns/op

WorkloadWarmup   1: 32768 op, 725872100.00 ns, 22.1519 us/op
WorkloadWarmup   2: 32768 op, 712718700.00 ns, 21.7504 us/op
WorkloadWarmup   3: 32768 op, 711427000.00 ns, 21.7110 us/op

// BeforeActualRun
WorkloadActual   1: 32768 op, 715610800.00 ns, 21.8387 us/op
WorkloadActual   2: 32768 op, 715900500.00 ns, 21.8475 us/op
WorkloadActual   3: 32768 op, 715771800.00 ns, 21.8436 us/op
WorkloadActual   4: 32768 op, 714812000.00 ns, 21.8143 us/op
WorkloadActual   5: 32768 op, 717650400.00 ns, 21.9010 us/op

// AfterActualRun
WorkloadResult   1: 32768 op, 715569200.00 ns, 21.8374 us/op
WorkloadResult   2: 32768 op, 715858900.00 ns, 21.8463 us/op
WorkloadResult   3: 32768 op, 715730200.00 ns, 21.8424 us/op
WorkloadResult   4: 32768 op, 714770400.00 ns, 21.8131 us/op
// GC:  32 0 0 541327360 32768
// Threading:  0 0 32768

// AfterAll
// Benchmark Process 26664 has exited with code 0.
// Launch: 2 / 3
// Execute: dotnet Heddle.Benchmarks.Dotnet-ShortRun-1.dll --anonymousPipes 3648 5444 --benchmarkName "Heddle.Benchmarks.Dotnet.Bench.TechniquePrecompiledBenchmarks.TextWriter(Workload: \"composed-page\")" --job ShortRun --benchmarkId 1 in E:\Work\Heddle\benchmarks\dotnet\bin\Release\net10.0\Heddle.Benchmarks.Dotnet-ShortRun-1\bin\Release\net10.0
// BeforeAnythingElse

// Benchmark Process Environment Information:
// BenchmarkDotNet v0.15.8
// Runtime=.NET 10.0.12 (10.0.12, 10.0.1226.42308), X64 RyuJIT x86-64-v4
// GC=Concurrent Workstation
// HardwareIntrinsics=AVX512 BITALG+VBMI2+VNNI+VPOPCNTDQ,AVX512 IFMA+VBMI,AVX512 F+BW+CD+DQ+VL,AVX2+BMI1+BMI2+F16C+FMA+LZCNT+MOVBE,AVX,SSE3+SSSE3+SSE4.1+SSE4.2+POPCNT,X86Base+SSE+SSE2,AES+PCLMUL,AvxVnni VectorSize=256
// Job: ShortRun(IterationCount=5, LaunchCount=3, WarmupCount=3)

OverheadJitting  1: 1 op, 132400.00 ns, 132.4000 us/op
WorkloadJitting  1: 1 op, 354800.00 ns, 354.8000 us/op

OverheadJitting  2: 16 op, 226000.00 ns, 14.1250 us/op
WorkloadJitting  2: 16 op, 2720100.00 ns, 170.0063 us/op

WorkloadPilot    1: 16 op, 2500800.00 ns, 156.3000 us/op
WorkloadPilot    2: 32 op, 4852000.00 ns, 151.6250 us/op
WorkloadPilot    3: 64 op, 9373000.00 ns, 146.4531 us/op
WorkloadPilot    4: 128 op, 18698200.00 ns, 146.0797 us/op
WorkloadPilot    5: 256 op, 36778400.00 ns, 143.6656 us/op
WorkloadPilot    6: 512 op, 53810000.00 ns, 105.0977 us/op
WorkloadPilot    7: 1024 op, 25022100.00 ns, 24.4356 us/op
WorkloadPilot    8: 2048 op, 45325400.00 ns, 22.1315 us/op
WorkloadPilot    9: 4096 op, 89041400.00 ns, 21.7386 us/op
WorkloadPilot   10: 8192 op, 179742300.00 ns, 21.9412 us/op
WorkloadPilot   11: 16384 op, 356086500.00 ns, 21.7338 us/op
WorkloadPilot   12: 32768 op, 711770400.00 ns, 21.7215 us/op

OverheadWarmup   1: 32768 op, 43200.00 ns, 1.3184 ns/op
OverheadWarmup   2: 32768 op, 41100.00 ns, 1.2543 ns/op
OverheadWarmup   3: 32768 op, 41300.00 ns, 1.2604 ns/op
OverheadWarmup   4: 32768 op, 41300.00 ns, 1.2604 ns/op
OverheadWarmup   5: 32768 op, 41300.00 ns, 1.2604 ns/op
OverheadWarmup   6: 32768 op, 41300.00 ns, 1.2604 ns/op

OverheadActual   1: 32768 op, 41500.00 ns, 1.2665 ns/op
OverheadActual   2: 32768 op, 41100.00 ns, 1.2543 ns/op
OverheadActual   3: 32768 op, 41200.00 ns, 1.2573 ns/op
OverheadActual   4: 32768 op, 41200.00 ns, 1.2573 ns/op
OverheadActual   5: 32768 op, 41600.00 ns, 1.2695 ns/op
OverheadActual   6: 32768 op, 41300.00 ns, 1.2604 ns/op
OverheadActual   7: 32768 op, 41000.00 ns, 1.2512 ns/op
OverheadActual   8: 32768 op, 41200.00 ns, 1.2573 ns/op
OverheadActual   9: 32768 op, 40900.00 ns, 1.2482 ns/op
OverheadActual  10: 32768 op, 41200.00 ns, 1.2573 ns/op
OverheadActual  11: 32768 op, 41000.00 ns, 1.2512 ns/op
OverheadActual  12: 32768 op, 40700.00 ns, 1.2421 ns/op
OverheadActual  13: 32768 op, 41800.00 ns, 1.2756 ns/op
OverheadActual  14: 32768 op, 41100.00 ns, 1.2543 ns/op
OverheadActual  15: 32768 op, 40900.00 ns, 1.2482 ns/op

WorkloadWarmup   1: 32768 op, 719194300.00 ns, 21.9481 us/op
WorkloadWarmup   2: 32768 op, 710104600.00 ns, 21.6707 us/op
WorkloadWarmup   3: 32768 op, 713291100.00 ns, 21.7679 us/op

// BeforeActualRun
WorkloadActual   1: 32768 op, 715396900.00 ns, 21.8322 us/op
WorkloadActual   2: 32768 op, 714665600.00 ns, 21.8099 us/op
WorkloadActual   3: 32768 op, 715709900.00 ns, 21.8417 us/op
WorkloadActual   4: 32768 op, 715909900.00 ns, 21.8478 us/op
WorkloadActual   5: 32768 op, 713529900.00 ns, 21.7752 us/op

// AfterActualRun
WorkloadResult   1: 32768 op, 715355700.00 ns, 21.8309 us/op
WorkloadResult   2: 32768 op, 714624400.00 ns, 21.8086 us/op
WorkloadResult   3: 32768 op, 715668700.00 ns, 21.8405 us/op
WorkloadResult   4: 32768 op, 715868700.00 ns, 21.8466 us/op
WorkloadResult   5: 32768 op, 713488700.00 ns, 21.7739 us/op
// GC:  32 0 0 541327360 32768
// Threading:  0 0 32768

// AfterAll
// Benchmark Process 15940 has exited with code 0.
// Launch: 3 / 3
// Execute: dotnet Heddle.Benchmarks.Dotnet-ShortRun-1.dll --anonymousPipes 2444 3592 --benchmarkName "Heddle.Benchmarks.Dotnet.Bench.TechniquePrecompiledBenchmarks.TextWriter(Workload: \"composed-page\")" --job ShortRun --benchmarkId 1 in E:\Work\Heddle\benchmarks\dotnet\bin\Release\net10.0\Heddle.Benchmarks.Dotnet-ShortRun-1\bin\Release\net10.0
// BeforeAnythingElse

// Benchmark Process Environment Information:
// BenchmarkDotNet v0.15.8
// Runtime=.NET 10.0.12 (10.0.12, 10.0.1226.42308), X64 RyuJIT x86-64-v4
// GC=Concurrent Workstation
// HardwareIntrinsics=AVX512 BITALG+VBMI2+VNNI+VPOPCNTDQ,AVX512 IFMA+VBMI,AVX512 F+BW+CD+DQ+VL,AVX2+BMI1+BMI2+F16C+FMA+LZCNT+MOVBE,AVX,SSE3+SSSE3+SSE4.1+SSE4.2+POPCNT,X86Base+SSE+SSE2,AES+PCLMUL,AvxVnni VectorSize=256
// Job: ShortRun(IterationCount=5, LaunchCount=3, WarmupCount=3)

OverheadJitting  1: 1 op, 128000.00 ns, 128.0000 us/op
WorkloadJitting  1: 1 op, 342300.00 ns, 342.3000 us/op

OverheadJitting  2: 16 op, 222400.00 ns, 13.9000 us/op
WorkloadJitting  2: 16 op, 2654100.00 ns, 165.8813 us/op

WorkloadPilot    1: 16 op, 2436300.00 ns, 152.2688 us/op
WorkloadPilot    2: 32 op, 4644600.00 ns, 145.1438 us/op
WorkloadPilot    3: 64 op, 9086500.00 ns, 141.9766 us/op
WorkloadPilot    4: 128 op, 18067400.00 ns, 141.1516 us/op
WorkloadPilot    5: 256 op, 35674800.00 ns, 139.3547 us/op
WorkloadPilot    6: 512 op, 65432500.00 ns, 127.7979 us/op
WorkloadPilot    7: 1024 op, 77350500.00 ns, 75.5376 us/op
WorkloadPilot    8: 2048 op, 56593300.00 ns, 27.6334 us/op
WorkloadPilot    9: 4096 op, 91028000.00 ns, 22.2236 us/op
WorkloadPilot   10: 8192 op, 184872900.00 ns, 22.5675 us/op
WorkloadPilot   11: 16384 op, 362306100.00 ns, 22.1134 us/op
WorkloadPilot   12: 32768 op, 729278700.00 ns, 22.2558 us/op

OverheadWarmup   1: 32768 op, 42400.00 ns, 1.2939 ns/op
OverheadWarmup   2: 32768 op, 41100.00 ns, 1.2543 ns/op
OverheadWarmup   3: 32768 op, 41100.00 ns, 1.2543 ns/op
OverheadWarmup   4: 32768 op, 41200.00 ns, 1.2573 ns/op
OverheadWarmup   5: 32768 op, 41100.00 ns, 1.2543 ns/op
OverheadWarmup   6: 32768 op, 40400.00 ns, 1.2329 ns/op
OverheadWarmup   7: 32768 op, 41800.00 ns, 1.2756 ns/op

OverheadActual   1: 32768 op, 41000.00 ns, 1.2512 ns/op
OverheadActual   2: 32768 op, 41600.00 ns, 1.2695 ns/op
OverheadActual   3: 32768 op, 40800.00 ns, 1.2451 ns/op
OverheadActual   4: 32768 op, 41400.00 ns, 1.2634 ns/op
OverheadActual   5: 32768 op, 41700.00 ns, 1.2726 ns/op
OverheadActual   6: 32768 op, 57600.00 ns, 1.7578 ns/op
OverheadActual   7: 32768 op, 40800.00 ns, 1.2451 ns/op
OverheadActual   8: 32768 op, 41200.00 ns, 1.2573 ns/op
OverheadActual   9: 32768 op, 40800.00 ns, 1.2451 ns/op
OverheadActual  10: 32768 op, 50600.00 ns, 1.5442 ns/op
OverheadActual  11: 32768 op, 41100.00 ns, 1.2543 ns/op
OverheadActual  12: 32768 op, 41000.00 ns, 1.2512 ns/op
OverheadActual  13: 32768 op, 41100.00 ns, 1.2543 ns/op
OverheadActual  14: 32768 op, 41000.00 ns, 1.2512 ns/op
OverheadActual  15: 32768 op, 40700.00 ns, 1.2421 ns/op

WorkloadWarmup   1: 32768 op, 731914000.00 ns, 22.3362 us/op
WorkloadWarmup   2: 32768 op, 730348400.00 ns, 22.2885 us/op
WorkloadWarmup   3: 32768 op, 726206300.00 ns, 22.1621 us/op

// BeforeActualRun
WorkloadActual   1: 32768 op, 726952500.00 ns, 22.1848 us/op
WorkloadActual   2: 32768 op, 729592000.00 ns, 22.2654 us/op
WorkloadActual   3: 32768 op, 727816900.00 ns, 22.2112 us/op
WorkloadActual   4: 32768 op, 727937000.00 ns, 22.2149 us/op
WorkloadActual   5: 32768 op, 728864600.00 ns, 22.2432 us/op

// AfterActualRun
WorkloadResult   1: 32768 op, 726911400.00 ns, 22.1836 us/op
WorkloadResult   2: 32768 op, 729550900.00 ns, 22.2641 us/op
WorkloadResult   3: 32768 op, 727775800.00 ns, 22.2100 us/op
WorkloadResult   4: 32768 op, 727895900.00 ns, 22.2136 us/op
WorkloadResult   5: 32768 op, 728823500.00 ns, 22.2419 us/op
// GC:  32 0 0 541327360 32768
// Threading:  0 0 32768

// AfterAll
// Benchmark Process 12552 has exited with code 0.

Mean = 21.968 μs, StdErr = 0.053 μs (0.24%), N = 14, StdDev = 0.199 μs
Min = 21.774 μs, Q1 = 21.833 μs, Median = 21.844 μs, Q3 = 22.203 μs, Max = 22.264 μs
IQR = 0.371 μs, LowerFence = 21.276 μs, UpperFence = 22.760 μs
ConfidenceInterval = [21.744 μs; 22.192 μs] (CI 99.9%), Margin = 0.224 μs (1.02% of Mean)
Skewness = 0.53, Kurtosis = 1.23, MValue = 2

// ** Remained 22 (91.7%) benchmark(s) to run. Estimated finish 2026-09-16 12:13 (0h 10m from now) **
Setup power plan (GUID: 8c5e7fda-e8bf-4a96-9a85-a6e23a8c635c FriendlyName: High performance)
// **************************
// Benchmark: TechniquePrecompiledBenchmarks.String: ShortRun(IterationCount=5, LaunchCount=3, WarmupCount=3) [Workload=composed-page]
// *** Execute ***
// Launch: 1 / 3
// Execute: dotnet Heddle.Benchmarks.Dotnet-ShortRun-1.dll --anonymousPipes 5408 5396 --benchmarkName "Heddle.Benchmarks.Dotnet.Bench.TechniquePrecompiledBenchmarks.String(Workload: \"composed-page\")" --job ShortRun --benchmarkId 2 in E:\Work\Heddle\benchmarks\dotnet\bin\Release\net10.0\Heddle.Benchmarks.Dotnet-ShortRun-1\bin\Release\net10.0
// BeforeAnythingElse

// Benchmark Process Environment Information:
// BenchmarkDotNet v0.15.8
// Runtime=.NET 10.0.12 (10.0.12, 10.0.1226.42308), X64 RyuJIT x86-64-v4
// GC=Concurrent Workstation
// HardwareIntrinsics=AVX512 BITALG+VBMI2+VNNI+VPOPCNTDQ,AVX512 IFMA+VBMI,AVX512 F+BW+CD+DQ+VL,AVX2+BMI1+BMI2+F16C+FMA+LZCNT+MOVBE,AVX,SSE3+SSSE3+SSE4.1+SSE4.2+POPCNT,X86Base+SSE+SSE2,AES+PCLMUL,AvxVnni VectorSize=256
// Job: ShortRun(IterationCount=5, LaunchCount=3, WarmupCount=3)

OverheadJitting  1: 1 op, 143200.00 ns, 143.2000 us/op
WorkloadJitting  1: 1 op, 326200.00 ns, 326.2000 us/op

OverheadJitting  2: 16 op, 227000.00 ns, 14.1875 us/op
WorkloadJitting  2: 16 op, 2634100.00 ns, 164.6313 us/op

WorkloadPilot    1: 16 op, 2382800.00 ns, 148.9250 us/op
WorkloadPilot    2: 32 op, 5130800.00 ns, 160.3375 us/op
WorkloadPilot    3: 64 op, 10778800.00 ns, 168.4188 us/op
WorkloadPilot    4: 128 op, 20072800.00 ns, 156.8188 us/op
WorkloadPilot    5: 256 op, 41064300.00 ns, 160.4074 us/op
WorkloadPilot    6: 512 op, 57645500.00 ns, 112.5889 us/op
WorkloadPilot    7: 1024 op, 33006300.00 ns, 32.2327 us/op
WorkloadPilot    8: 2048 op, 62362700.00 ns, 30.4505 us/op
WorkloadPilot    9: 4096 op, 132129900.00 ns, 32.2583 us/op
WorkloadPilot   10: 8192 op, 255836800.00 ns, 31.2301 us/op
WorkloadPilot   11: 16384 op, 536288500.00 ns, 32.7325 us/op

OverheadWarmup   1: 16384 op, 22700.00 ns, 1.3855 ns/op
OverheadWarmup   2: 16384 op, 20900.00 ns, 1.2756 ns/op
OverheadWarmup   3: 16384 op, 20800.00 ns, 1.2695 ns/op
OverheadWarmup   4: 16384 op, 20500.00 ns, 1.2512 ns/op
OverheadWarmup   5: 16384 op, 21100.00 ns, 1.2878 ns/op
OverheadWarmup   6: 16384 op, 20400.00 ns, 1.2451 ns/op
OverheadWarmup   7: 16384 op, 20500.00 ns, 1.2512 ns/op
OverheadWarmup   8: 16384 op, 20300.00 ns, 1.2390 ns/op

OverheadActual   1: 16384 op, 20700.00 ns, 1.2634 ns/op
OverheadActual   2: 16384 op, 20400.00 ns, 1.2451 ns/op
OverheadActual   3: 16384 op, 20300.00 ns, 1.2390 ns/op
OverheadActual   4: 16384 op, 20200.00 ns, 1.2329 ns/op
OverheadActual   5: 16384 op, 20600.00 ns, 1.2573 ns/op
OverheadActual   6: 16384 op, 20400.00 ns, 1.2451 ns/op
OverheadActual   7: 16384 op, 20400.00 ns, 1.2451 ns/op
OverheadActual   8: 16384 op, 20400.00 ns, 1.2451 ns/op
OverheadActual   9: 16384 op, 20600.00 ns, 1.2573 ns/op
OverheadActual  10: 16384 op, 20300.00 ns, 1.2390 ns/op
OverheadActual  11: 16384 op, 20300.00 ns, 1.2390 ns/op
OverheadActual  12: 16384 op, 20300.00 ns, 1.2390 ns/op
OverheadActual  13: 16384 op, 20900.00 ns, 1.2756 ns/op
OverheadActual  14: 16384 op, 20300.00 ns, 1.2390 ns/op
OverheadActual  15: 16384 op, 20600.00 ns, 1.2573 ns/op

WorkloadWarmup   1: 16384 op, 490617100.00 ns, 29.9449 us/op
WorkloadWarmup   2: 16384 op, 514674700.00 ns, 31.4133 us/op
WorkloadWarmup   3: 16384 op, 517019200.00 ns, 31.5563 us/op

// BeforeActualRun
WorkloadActual   1: 16384 op, 516653400.00 ns, 31.5340 us/op
WorkloadActual   2: 16384 op, 511791000.00 ns, 31.2372 us/op
WorkloadActual   3: 16384 op, 516239000.00 ns, 31.5087 us/op
WorkloadActual   4: 16384 op, 490457700.00 ns, 29.9352 us/op
WorkloadActual   5: 16384 op, 518586300.00 ns, 31.6520 us/op

// AfterActualRun
WorkloadResult   1: 16384 op, 516633000.00 ns, 31.5328 us/op
WorkloadResult   2: 16384 op, 511770600.00 ns, 31.2360 us/op
WorkloadResult   3: 16384 op, 516218600.00 ns, 31.5075 us/op
WorkloadResult   4: 16384 op, 490437300.00 ns, 29.9339 us/op
WorkloadResult   5: 16384 op, 518565900.00 ns, 31.6508 us/op
// GC:  233 217 217 3538658760 16384
// Threading:  0 0 16384

// AfterAll
// Benchmark Process 16644 has exited with code 0.
// Launch: 2 / 3
// Execute: dotnet Heddle.Benchmarks.Dotnet-ShortRun-1.dll --anonymousPipes 5416 5448 --benchmarkName "Heddle.Benchmarks.Dotnet.Bench.TechniquePrecompiledBenchmarks.String(Workload: \"composed-page\")" --job ShortRun --benchmarkId 2 in E:\Work\Heddle\benchmarks\dotnet\bin\Release\net10.0\Heddle.Benchmarks.Dotnet-ShortRun-1\bin\Release\net10.0
// BeforeAnythingElse

// Benchmark Process Environment Information:
// BenchmarkDotNet v0.15.8
// Runtime=.NET 10.0.12 (10.0.12, 10.0.1226.42308), X64 RyuJIT x86-64-v4
// GC=Concurrent Workstation
// HardwareIntrinsics=AVX512 BITALG+VBMI2+VNNI+VPOPCNTDQ,AVX512 IFMA+VBMI,AVX512 F+BW+CD+DQ+VL,AVX2+BMI1+BMI2+F16C+FMA+LZCNT+MOVBE,AVX,SSE3+SSSE3+SSE4.1+SSE4.2+POPCNT,X86Base+SSE+SSE2,AES+PCLMUL,AvxVnni VectorSize=256
// Job: ShortRun(IterationCount=5, LaunchCount=3, WarmupCount=3)

OverheadJitting  1: 1 op, 130800.00 ns, 130.8000 us/op
WorkloadJitting  1: 1 op, 330200.00 ns, 330.2000 us/op

OverheadJitting  2: 16 op, 224900.00 ns, 14.0563 us/op
WorkloadJitting  2: 16 op, 2611400.00 ns, 163.2125 us/op

WorkloadPilot    1: 16 op, 2361400.00 ns, 147.5875 us/op
WorkloadPilot    2: 32 op, 5074100.00 ns, 158.5656 us/op
WorkloadPilot    3: 64 op, 10259400.00 ns, 160.3031 us/op
WorkloadPilot    4: 128 op, 20278500.00 ns, 158.4258 us/op
WorkloadPilot    5: 256 op, 40073200.00 ns, 156.5359 us/op
WorkloadPilot    6: 512 op, 58441900.00 ns, 114.1443 us/op
WorkloadPilot    7: 1024 op, 35573300.00 ns, 34.7396 us/op
WorkloadPilot    8: 2048 op, 68030800.00 ns, 33.2182 us/op
WorkloadPilot    9: 4096 op, 132637200.00 ns, 32.3821 us/op
WorkloadPilot   10: 8192 op, 262812600.00 ns, 32.0816 us/op
WorkloadPilot   11: 16384 op, 517763000.00 ns, 31.6017 us/op

OverheadWarmup   1: 16384 op, 22600.00 ns, 1.3794 ns/op
OverheadWarmup   2: 16384 op, 21100.00 ns, 1.2878 ns/op
OverheadWarmup   3: 16384 op, 20900.00 ns, 1.2756 ns/op
OverheadWarmup   4: 16384 op, 21000.00 ns, 1.2817 ns/op
OverheadWarmup   5: 16384 op, 21500.00 ns, 1.3123 ns/op
OverheadWarmup   6: 16384 op, 20800.00 ns, 1.2695 ns/op
OverheadWarmup   7: 16384 op, 20400.00 ns, 1.2451 ns/op
OverheadWarmup   8: 16384 op, 20300.00 ns, 1.2390 ns/op
OverheadWarmup   9: 16384 op, 21300.00 ns, 1.3000 ns/op
OverheadWarmup  10: 16384 op, 20500.00 ns, 1.2512 ns/op

OverheadActual   1: 16384 op, 20800.00 ns, 1.2695 ns/op
OverheadActual   2: 16384 op, 21000.00 ns, 1.2817 ns/op
OverheadActual   3: 16384 op, 21000.00 ns, 1.2817 ns/op
OverheadActual   4: 16384 op, 21100.00 ns, 1.2878 ns/op
OverheadActual   5: 16384 op, 20400.00 ns, 1.2451 ns/op
OverheadActual   6: 16384 op, 20300.00 ns, 1.2390 ns/op
OverheadActual   7: 16384 op, 20900.00 ns, 1.2756 ns/op
OverheadActual   8: 16384 op, 20500.00 ns, 1.2512 ns/op
OverheadActual   9: 16384 op, 20600.00 ns, 1.2573 ns/op
OverheadActual  10: 16384 op, 20400.00 ns, 1.2451 ns/op
OverheadActual  11: 16384 op, 21300.00 ns, 1.3000 ns/op
OverheadActual  12: 16384 op, 20800.00 ns, 1.2695 ns/op
OverheadActual  13: 16384 op, 20900.00 ns, 1.2756 ns/op
OverheadActual  14: 16384 op, 20500.00 ns, 1.2512 ns/op
OverheadActual  15: 16384 op, 21100.00 ns, 1.2878 ns/op

WorkloadWarmup   1: 16384 op, 503764800.00 ns, 30.7474 us/op
WorkloadWarmup   2: 16384 op, 482020600.00 ns, 29.4202 us/op
WorkloadWarmup   3: 16384 op, 481023000.00 ns, 29.3593 us/op

// BeforeActualRun
WorkloadActual   1: 16384 op, 481266900.00 ns, 29.3742 us/op
WorkloadActual   2: 16384 op, 483612400.00 ns, 29.5174 us/op
WorkloadActual   3: 16384 op, 496265900.00 ns, 30.2897 us/op
WorkloadActual   4: 16384 op, 503380600.00 ns, 30.7239 us/op
WorkloadActual   5: 16384 op, 485516500.00 ns, 29.6336 us/op

// AfterActualRun
WorkloadResult   1: 16384 op, 481246100.00 ns, 29.3729 us/op
WorkloadResult   2: 16384 op, 483591600.00 ns, 29.5161 us/op
WorkloadResult   3: 16384 op, 496245100.00 ns, 30.2884 us/op
WorkloadResult   4: 16384 op, 503359800.00 ns, 30.7226 us/op
WorkloadResult   5: 16384 op, 485495700.00 ns, 29.6323 us/op
// GC:  217 201 201 3538552184 16384
// Threading:  0 0 16384

// AfterAll
// Benchmark Process 11148 has exited with code 0.
// Launch: 3 / 3
// Execute: dotnet Heddle.Benchmarks.Dotnet-ShortRun-1.dll --anonymousPipes 5380 5392 --benchmarkName "Heddle.Benchmarks.Dotnet.Bench.TechniquePrecompiledBenchmarks.String(Workload: \"composed-page\")" --job ShortRun --benchmarkId 2 in E:\Work\Heddle\benchmarks\dotnet\bin\Release\net10.0\Heddle.Benchmarks.Dotnet-ShortRun-1\bin\Release\net10.0
// BeforeAnythingElse

// Benchmark Process Environment Information:
// BenchmarkDotNet v0.15.8
// Runtime=.NET 10.0.12 (10.0.12, 10.0.1226.42308), X64 RyuJIT x86-64-v4
// GC=Concurrent Workstation
// HardwareIntrinsics=AVX512 BITALG+VBMI2+VNNI+VPOPCNTDQ,AVX512 IFMA+VBMI,AVX512 F+BW+CD+DQ+VL,AVX2+BMI1+BMI2+F16C+FMA+LZCNT+MOVBE,AVX,SSE3+SSSE3+SSE4.1+SSE4.2+POPCNT,X86Base+SSE+SSE2,AES+PCLMUL,AvxVnni VectorSize=256
// Job: ShortRun(IterationCount=5, LaunchCount=3, WarmupCount=3)

OverheadJitting  1: 1 op, 132600.00 ns, 132.6000 us/op
WorkloadJitting  1: 1 op, 328200.00 ns, 328.2000 us/op

OverheadJitting  2: 16 op, 225600.00 ns, 14.1000 us/op
WorkloadJitting  2: 16 op, 2639900.00 ns, 164.9938 us/op

WorkloadPilot    1: 16 op, 2346200.00 ns, 146.6375 us/op
WorkloadPilot    2: 32 op, 5027300.00 ns, 157.1031 us/op
WorkloadPilot    3: 64 op, 10539000.00 ns, 164.6719 us/op
WorkloadPilot    4: 128 op, 20053800.00 ns, 156.6703 us/op
WorkloadPilot    5: 256 op, 42185500.00 ns, 164.7871 us/op
WorkloadPilot    6: 512 op, 57402800.00 ns, 112.1148 us/op
WorkloadPilot    7: 1024 op, 36791900.00 ns, 35.9296 us/op
WorkloadPilot    8: 2048 op, 69385500.00 ns, 33.8796 us/op
WorkloadPilot    9: 4096 op, 127694000.00 ns, 31.1753 us/op
WorkloadPilot   10: 8192 op, 253848600.00 ns, 30.9874 us/op
WorkloadPilot   11: 16384 op, 471764900.00 ns, 28.7942 us/op
WorkloadPilot   12: 32768 op, 1019966200.00 ns, 31.1269 us/op

OverheadWarmup   1: 32768 op, 42800.00 ns, 1.3062 ns/op
OverheadWarmup   2: 32768 op, 41300.00 ns, 1.2604 ns/op
OverheadWarmup   3: 32768 op, 41000.00 ns, 1.2512 ns/op
OverheadWarmup   4: 32768 op, 40700.00 ns, 1.2421 ns/op
OverheadWarmup   5: 32768 op, 41500.00 ns, 1.2665 ns/op
OverheadWarmup   6: 32768 op, 41100.00 ns, 1.2543 ns/op
OverheadWarmup   7: 32768 op, 41200.00 ns, 1.2573 ns/op
OverheadWarmup   8: 32768 op, 40900.00 ns, 1.2482 ns/op

OverheadActual   1: 32768 op, 41100.00 ns, 1.2543 ns/op
OverheadActual   2: 32768 op, 41000.00 ns, 1.2512 ns/op
OverheadActual   3: 32768 op, 41100.00 ns, 1.2543 ns/op
OverheadActual   4: 32768 op, 40500.00 ns, 1.2360 ns/op
OverheadActual   5: 32768 op, 41100.00 ns, 1.2543 ns/op
OverheadActual   6: 32768 op, 41100.00 ns, 1.2543 ns/op
OverheadActual   7: 32768 op, 41400.00 ns, 1.2634 ns/op
OverheadActual   8: 32768 op, 41600.00 ns, 1.2695 ns/op
OverheadActual   9: 32768 op, 41300.00 ns, 1.2604 ns/op
OverheadActual  10: 32768 op, 41100.00 ns, 1.2543 ns/op
OverheadActual  11: 32768 op, 41200.00 ns, 1.2573 ns/op
OverheadActual  12: 32768 op, 41700.00 ns, 1.2726 ns/op
OverheadActual  13: 32768 op, 41000.00 ns, 1.2512 ns/op
OverheadActual  14: 32768 op, 40600.00 ns, 1.2390 ns/op
OverheadActual  15: 32768 op, 41500.00 ns, 1.2665 ns/op

WorkloadWarmup   1: 32768 op, 1003908700.00 ns, 30.6369 us/op
WorkloadWarmup   2: 32768 op, 1017849800.00 ns, 31.0623 us/op
WorkloadWarmup   3: 32768 op, 1040369400.00 ns, 31.7496 us/op

// BeforeActualRun
WorkloadActual   1: 32768 op, 1038625900.00 ns, 31.6963 us/op
WorkloadActual   2: 32768 op, 1044330100.00 ns, 31.8704 us/op
WorkloadActual   3: 32768 op, 1045469000.00 ns, 31.9052 us/op
WorkloadActual   4: 32768 op, 1039852600.00 ns, 31.7338 us/op
WorkloadActual   5: 32768 op, 1021902500.00 ns, 31.1860 us/op

// AfterActualRun
WorkloadResult   1: 32768 op, 1038584800.00 ns, 31.6951 us/op
WorkloadResult   2: 32768 op, 1044289000.00 ns, 31.8692 us/op
WorkloadResult   3: 32768 op, 1045427900.00 ns, 31.9039 us/op
WorkloadResult   4: 32768 op, 1039811500.00 ns, 31.7325 us/op
WorkloadResult   5: 32768 op, 1021861400.00 ns, 31.1847 us/op
// GC:  462 430 430 7077227888 32768
// Threading:  0 0 32768

// AfterAll
// Benchmark Process 28496 has exited with code 0.

Mean = 30.919 μs, StdErr = 0.239 μs (0.77%), N = 15, StdDev = 0.925 μs
Min = 29.373 μs, Q1 = 30.111 μs, Median = 31.236 μs, Q3 = 31.673 μs, Max = 31.904 μs
IQR = 1.562 μs, LowerFence = 27.769 μs, UpperFence = 34.016 μs
ConfidenceInterval = [29.929 μs; 31.908 μs] (CI 99.9%), Margin = 0.989 μs (3.20% of Mean)
Skewness = -0.51, Kurtosis = 1.5, MValue = 2.89

// ** Remained 21 (87.5%) benchmark(s) to run. Estimated finish 2026-09-16 12:13 (0h 9m from now) **
Setup power plan (GUID: 8c5e7fda-e8bf-4a96-9a85-a6e23a8c635c FriendlyName: High performance)
// **************************
// Benchmark: TechniquePrecompiledBenchmarks.Utf8: ShortRun(IterationCount=5, LaunchCount=3, WarmupCount=3) [Workload=conditional-heavy]
// *** Execute ***
// Launch: 1 / 3
// Execute: dotnet Heddle.Benchmarks.Dotnet-ShortRun-1.dll --anonymousPipes 1812 5496 --benchmarkName "Heddle.Benchmarks.Dotnet.Bench.TechniquePrecompiledBenchmarks.Utf8(Workload: \"conditional-heavy\")" --job ShortRun --benchmarkId 3 in E:\Work\Heddle\benchmarks\dotnet\bin\Release\net10.0\Heddle.Benchmarks.Dotnet-ShortRun-1\bin\Release\net10.0
// BeforeAnythingElse

// Benchmark Process Environment Information:
// BenchmarkDotNet v0.15.8
// Runtime=.NET 10.0.12 (10.0.12, 10.0.1226.42308), X64 RyuJIT x86-64-v4
// GC=Concurrent Workstation
// HardwareIntrinsics=AVX512 BITALG+VBMI2+VNNI+VPOPCNTDQ,AVX512 IFMA+VBMI,AVX512 F+BW+CD+DQ+VL,AVX2+BMI1+BMI2+F16C+FMA+LZCNT+MOVBE,AVX,SSE3+SSSE3+SSE4.1+SSE4.2+POPCNT,X86Base+SSE+SSE2,AES+PCLMUL,AvxVnni VectorSize=256
// Job: ShortRun(IterationCount=5, LaunchCount=3, WarmupCount=3)

OverheadJitting  1: 1 op, 141000.00 ns, 141.0000 us/op
WorkloadJitting  1: 1 op, 310000.00 ns, 310.0000 us/op

OverheadJitting  2: 16 op, 225600.00 ns, 14.1000 us/op
WorkloadJitting  2: 16 op, 2177800.00 ns, 136.1125 us/op

WorkloadPilot    1: 16 op, 1821200.00 ns, 113.8250 us/op
WorkloadPilot    2: 32 op, 3687700.00 ns, 115.2406 us/op
WorkloadPilot    3: 64 op, 7045700.00 ns, 110.0891 us/op
WorkloadPilot    4: 128 op, 14294800.00 ns, 111.6781 us/op
WorkloadPilot    5: 256 op, 28409900.00 ns, 110.9762 us/op
WorkloadPilot    6: 512 op, 58672900.00 ns, 114.5955 us/op
WorkloadPilot    7: 1024 op, 45176100.00 ns, 44.1173 us/op
WorkloadPilot    8: 2048 op, 38229400.00 ns, 18.6667 us/op
WorkloadPilot    9: 4096 op, 75470700.00 ns, 18.4255 us/op
WorkloadPilot   10: 8192 op, 151272800.00 ns, 18.4659 us/op
WorkloadPilot   11: 16384 op, 303661300.00 ns, 18.5340 us/op
WorkloadPilot   12: 32768 op, 608013000.00 ns, 18.5551 us/op

OverheadWarmup   1: 32768 op, 42100.00 ns, 1.2848 ns/op
OverheadWarmup   2: 32768 op, 40900.00 ns, 1.2482 ns/op
OverheadWarmup   3: 32768 op, 41200.00 ns, 1.2573 ns/op
OverheadWarmup   4: 32768 op, 41600.00 ns, 1.2695 ns/op
OverheadWarmup   5: 32768 op, 41300.00 ns, 1.2604 ns/op
OverheadWarmup   6: 32768 op, 41200.00 ns, 1.2573 ns/op
OverheadWarmup   7: 32768 op, 41200.00 ns, 1.2573 ns/op
OverheadWarmup   8: 32768 op, 40900.00 ns, 1.2482 ns/op

OverheadActual   1: 32768 op, 41000.00 ns, 1.2512 ns/op
OverheadActual   2: 32768 op, 40600.00 ns, 1.2390 ns/op
OverheadActual   3: 32768 op, 40800.00 ns, 1.2451 ns/op
OverheadActual   4: 32768 op, 40800.00 ns, 1.2451 ns/op
OverheadActual   5: 32768 op, 41400.00 ns, 1.2634 ns/op
OverheadActual   6: 32768 op, 41000.00 ns, 1.2512 ns/op
OverheadActual   7: 32768 op, 41300.00 ns, 1.2604 ns/op
OverheadActual   8: 32768 op, 40600.00 ns, 1.2390 ns/op
OverheadActual   9: 32768 op, 40800.00 ns, 1.2451 ns/op
OverheadActual  10: 32768 op, 41000.00 ns, 1.2512 ns/op
OverheadActual  11: 32768 op, 41000.00 ns, 1.2512 ns/op
OverheadActual  12: 32768 op, 40700.00 ns, 1.2421 ns/op
OverheadActual  13: 32768 op, 41100.00 ns, 1.2543 ns/op
OverheadActual  14: 32768 op, 43900.00 ns, 1.3397 ns/op
OverheadActual  15: 32768 op, 41500.00 ns, 1.2665 ns/op

WorkloadWarmup   1: 32768 op, 602911900.00 ns, 18.3994 us/op
WorkloadWarmup   2: 32768 op, 605489800.00 ns, 18.4781 us/op
WorkloadWarmup   3: 32768 op, 600752900.00 ns, 18.3335 us/op

// BeforeActualRun
WorkloadActual   1: 32768 op, 598792000.00 ns, 18.2737 us/op
WorkloadActual   2: 32768 op, 602852200.00 ns, 18.3976 us/op
WorkloadActual   3: 32768 op, 605662600.00 ns, 18.4834 us/op
WorkloadActual   4: 32768 op, 603067000.00 ns, 18.4041 us/op
WorkloadActual   5: 32768 op, 600778600.00 ns, 18.3343 us/op

// AfterActualRun
WorkloadResult   1: 32768 op, 598751000.00 ns, 18.2724 us/op
WorkloadResult   2: 32768 op, 602811200.00 ns, 18.3963 us/op
WorkloadResult   3: 32768 op, 605621600.00 ns, 18.4821 us/op
WorkloadResult   4: 32768 op, 603026000.00 ns, 18.4029 us/op
WorkloadResult   5: 32768 op, 600737600.00 ns, 18.3331 us/op
// GC:  73 0 0 1234698240 32768
// Threading:  0 0 32768

// AfterAll
// Benchmark Process 2756 has exited with code 0.
// Launch: 2 / 3
// Execute: dotnet Heddle.Benchmarks.Dotnet-ShortRun-1.dll --anonymousPipes 5380 5432 --benchmarkName "Heddle.Benchmarks.Dotnet.Bench.TechniquePrecompiledBenchmarks.Utf8(Workload: \"conditional-heavy\")" --job ShortRun --benchmarkId 3 in E:\Work\Heddle\benchmarks\dotnet\bin\Release\net10.0\Heddle.Benchmarks.Dotnet-ShortRun-1\bin\Release\net10.0
// BeforeAnythingElse

// Benchmark Process Environment Information:
// BenchmarkDotNet v0.15.8
// Runtime=.NET 10.0.12 (10.0.12, 10.0.1226.42308), X64 RyuJIT x86-64-v4
// GC=Concurrent Workstation
// HardwareIntrinsics=AVX512 BITALG+VBMI2+VNNI+VPOPCNTDQ,AVX512 IFMA+VBMI,AVX512 F+BW+CD+DQ+VL,AVX2+BMI1+BMI2+F16C+FMA+LZCNT+MOVBE,AVX,SSE3+SSSE3+SSE4.1+SSE4.2+POPCNT,X86Base+SSE+SSE2,AES+PCLMUL,AvxVnni VectorSize=256
// Job: ShortRun(IterationCount=5, LaunchCount=3, WarmupCount=3)

OverheadJitting  1: 1 op, 134100.00 ns, 134.1000 us/op
WorkloadJitting  1: 1 op, 308000.00 ns, 308.0000 us/op

OverheadJitting  2: 16 op, 225000.00 ns, 14.0625 us/op
WorkloadJitting  2: 16 op, 2161500.00 ns, 135.0938 us/op

WorkloadPilot    1: 16 op, 1809900.00 ns, 113.1188 us/op
WorkloadPilot    2: 32 op, 3659100.00 ns, 114.3469 us/op
WorkloadPilot    3: 64 op, 7137600.00 ns, 111.5250 us/op
WorkloadPilot    4: 128 op, 14028800.00 ns, 109.6000 us/op
WorkloadPilot    5: 256 op, 27961300.00 ns, 109.2238 us/op
WorkloadPilot    6: 512 op, 58264500.00 ns, 113.7979 us/op
WorkloadPilot    7: 1024 op, 47124700.00 ns, 46.0202 us/op
WorkloadPilot    8: 2048 op, 37634900.00 ns, 18.3764 us/op
WorkloadPilot    9: 4096 op, 74861100.00 ns, 18.2766 us/op
WorkloadPilot   10: 8192 op, 149915800.00 ns, 18.3003 us/op
WorkloadPilot   11: 16384 op, 299278300.00 ns, 18.2665 us/op
WorkloadPilot   12: 32768 op, 600085200.00 ns, 18.3131 us/op

OverheadWarmup   1: 32768 op, 42300.00 ns, 1.2909 ns/op
OverheadWarmup   2: 32768 op, 40800.00 ns, 1.2451 ns/op
OverheadWarmup   3: 32768 op, 41800.00 ns, 1.2756 ns/op
OverheadWarmup   4: 32768 op, 40700.00 ns, 1.2421 ns/op
OverheadWarmup   5: 32768 op, 41300.00 ns, 1.2604 ns/op
OverheadWarmup   6: 32768 op, 40700.00 ns, 1.2421 ns/op

OverheadActual   1: 32768 op, 41500.00 ns, 1.2665 ns/op
OverheadActual   2: 32768 op, 40900.00 ns, 1.2482 ns/op
OverheadActual   3: 32768 op, 40800.00 ns, 1.2451 ns/op
OverheadActual   4: 32768 op, 40700.00 ns, 1.2421 ns/op
OverheadActual   5: 32768 op, 41100.00 ns, 1.2543 ns/op
OverheadActual   6: 32768 op, 40800.00 ns, 1.2451 ns/op
OverheadActual   7: 32768 op, 47300.00 ns, 1.4435 ns/op
OverheadActual   8: 32768 op, 41000.00 ns, 1.2512 ns/op
OverheadActual   9: 32768 op, 40900.00 ns, 1.2482 ns/op
OverheadActual  10: 32768 op, 40700.00 ns, 1.2421 ns/op
OverheadActual  11: 32768 op, 41300.00 ns, 1.2604 ns/op
OverheadActual  12: 32768 op, 41400.00 ns, 1.2634 ns/op
OverheadActual  13: 32768 op, 41100.00 ns, 1.2543 ns/op
OverheadActual  14: 32768 op, 40900.00 ns, 1.2482 ns/op
OverheadActual  15: 32768 op, 41600.00 ns, 1.2695 ns/op

WorkloadWarmup   1: 32768 op, 600780600.00 ns, 18.3344 us/op
WorkloadWarmup   2: 32768 op, 597565200.00 ns, 18.2362 us/op
WorkloadWarmup   3: 32768 op, 597401300.00 ns, 18.2312 us/op

// BeforeActualRun
WorkloadActual   1: 32768 op, 598364600.00 ns, 18.2606 us/op
WorkloadActual   2: 32768 op, 597576000.00 ns, 18.2366 us/op
WorkloadActual   3: 32768 op, 601233000.00 ns, 18.3482 us/op
WorkloadActual   4: 32768 op, 599924300.00 ns, 18.3082 us/op
WorkloadActual   5: 32768 op, 601326900.00 ns, 18.3510 us/op

// AfterActualRun
WorkloadResult   1: 32768 op, 598323600.00 ns, 18.2594 us/op
WorkloadResult   2: 32768 op, 597535000.00 ns, 18.2353 us/op
WorkloadResult   3: 32768 op, 601192000.00 ns, 18.3469 us/op
WorkloadResult   4: 32768 op, 599883300.00 ns, 18.3070 us/op
WorkloadResult   5: 32768 op, 601285900.00 ns, 18.3498 us/op
// GC:  73 0 0 1234698240 32768
// Threading:  0 0 32768

// AfterAll
// Benchmark Process 14880 has exited with code 0.
// Launch: 3 / 3
// Execute: dotnet Heddle.Benchmarks.Dotnet-ShortRun-1.dll --anonymousPipes 5368 5448 --benchmarkName "Heddle.Benchmarks.Dotnet.Bench.TechniquePrecompiledBenchmarks.Utf8(Workload: \"conditional-heavy\")" --job ShortRun --benchmarkId 3 in E:\Work\Heddle\benchmarks\dotnet\bin\Release\net10.0\Heddle.Benchmarks.Dotnet-ShortRun-1\bin\Release\net10.0
// BeforeAnythingElse

// Benchmark Process Environment Information:
// BenchmarkDotNet v0.15.8
// Runtime=.NET 10.0.12 (10.0.12, 10.0.1226.42308), X64 RyuJIT x86-64-v4
// GC=Concurrent Workstation
// HardwareIntrinsics=AVX512 BITALG+VBMI2+VNNI+VPOPCNTDQ,AVX512 IFMA+VBMI,AVX512 F+BW+CD+DQ+VL,AVX2+BMI1+BMI2+F16C+FMA+LZCNT+MOVBE,AVX,SSE3+SSSE3+SSE4.1+SSE4.2+POPCNT,X86Base+SSE+SSE2,AES+PCLMUL,AvxVnni VectorSize=256
// Job: ShortRun(IterationCount=5, LaunchCount=3, WarmupCount=3)

OverheadJitting  1: 1 op, 134000.00 ns, 134.0000 us/op
WorkloadJitting  1: 1 op, 308000.00 ns, 308.0000 us/op

OverheadJitting  2: 16 op, 223800.00 ns, 13.9875 us/op
WorkloadJitting  2: 16 op, 2153400.00 ns, 134.5875 us/op

WorkloadPilot    1: 16 op, 1896700.00 ns, 118.5438 us/op
WorkloadPilot    2: 32 op, 3753700.00 ns, 117.3031 us/op
WorkloadPilot    3: 64 op, 7256100.00 ns, 113.3766 us/op
WorkloadPilot    4: 128 op, 14453000.00 ns, 112.9141 us/op
WorkloadPilot    5: 256 op, 29078300.00 ns, 113.5871 us/op
WorkloadPilot    6: 512 op, 59829700.00 ns, 116.8549 us/op
WorkloadPilot    7: 1024 op, 46129100.00 ns, 45.0479 us/op
WorkloadPilot    8: 2048 op, 38295800.00 ns, 18.6991 us/op
WorkloadPilot    9: 4096 op, 75898500.00 ns, 18.5299 us/op
WorkloadPilot   10: 8192 op, 153234300.00 ns, 18.7054 us/op
WorkloadPilot   11: 16384 op, 302991300.00 ns, 18.4931 us/op
WorkloadPilot   12: 32768 op, 606704700.00 ns, 18.5152 us/op

OverheadWarmup   1: 32768 op, 42900.00 ns, 1.3092 ns/op
OverheadWarmup   2: 32768 op, 40800.00 ns, 1.2451 ns/op
OverheadWarmup   3: 32768 op, 41200.00 ns, 1.2573 ns/op
OverheadWarmup   4: 32768 op, 40900.00 ns, 1.2482 ns/op
OverheadWarmup   5: 32768 op, 41100.00 ns, 1.2543 ns/op
OverheadWarmup   6: 32768 op, 40800.00 ns, 1.2451 ns/op

OverheadActual   1: 32768 op, 41100.00 ns, 1.2543 ns/op
OverheadActual   2: 32768 op, 41300.00 ns, 1.2604 ns/op
OverheadActual   3: 32768 op, 41400.00 ns, 1.2634 ns/op
OverheadActual   4: 32768 op, 40500.00 ns, 1.2360 ns/op
OverheadActual   5: 32768 op, 41400.00 ns, 1.2634 ns/op
OverheadActual   6: 32768 op, 41000.00 ns, 1.2512 ns/op
OverheadActual   7: 32768 op, 41000.00 ns, 1.2512 ns/op
OverheadActual   8: 32768 op, 40900.00 ns, 1.2482 ns/op
OverheadActual   9: 32768 op, 41300.00 ns, 1.2604 ns/op
OverheadActual  10: 32768 op, 41400.00 ns, 1.2634 ns/op
OverheadActual  11: 32768 op, 40900.00 ns, 1.2482 ns/op
OverheadActual  12: 32768 op, 41600.00 ns, 1.2695 ns/op
OverheadActual  13: 32768 op, 41000.00 ns, 1.2512 ns/op
OverheadActual  14: 32768 op, 40400.00 ns, 1.2329 ns/op
OverheadActual  15: 32768 op, 41200.00 ns, 1.2573 ns/op

WorkloadWarmup   1: 32768 op, 607327200.00 ns, 18.5342 us/op
WorkloadWarmup   2: 32768 op, 606429500.00 ns, 18.5068 us/op
WorkloadWarmup   3: 32768 op, 605307800.00 ns, 18.4725 us/op

// BeforeActualRun
WorkloadActual   1: 32768 op, 606444400.00 ns, 18.5072 us/op
WorkloadActual   2: 32768 op, 610550700.00 ns, 18.6325 us/op
WorkloadActual   3: 32768 op, 609685800.00 ns, 18.6061 us/op
WorkloadActual   4: 32768 op, 609534500.00 ns, 18.6015 us/op
WorkloadActual   5: 32768 op, 607382700.00 ns, 18.5358 us/op

// AfterActualRun
WorkloadResult   1: 32768 op, 606403300.00 ns, 18.5060 us/op
WorkloadResult   2: 32768 op, 610509600.00 ns, 18.6313 us/op
WorkloadResult   3: 32768 op, 609644700.00 ns, 18.6049 us/op
WorkloadResult   4: 32768 op, 609493400.00 ns, 18.6003 us/op
WorkloadResult   5: 32768 op, 607341600.00 ns, 18.5346 us/op
// GC:  73 0 0 1234698240 32768
// Threading:  0 0 32768

// AfterAll
// Benchmark Process 5704 has exited with code 0.

Mean = 18.417 μs, StdErr = 0.034 μs (0.19%), N = 15, StdDev = 0.133 μs
Min = 18.235 μs, Q1 = 18.320 μs, Median = 18.396 μs, Q3 = 18.520 μs, Max = 18.631 μs
IQR = 0.200 μs, LowerFence = 18.020 μs, UpperFence = 18.821 μs
ConfidenceInterval = [18.275 μs; 18.560 μs] (CI 99.9%), Margin = 0.142 μs (0.77% of Mean)
Skewness = 0.26, Kurtosis = 1.5, MValue = 2

// ** Remained 20 (83.3%) benchmark(s) to run. Estimated finish 2026-09-16 12:12 (0h 8m from now) **
Setup power plan (GUID: 8c5e7fda-e8bf-4a96-9a85-a6e23a8c635c FriendlyName: High performance)
// **************************
// Benchmark: TechniquePrecompiledBenchmarks.TextWriter: ShortRun(IterationCount=5, LaunchCount=3, WarmupCount=3) [Workload=conditional-heavy]
// *** Execute ***
// Launch: 1 / 3
// Execute: dotnet Heddle.Benchmarks.Dotnet-ShortRun-1.dll --anonymousPipes 3648 5500 --benchmarkName "Heddle.Benchmarks.Dotnet.Bench.TechniquePrecompiledBenchmarks.TextWriter(Workload: \"conditional-heavy\")" --job ShortRun --benchmarkId 4 in E:\Work\Heddle\benchmarks\dotnet\bin\Release\net10.0\Heddle.Benchmarks.Dotnet-ShortRun-1\bin\Release\net10.0
// BeforeAnythingElse

// Benchmark Process Environment Information:
// BenchmarkDotNet v0.15.8
// Runtime=.NET 10.0.12 (10.0.12, 10.0.1226.42308), X64 RyuJIT x86-64-v4
// GC=Concurrent Workstation
// HardwareIntrinsics=AVX512 BITALG+VBMI2+VNNI+VPOPCNTDQ,AVX512 IFMA+VBMI,AVX512 F+BW+CD+DQ+VL,AVX2+BMI1+BMI2+F16C+FMA+LZCNT+MOVBE,AVX,SSE3+SSSE3+SSE4.1+SSE4.2+POPCNT,X86Base+SSE+SSE2,AES+PCLMUL,AvxVnni VectorSize=256
// Job: ShortRun(IterationCount=5, LaunchCount=3, WarmupCount=3)

OverheadJitting  1: 1 op, 141000.00 ns, 141.0000 us/op
WorkloadJitting  1: 1 op, 295900.00 ns, 295.9000 us/op

OverheadJitting  2: 16 op, 218200.00 ns, 13.6375 us/op
WorkloadJitting  2: 16 op, 2113100.00 ns, 132.0688 us/op

WorkloadPilot    1: 16 op, 1724400.00 ns, 107.7750 us/op
WorkloadPilot    2: 32 op, 3479500.00 ns, 108.7344 us/op
WorkloadPilot    3: 64 op, 6537900.00 ns, 102.1547 us/op
WorkloadPilot    4: 128 op, 13072700.00 ns, 102.1305 us/op
WorkloadPilot    5: 256 op, 26297500.00 ns, 102.7246 us/op
WorkloadPilot    6: 512 op, 54705700.00 ns, 106.8471 us/op
WorkloadPilot    7: 1024 op, 38331200.00 ns, 37.4328 us/op
WorkloadPilot    8: 2048 op, 30340600.00 ns, 14.8147 us/op
WorkloadPilot    9: 4096 op, 59090300.00 ns, 14.4263 us/op
WorkloadPilot   10: 8192 op, 119071600.00 ns, 14.5351 us/op
WorkloadPilot   11: 16384 op, 236225600.00 ns, 14.4181 us/op
WorkloadPilot   12: 32768 op, 473283700.00 ns, 14.4435 us/op
WorkloadPilot   13: 65536 op, 945493900.00 ns, 14.4271 us/op

OverheadWarmup   1: 65536 op, 83200.00 ns, 1.2695 ns/op
OverheadWarmup   2: 65536 op, 81800.00 ns, 1.2482 ns/op
OverheadWarmup   3: 65536 op, 82200.00 ns, 1.2543 ns/op
OverheadWarmup   4: 65536 op, 81400.00 ns, 1.2421 ns/op
OverheadWarmup   5: 65536 op, 81200.00 ns, 1.2390 ns/op
OverheadWarmup   6: 65536 op, 81800.00 ns, 1.2482 ns/op
OverheadWarmup   7: 65536 op, 81500.00 ns, 1.2436 ns/op

OverheadActual   1: 65536 op, 82500.00 ns, 1.2589 ns/op
OverheadActual   2: 65536 op, 81900.00 ns, 1.2497 ns/op
OverheadActual   3: 65536 op, 81600.00 ns, 1.2451 ns/op
OverheadActual   4: 65536 op, 82000.00 ns, 1.2512 ns/op
OverheadActual   5: 65536 op, 81200.00 ns, 1.2390 ns/op
OverheadActual   6: 65536 op, 82600.00 ns, 1.2604 ns/op
OverheadActual   7: 65536 op, 81500.00 ns, 1.2436 ns/op
OverheadActual   8: 65536 op, 81400.00 ns, 1.2421 ns/op
OverheadActual   9: 65536 op, 82000.00 ns, 1.2512 ns/op
OverheadActual  10: 65536 op, 82600.00 ns, 1.2604 ns/op
OverheadActual  11: 65536 op, 82300.00 ns, 1.2558 ns/op
OverheadActual  12: 65536 op, 83000.00 ns, 1.2665 ns/op
OverheadActual  13: 65536 op, 81700.00 ns, 1.2466 ns/op
OverheadActual  14: 65536 op, 82300.00 ns, 1.2558 ns/op
OverheadActual  15: 65536 op, 81800.00 ns, 1.2482 ns/op

WorkloadWarmup   1: 65536 op, 947674800.00 ns, 14.4604 us/op
WorkloadWarmup   2: 65536 op, 943048700.00 ns, 14.3898 us/op
WorkloadWarmup   3: 65536 op, 944818200.00 ns, 14.4168 us/op

// BeforeActualRun
WorkloadActual   1: 65536 op, 943366100.00 ns, 14.3946 us/op
WorkloadActual   2: 65536 op, 951553500.00 ns, 14.5196 us/op
WorkloadActual   3: 65536 op, 950101000.00 ns, 14.4974 us/op
WorkloadActual   4: 65536 op, 944489400.00 ns, 14.4118 us/op
WorkloadActual   5: 65536 op, 954972400.00 ns, 14.5717 us/op

// AfterActualRun
WorkloadResult   1: 65536 op, 943284100.00 ns, 14.3934 us/op
WorkloadResult   2: 65536 op, 951471500.00 ns, 14.5183 us/op
WorkloadResult   3: 65536 op, 950019000.00 ns, 14.4961 us/op
WorkloadResult   4: 65536 op, 944407400.00 ns, 14.4105 us/op
WorkloadResult   5: 65536 op, 954890400.00 ns, 14.5705 us/op
// GC:  147 0 0 2468872192 65536
// Threading:  0 0 65536

// AfterAll
// Benchmark Process 29104 has exited with code 0.
// Launch: 2 / 3
// Execute: dotnet Heddle.Benchmarks.Dotnet-ShortRun-1.dll --anonymousPipes 668 5420 --benchmarkName "Heddle.Benchmarks.Dotnet.Bench.TechniquePrecompiledBenchmarks.TextWriter(Workload: \"conditional-heavy\")" --job ShortRun --benchmarkId 4 in E:\Work\Heddle\benchmarks\dotnet\bin\Release\net10.0\Heddle.Benchmarks.Dotnet-ShortRun-1\bin\Release\net10.0
// BeforeAnythingElse

// Benchmark Process Environment Information:
// BenchmarkDotNet v0.15.8
// Runtime=.NET 10.0.12 (10.0.12, 10.0.1226.42308), X64 RyuJIT x86-64-v4
// GC=Concurrent Workstation
// HardwareIntrinsics=AVX512 BITALG+VBMI2+VNNI+VPOPCNTDQ,AVX512 IFMA+VBMI,AVX512 F+BW+CD+DQ+VL,AVX2+BMI1+BMI2+F16C+FMA+LZCNT+MOVBE,AVX,SSE3+SSSE3+SSE4.1+SSE4.2+POPCNT,X86Base+SSE+SSE2,AES+PCLMUL,AvxVnni VectorSize=256
// Job: ShortRun(IterationCount=5, LaunchCount=3, WarmupCount=3)

OverheadJitting  1: 1 op, 131400.00 ns, 131.4000 us/op
WorkloadJitting  1: 1 op, 293700.00 ns, 293.7000 us/op

OverheadJitting  2: 16 op, 222500.00 ns, 13.9063 us/op
WorkloadJitting  2: 16 op, 2061900.00 ns, 128.8688 us/op

WorkloadPilot    1: 16 op, 1766200.00 ns, 110.3875 us/op
WorkloadPilot    2: 32 op, 3399900.00 ns, 106.2469 us/op
WorkloadPilot    3: 64 op, 6611000.00 ns, 103.2969 us/op
WorkloadPilot    4: 128 op, 13167100.00 ns, 102.8680 us/op
WorkloadPilot    5: 256 op, 26184300.00 ns, 102.2824 us/op
WorkloadPilot    6: 512 op, 54443300.00 ns, 106.3346 us/op
WorkloadPilot    7: 1024 op, 38704300.00 ns, 37.7972 us/op
WorkloadPilot    8: 2048 op, 30116000.00 ns, 14.7051 us/op
WorkloadPilot    9: 4096 op, 59345600.00 ns, 14.4887 us/op
WorkloadPilot   10: 8192 op, 119341900.00 ns, 14.5681 us/op
WorkloadPilot   11: 16384 op, 237809900.00 ns, 14.5148 us/op
WorkloadPilot   12: 32768 op, 474263900.00 ns, 14.4734 us/op
WorkloadPilot   13: 65536 op, 947273100.00 ns, 14.4542 us/op

OverheadWarmup   1: 65536 op, 82900.00 ns, 1.2650 ns/op
OverheadWarmup   2: 65536 op, 81700.00 ns, 1.2466 ns/op
OverheadWarmup   3: 65536 op, 82100.00 ns, 1.2527 ns/op
OverheadWarmup   4: 65536 op, 81600.00 ns, 1.2451 ns/op
OverheadWarmup   5: 65536 op, 82500.00 ns, 1.2589 ns/op
OverheadWarmup   6: 65536 op, 81600.00 ns, 1.2451 ns/op

OverheadActual   1: 65536 op, 81500.00 ns, 1.2436 ns/op
OverheadActual   2: 65536 op, 82000.00 ns, 1.2512 ns/op
OverheadActual   3: 65536 op, 81900.00 ns, 1.2497 ns/op
OverheadActual   4: 65536 op, 82000.00 ns, 1.2512 ns/op
OverheadActual   5: 65536 op, 81700.00 ns, 1.2466 ns/op
OverheadActual   6: 65536 op, 82300.00 ns, 1.2558 ns/op
OverheadActual   7: 65536 op, 81500.00 ns, 1.2436 ns/op
OverheadActual   8: 65536 op, 82400.00 ns, 1.2573 ns/op
OverheadActual   9: 65536 op, 80900.00 ns, 1.2344 ns/op
OverheadActual  10: 65536 op, 82000.00 ns, 1.2512 ns/op
OverheadActual  11: 65536 op, 82200.00 ns, 1.2543 ns/op
OverheadActual  12: 65536 op, 82700.00 ns, 1.2619 ns/op
OverheadActual  13: 65536 op, 81600.00 ns, 1.2451 ns/op
OverheadActual  14: 65536 op, 82000.00 ns, 1.2512 ns/op
OverheadActual  15: 65536 op, 81700.00 ns, 1.2466 ns/op

WorkloadWarmup   1: 65536 op, 948222900.00 ns, 14.4687 us/op
WorkloadWarmup   2: 65536 op, 945925900.00 ns, 14.4337 us/op
WorkloadWarmup   3: 65536 op, 945410300.00 ns, 14.4258 us/op

// BeforeActualRun
WorkloadActual   1: 65536 op, 950807800.00 ns, 14.5082 us/op
WorkloadActual   2: 65536 op, 951476800.00 ns, 14.5184 us/op
WorkloadActual   3: 65536 op, 951090800.00 ns, 14.5125 us/op
WorkloadActual   4: 65536 op, 949630000.00 ns, 14.4902 us/op
WorkloadActual   5: 65536 op, 949392100.00 ns, 14.4866 us/op

// AfterActualRun
WorkloadResult   1: 65536 op, 950725800.00 ns, 14.5069 us/op
WorkloadResult   2: 65536 op, 951394800.00 ns, 14.5171 us/op
WorkloadResult   3: 65536 op, 951008800.00 ns, 14.5112 us/op
WorkloadResult   4: 65536 op, 949548000.00 ns, 14.4890 us/op
WorkloadResult   5: 65536 op, 949310100.00 ns, 14.4853 us/op
// GC:  147 0 0 2468872192 65536
// Threading:  0 0 65536

// AfterAll
// Benchmark Process 23892 has exited with code 0.
// Launch: 3 / 3
// Execute: dotnet Heddle.Benchmarks.Dotnet-ShortRun-1.dll --anonymousPipes 4932 1956 --benchmarkName "Heddle.Benchmarks.Dotnet.Bench.TechniquePrecompiledBenchmarks.TextWriter(Workload: \"conditional-heavy\")" --job ShortRun --benchmarkId 4 in E:\Work\Heddle\benchmarks\dotnet\bin\Release\net10.0\Heddle.Benchmarks.Dotnet-ShortRun-1\bin\Release\net10.0
// BeforeAnythingElse

// Benchmark Process Environment Information:
// BenchmarkDotNet v0.15.8
// Runtime=.NET 10.0.12 (10.0.12, 10.0.1226.42308), X64 RyuJIT x86-64-v4
// GC=Concurrent Workstation
// HardwareIntrinsics=AVX512 BITALG+VBMI2+VNNI+VPOPCNTDQ,AVX512 IFMA+VBMI,AVX512 F+BW+CD+DQ+VL,AVX2+BMI1+BMI2+F16C+FMA+LZCNT+MOVBE,AVX,SSE3+SSSE3+SSE4.1+SSE4.2+POPCNT,X86Base+SSE+SSE2,AES+PCLMUL,AvxVnni VectorSize=256
// Job: ShortRun(IterationCount=5, LaunchCount=3, WarmupCount=3)

OverheadJitting  1: 1 op, 131600.00 ns, 131.6000 us/op
WorkloadJitting  1: 1 op, 293600.00 ns, 293.6000 us/op

OverheadJitting  2: 16 op, 222100.00 ns, 13.8813 us/op
WorkloadJitting  2: 16 op, 2055600.00 ns, 128.4750 us/op

WorkloadPilot    1: 16 op, 1768700.00 ns, 110.5438 us/op
WorkloadPilot    2: 32 op, 3489200.00 ns, 109.0375 us/op
WorkloadPilot    3: 64 op, 6884400.00 ns, 107.5688 us/op
WorkloadPilot    4: 128 op, 13604600.00 ns, 106.2859 us/op
WorkloadPilot    5: 256 op, 27238200.00 ns, 106.3992 us/op
WorkloadPilot    6: 512 op, 55550900.00 ns, 108.4979 us/op
WorkloadPilot    7: 1024 op, 39698000.00 ns, 38.7676 us/op
WorkloadPilot    8: 2048 op, 30650300.00 ns, 14.9660 us/op
WorkloadPilot    9: 4096 op, 58882900.00 ns, 14.3757 us/op
WorkloadPilot   10: 8192 op, 119048300.00 ns, 14.5323 us/op
WorkloadPilot   11: 16384 op, 235349900.00 ns, 14.3646 us/op
WorkloadPilot   12: 32768 op, 469927900.00 ns, 14.3411 us/op
WorkloadPilot   13: 65536 op, 940164600.00 ns, 14.3458 us/op

OverheadWarmup   1: 65536 op, 83400.00 ns, 1.2726 ns/op
OverheadWarmup   2: 65536 op, 81700.00 ns, 1.2466 ns/op
OverheadWarmup   3: 65536 op, 82000.00 ns, 1.2512 ns/op
OverheadWarmup   4: 65536 op, 82500.00 ns, 1.2589 ns/op
OverheadWarmup   5: 65536 op, 81400.00 ns, 1.2421 ns/op
OverheadWarmup   6: 65536 op, 81300.00 ns, 1.2405 ns/op
OverheadWarmup   7: 65536 op, 83000.00 ns, 1.2665 ns/op
OverheadWarmup   8: 65536 op, 81600.00 ns, 1.2451 ns/op

OverheadActual   1: 65536 op, 82200.00 ns, 1.2543 ns/op
OverheadActual   2: 65536 op, 82200.00 ns, 1.2543 ns/op
OverheadActual   3: 65536 op, 82400.00 ns, 1.2573 ns/op
OverheadActual   4: 65536 op, 82400.00 ns, 1.2573 ns/op
OverheadActual   5: 65536 op, 82800.00 ns, 1.2634 ns/op
OverheadActual   6: 65536 op, 82500.00 ns, 1.2589 ns/op
OverheadActual   7: 65536 op, 82100.00 ns, 1.2527 ns/op
OverheadActual   8: 65536 op, 81900.00 ns, 1.2497 ns/op
OverheadActual   9: 65536 op, 82500.00 ns, 1.2589 ns/op
OverheadActual  10: 65536 op, 82200.00 ns, 1.2543 ns/op
OverheadActual  11: 65536 op, 87400.00 ns, 1.3336 ns/op
OverheadActual  12: 65536 op, 82700.00 ns, 1.2619 ns/op
OverheadActual  13: 65536 op, 81900.00 ns, 1.2497 ns/op
OverheadActual  14: 65536 op, 82300.00 ns, 1.2558 ns/op
OverheadActual  15: 65536 op, 81900.00 ns, 1.2497 ns/op

WorkloadWarmup   1: 65536 op, 940399500.00 ns, 14.3494 us/op
WorkloadWarmup   2: 65536 op, 935866100.00 ns, 14.2802 us/op
WorkloadWarmup   3: 65536 op, 937817600.00 ns, 14.3100 us/op

// BeforeActualRun
WorkloadActual   1: 65536 op, 937533400.00 ns, 14.3056 us/op
WorkloadActual   2: 65536 op, 940468400.00 ns, 14.3504 us/op
WorkloadActual   3: 65536 op, 940384500.00 ns, 14.3491 us/op
WorkloadActual   4: 65536 op, 938906900.00 ns, 14.3266 us/op
WorkloadActual   5: 65536 op, 939103200.00 ns, 14.3296 us/op

// AfterActualRun
WorkloadResult   1: 65536 op, 937451100.00 ns, 14.3044 us/op
WorkloadResult   2: 65536 op, 940386100.00 ns, 14.3492 us/op
WorkloadResult   3: 65536 op, 940302200.00 ns, 14.3479 us/op
WorkloadResult   4: 65536 op, 938824600.00 ns, 14.3253 us/op
WorkloadResult   5: 65536 op, 939020900.00 ns, 14.3283 us/op
// GC:  147 0 0 2468872192 65536
// Threading:  0 0 65536

// AfterAll
// Benchmark Process 2936 has exited with code 0.

Mean = 14.437 μs, StdErr = 0.023 μs (0.16%), N = 15, StdDev = 0.089 μs
Min = 14.304 μs, Q1 = 14.349 μs, Median = 14.485 μs, Q3 = 14.509 μs, Max = 14.570 μs
IQR = 0.161 μs, LowerFence = 14.108 μs, UpperFence = 14.750 μs
ConfidenceInterval = [14.342 μs; 14.532 μs] (CI 99.9%), Margin = 0.095 μs (0.66% of Mean)
Skewness = -0.17, Kurtosis = 1.31, MValue = 2

// ** Remained 19 (79.2%) benchmark(s) to run. Estimated finish 2026-09-16 12:13 (0h 8m from now) **
Setup power plan (GUID: 8c5e7fda-e8bf-4a96-9a85-a6e23a8c635c FriendlyName: High performance)
// **************************
// Benchmark: TechniquePrecompiledBenchmarks.String: ShortRun(IterationCount=5, LaunchCount=3, WarmupCount=3) [Workload=conditional-heavy]
// *** Execute ***
// Launch: 1 / 3
// Execute: dotnet Heddle.Benchmarks.Dotnet-ShortRun-1.dll --anonymousPipes 3140 3648 --benchmarkName "Heddle.Benchmarks.Dotnet.Bench.TechniquePrecompiledBenchmarks.String(Workload: \"conditional-heavy\")" --job ShortRun --benchmarkId 5 in E:\Work\Heddle\benchmarks\dotnet\bin\Release\net10.0\Heddle.Benchmarks.Dotnet-ShortRun-1\bin\Release\net10.0
// BeforeAnythingElse

// Benchmark Process Environment Information:
// BenchmarkDotNet v0.15.8
// Runtime=.NET 10.0.12 (10.0.12, 10.0.1226.42308), X64 RyuJIT x86-64-v4
// GC=Concurrent Workstation
// HardwareIntrinsics=AVX512 BITALG+VBMI2+VNNI+VPOPCNTDQ,AVX512 IFMA+VBMI,AVX512 F+BW+CD+DQ+VL,AVX2+BMI1+BMI2+F16C+FMA+LZCNT+MOVBE,AVX,SSE3+SSSE3+SSE4.1+SSE4.2+POPCNT,X86Base+SSE+SSE2,AES+PCLMUL,AvxVnni VectorSize=256
// Job: ShortRun(IterationCount=5, LaunchCount=3, WarmupCount=3)

OverheadJitting  1: 1 op, 144400.00 ns, 144.4000 us/op
WorkloadJitting  1: 1 op, 279200.00 ns, 279.2000 us/op

OverheadJitting  2: 16 op, 225800.00 ns, 14.1125 us/op
WorkloadJitting  2: 16 op, 1993900.00 ns, 124.6188 us/op

WorkloadPilot    1: 16 op, 1696000.00 ns, 106.0000 us/op
WorkloadPilot    2: 32 op, 3386600.00 ns, 105.8313 us/op
WorkloadPilot    3: 64 op, 6467200.00 ns, 101.0500 us/op
WorkloadPilot    4: 128 op, 14037600.00 ns, 109.6688 us/op
WorkloadPilot    5: 256 op, 27331300.00 ns, 106.7629 us/op
WorkloadPilot    6: 512 op, 52332400.00 ns, 102.2117 us/op
WorkloadPilot    7: 1024 op, 40180000.00 ns, 39.2383 us/op
WorkloadPilot    8: 2048 op, 39129600.00 ns, 19.1063 us/op
WorkloadPilot    9: 4096 op, 73656500.00 ns, 17.9825 us/op
WorkloadPilot   10: 8192 op, 120473500.00 ns, 14.7062 us/op
WorkloadPilot   11: 16384 op, 241336500.00 ns, 14.7300 us/op
WorkloadPilot   12: 32768 op, 482081600.00 ns, 14.7120 us/op
WorkloadPilot   13: 65536 op, 959698900.00 ns, 14.6438 us/op

OverheadWarmup   1: 65536 op, 83000.00 ns, 1.2665 ns/op
OverheadWarmup   2: 65536 op, 81900.00 ns, 1.2497 ns/op
OverheadWarmup   3: 65536 op, 80900.00 ns, 1.2344 ns/op
OverheadWarmup   4: 65536 op, 81800.00 ns, 1.2482 ns/op
OverheadWarmup   5: 65536 op, 81900.00 ns, 1.2497 ns/op
OverheadWarmup   6: 65536 op, 81300.00 ns, 1.2405 ns/op
OverheadWarmup   7: 65536 op, 80900.00 ns, 1.2344 ns/op
OverheadWarmup   8: 65536 op, 81700.00 ns, 1.2466 ns/op
OverheadWarmup   9: 65536 op, 81400.00 ns, 1.2421 ns/op

OverheadActual   1: 65536 op, 80800.00 ns, 1.2329 ns/op
OverheadActual   2: 65536 op, 80600.00 ns, 1.2299 ns/op
OverheadActual   3: 65536 op, 80900.00 ns, 1.2344 ns/op
OverheadActual   4: 65536 op, 81800.00 ns, 1.2482 ns/op
OverheadActual   5: 65536 op, 81700.00 ns, 1.2466 ns/op
OverheadActual   6: 65536 op, 82400.00 ns, 1.2573 ns/op
OverheadActual   7: 65536 op, 81200.00 ns, 1.2390 ns/op
OverheadActual   8: 65536 op, 82400.00 ns, 1.2573 ns/op
OverheadActual   9: 65536 op, 83300.00 ns, 1.2711 ns/op
OverheadActual  10: 65536 op, 81800.00 ns, 1.2482 ns/op
OverheadActual  11: 65536 op, 82000.00 ns, 1.2512 ns/op
OverheadActual  12: 65536 op, 82000.00 ns, 1.2512 ns/op
OverheadActual  13: 65536 op, 82500.00 ns, 1.2589 ns/op
OverheadActual  14: 65536 op, 82000.00 ns, 1.2512 ns/op
OverheadActual  15: 65536 op, 84700.00 ns, 1.2924 ns/op

WorkloadWarmup   1: 65536 op, 961524400.00 ns, 14.6717 us/op
WorkloadWarmup   2: 65536 op, 957477000.00 ns, 14.6099 us/op
WorkloadWarmup   3: 65536 op, 958154200.00 ns, 14.6203 us/op

// BeforeActualRun
WorkloadActual   1: 65536 op, 954053100.00 ns, 14.5577 us/op
WorkloadActual   2: 65536 op, 959120300.00 ns, 14.6350 us/op
WorkloadActual   3: 65536 op, 958251500.00 ns, 14.6218 us/op
WorkloadActual   4: 65536 op, 959658600.00 ns, 14.6432 us/op
WorkloadActual   5: 65536 op, 957023600.00 ns, 14.6030 us/op

// AfterActualRun
WorkloadResult   1: 65536 op, 953971100.00 ns, 14.5564 us/op
WorkloadResult   2: 65536 op, 959038300.00 ns, 14.6338 us/op
WorkloadResult   3: 65536 op, 958169500.00 ns, 14.6205 us/op
WorkloadResult   4: 65536 op, 959576600.00 ns, 14.6420 us/op
WorkloadResult   5: 65536 op, 956941600.00 ns, 14.6018 us/op
// GC:  403 40 0 6755975168 65536
// Threading:  0 0 65536

// AfterAll
// Benchmark Process 4916 has exited with code 0.
// Launch: 2 / 3
// Execute: dotnet Heddle.Benchmarks.Dotnet-ShortRun-1.dll --anonymousPipes 672 3684 --benchmarkName "Heddle.Benchmarks.Dotnet.Bench.TechniquePrecompiledBenchmarks.String(Workload: \"conditional-heavy\")" --job ShortRun --benchmarkId 5 in E:\Work\Heddle\benchmarks\dotnet\bin\Release\net10.0\Heddle.Benchmarks.Dotnet-ShortRun-1\bin\Release\net10.0
// BeforeAnythingElse

// Benchmark Process Environment Information:
// BenchmarkDotNet v0.15.8
// Runtime=.NET 10.0.12 (10.0.12, 10.0.1226.42308), X64 RyuJIT x86-64-v4
// GC=Concurrent Workstation
// HardwareIntrinsics=AVX512 BITALG+VBMI2+VNNI+VPOPCNTDQ,AVX512 IFMA+VBMI,AVX512 F+BW+CD+DQ+VL,AVX2+BMI1+BMI2+F16C+FMA+LZCNT+MOVBE,AVX,SSE3+SSSE3+SSE4.1+SSE4.2+POPCNT,X86Base+SSE+SSE2,AES+PCLMUL,AvxVnni VectorSize=256
// Job: ShortRun(IterationCount=5, LaunchCount=3, WarmupCount=3)

OverheadJitting  1: 1 op, 142100.00 ns, 142.1000 us/op
WorkloadJitting  1: 1 op, 282200.00 ns, 282.2000 us/op

OverheadJitting  2: 16 op, 222700.00 ns, 13.9188 us/op
WorkloadJitting  2: 16 op, 2004400.00 ns, 125.2750 us/op

WorkloadPilot    1: 16 op, 1658900.00 ns, 103.6813 us/op
WorkloadPilot    2: 32 op, 3276700.00 ns, 102.3969 us/op
WorkloadPilot    3: 64 op, 6317900.00 ns, 98.7172 us/op
WorkloadPilot    4: 128 op, 13393000.00 ns, 104.6328 us/op
WorkloadPilot    5: 256 op, 25986200.00 ns, 101.5086 us/op
WorkloadPilot    6: 512 op, 50571500.00 ns, 98.7725 us/op
WorkloadPilot    7: 1024 op, 41297100.00 ns, 40.3292 us/op
WorkloadPilot    8: 2048 op, 38211700.00 ns, 18.6581 us/op
WorkloadPilot    9: 4096 op, 74062800.00 ns, 18.0817 us/op
WorkloadPilot   10: 8192 op, 123041000.00 ns, 15.0197 us/op
WorkloadPilot   11: 16384 op, 246224100.00 ns, 15.0283 us/op
WorkloadPilot   12: 32768 op, 490610800.00 ns, 14.9723 us/op
WorkloadPilot   13: 65536 op, 985362000.00 ns, 15.0354 us/op

OverheadWarmup   1: 65536 op, 83100.00 ns, 1.2680 ns/op
OverheadWarmup   2: 65536 op, 81900.00 ns, 1.2497 ns/op
OverheadWarmup   3: 65536 op, 82700.00 ns, 1.2619 ns/op
OverheadWarmup   4: 65536 op, 81500.00 ns, 1.2436 ns/op
OverheadWarmup   5: 65536 op, 82500.00 ns, 1.2589 ns/op
OverheadWarmup   6: 65536 op, 81600.00 ns, 1.2451 ns/op

OverheadActual   1: 65536 op, 81300.00 ns, 1.2405 ns/op
OverheadActual   2: 65536 op, 82200.00 ns, 1.2543 ns/op
OverheadActual   3: 65536 op, 83100.00 ns, 1.2680 ns/op
OverheadActual   4: 65536 op, 80700.00 ns, 1.2314 ns/op
OverheadActual   5: 65536 op, 81300.00 ns, 1.2405 ns/op
OverheadActual   6: 65536 op, 81700.00 ns, 1.2466 ns/op
OverheadActual   7: 65536 op, 81700.00 ns, 1.2466 ns/op
OverheadActual   8: 65536 op, 81900.00 ns, 1.2497 ns/op
OverheadActual   9: 65536 op, 82100.00 ns, 1.2527 ns/op
OverheadActual  10: 65536 op, 82300.00 ns, 1.2558 ns/op
OverheadActual  11: 65536 op, 82800.00 ns, 1.2634 ns/op
OverheadActual  12: 65536 op, 82300.00 ns, 1.2558 ns/op
OverheadActual  13: 65536 op, 82100.00 ns, 1.2527 ns/op
OverheadActual  14: 65536 op, 82000.00 ns, 1.2512 ns/op
OverheadActual  15: 65536 op, 81800.00 ns, 1.2482 ns/op

WorkloadWarmup   1: 65536 op, 979820700.00 ns, 14.9509 us/op
WorkloadWarmup   2: 65536 op, 982347300.00 ns, 14.9894 us/op
WorkloadWarmup   3: 65536 op, 981154300.00 ns, 14.9712 us/op

// BeforeActualRun
WorkloadActual   1: 65536 op, 976402400.00 ns, 14.8987 us/op
WorkloadActual   2: 65536 op, 980333600.00 ns, 14.9587 us/op
WorkloadActual   3: 65536 op, 980747000.00 ns, 14.9650 us/op
WorkloadActual   4: 65536 op, 991040500.00 ns, 15.1221 us/op
WorkloadActual   5: 65536 op, 989032200.00 ns, 15.0914 us/op

// AfterActualRun
WorkloadResult   1: 65536 op, 976320400.00 ns, 14.8975 us/op
WorkloadResult   2: 65536 op, 980251600.00 ns, 14.9575 us/op
WorkloadResult   3: 65536 op, 980665000.00 ns, 14.9638 us/op
WorkloadResult   4: 65536 op, 990958500.00 ns, 15.1208 us/op
WorkloadResult   5: 65536 op, 988950200.00 ns, 15.0902 us/op
// GC:  403 40 0 6755975168 65536
// Threading:  0 0 65536

// AfterAll
// Benchmark Process 4168 has exited with code 0.
// Launch: 3 / 3
// Execute: dotnet Heddle.Benchmarks.Dotnet-ShortRun-1.dll --anonymousPipes 664 1964 --benchmarkName "Heddle.Benchmarks.Dotnet.Bench.TechniquePrecompiledBenchmarks.String(Workload: \"conditional-heavy\")" --job ShortRun --benchmarkId 5 in E:\Work\Heddle\benchmarks\dotnet\bin\Release\net10.0\Heddle.Benchmarks.Dotnet-ShortRun-1\bin\Release\net10.0
// BeforeAnythingElse

// Benchmark Process Environment Information:
// BenchmarkDotNet v0.15.8
// Runtime=.NET 10.0.12 (10.0.12, 10.0.1226.42308), X64 RyuJIT x86-64-v4
// GC=Concurrent Workstation
// HardwareIntrinsics=AVX512 BITALG+VBMI2+VNNI+VPOPCNTDQ,AVX512 IFMA+VBMI,AVX512 F+BW+CD+DQ+VL,AVX2+BMI1+BMI2+F16C+FMA+LZCNT+MOVBE,AVX,SSE3+SSSE3+SSE4.1+SSE4.2+POPCNT,X86Base+SSE+SSE2,AES+PCLMUL,AvxVnni VectorSize=256
// Job: ShortRun(IterationCount=5, LaunchCount=3, WarmupCount=3)

OverheadJitting  1: 1 op, 140800.00 ns, 140.8000 us/op
WorkloadJitting  1: 1 op, 293200.00 ns, 293.2000 us/op

OverheadJitting  2: 16 op, 229000.00 ns, 14.3125 us/op
WorkloadJitting  2: 16 op, 1981000.00 ns, 123.8125 us/op

WorkloadPilot    1: 16 op, 1643600.00 ns, 102.7250 us/op
WorkloadPilot    2: 32 op, 3245000.00 ns, 101.4063 us/op
WorkloadPilot    3: 64 op, 6244600.00 ns, 97.5719 us/op
WorkloadPilot    4: 128 op, 13265400.00 ns, 103.6359 us/op
WorkloadPilot    5: 256 op, 26045800.00 ns, 101.7414 us/op
WorkloadPilot    6: 512 op, 51101900.00 ns, 99.8084 us/op
WorkloadPilot    7: 1024 op, 42623300.00 ns, 41.6243 us/op
WorkloadPilot    8: 2048 op, 38184600.00 ns, 18.6448 us/op
WorkloadPilot    9: 4096 op, 74078300.00 ns, 18.0855 us/op
WorkloadPilot   10: 8192 op, 120655400.00 ns, 14.7284 us/op
WorkloadPilot   11: 16384 op, 241262400.00 ns, 14.7255 us/op
WorkloadPilot   12: 32768 op, 486914000.00 ns, 14.8594 us/op
WorkloadPilot   13: 65536 op, 962956000.00 ns, 14.6935 us/op

OverheadWarmup   1: 65536 op, 83500.00 ns, 1.2741 ns/op
OverheadWarmup   2: 65536 op, 81600.00 ns, 1.2451 ns/op
OverheadWarmup   3: 65536 op, 81400.00 ns, 1.2421 ns/op
OverheadWarmup   4: 65536 op, 82100.00 ns, 1.2527 ns/op
OverheadWarmup   5: 65536 op, 82900.00 ns, 1.2650 ns/op
OverheadWarmup   6: 65536 op, 81800.00 ns, 1.2482 ns/op
OverheadWarmup   7: 65536 op, 83100.00 ns, 1.2680 ns/op
OverheadWarmup   8: 65536 op, 82600.00 ns, 1.2604 ns/op

OverheadActual   1: 65536 op, 82100.00 ns, 1.2527 ns/op
OverheadActual   2: 65536 op, 82100.00 ns, 1.2527 ns/op
OverheadActual   3: 65536 op, 82800.00 ns, 1.2634 ns/op
OverheadActual   4: 65536 op, 81700.00 ns, 1.2466 ns/op
OverheadActual   5: 65536 op, 82500.00 ns, 1.2589 ns/op
OverheadActual   6: 65536 op, 81400.00 ns, 1.2421 ns/op
OverheadActual   7: 65536 op, 82400.00 ns, 1.2573 ns/op
OverheadActual   8: 65536 op, 96400.00 ns, 1.4709 ns/op
OverheadActual   9: 65536 op, 81400.00 ns, 1.2421 ns/op
OverheadActual  10: 65536 op, 81300.00 ns, 1.2405 ns/op
OverheadActual  11: 65536 op, 81300.00 ns, 1.2405 ns/op
OverheadActual  12: 65536 op, 81500.00 ns, 1.2436 ns/op
OverheadActual  13: 65536 op, 84900.00 ns, 1.2955 ns/op
OverheadActual  14: 65536 op, 82000.00 ns, 1.2512 ns/op
OverheadActual  15: 65536 op, 86700.00 ns, 1.3229 ns/op

WorkloadWarmup   1: 65536 op, 969069200.00 ns, 14.7868 us/op
WorkloadWarmup   2: 65536 op, 956606800.00 ns, 14.5967 us/op
WorkloadWarmup   3: 65536 op, 957524100.00 ns, 14.6107 us/op

// BeforeActualRun
WorkloadActual   1: 65536 op, 960632900.00 ns, 14.6581 us/op
WorkloadActual   2: 65536 op, 971243200.00 ns, 14.8200 us/op
WorkloadActual   3: 65536 op, 966447200.00 ns, 14.7468 us/op
WorkloadActual   4: 65536 op, 962522700.00 ns, 14.6869 us/op
WorkloadActual   5: 65536 op, 977766700.00 ns, 14.9195 us/op

// AfterActualRun
WorkloadResult   1: 65536 op, 960550800.00 ns, 14.6568 us/op
WorkloadResult   2: 65536 op, 971161100.00 ns, 14.8187 us/op
WorkloadResult   3: 65536 op, 966365100.00 ns, 14.7456 us/op
WorkloadResult   4: 65536 op, 962440600.00 ns, 14.6857 us/op
WorkloadResult   5: 65536 op, 977684600.00 ns, 14.9183 us/op
// GC:  403 40 0 6755975168 65536
// Threading:  0 0 65536

// AfterAll
// Benchmark Process 10196 has exited with code 0.

Mean = 14.794 μs, StdErr = 0.048 μs (0.32%), N = 15, StdDev = 0.186 μs
Min = 14.556 μs, Q1 = 14.638 μs, Median = 14.746 μs, Q3 = 14.938 μs, Max = 15.121 μs
IQR = 0.300 μs, LowerFence = 14.188 μs, UpperFence = 15.388 μs
ConfidenceInterval = [14.596 μs; 14.992 μs] (CI 99.9%), Margin = 0.198 μs (1.34% of Mean)
Skewness = 0.38, Kurtosis = 1.58, MValue = 2

// ** Remained 18 (75.0%) benchmark(s) to run. Estimated finish 2026-09-16 12:13 (0h 8m from now) **
Setup power plan (GUID: 8c5e7fda-e8bf-4a96-9a85-a6e23a8c635c FriendlyName: High performance)
// **************************
// Benchmark: TechniquePrecompiledBenchmarks.Utf8: ShortRun(IterationCount=5, LaunchCount=3, WarmupCount=3) [Workload=encoded-loop]
// *** Execute ***
// Launch: 1 / 3
// Execute: dotnet Heddle.Benchmarks.Dotnet-ShortRun-1.dll --anonymousPipes 9288 672 --benchmarkName "Heddle.Benchmarks.Dotnet.Bench.TechniquePrecompiledBenchmarks.Utf8(Workload: \"encoded-loop\")" --job ShortRun --benchmarkId 6 in E:\Work\Heddle\benchmarks\dotnet\bin\Release\net10.0\Heddle.Benchmarks.Dotnet-ShortRun-1\bin\Release\net10.0
// BeforeAnythingElse

// Benchmark Process Environment Information:
// BenchmarkDotNet v0.15.8
// Runtime=.NET 10.0.12 (10.0.12, 10.0.1226.42308), X64 RyuJIT x86-64-v4
// GC=Concurrent Workstation
// HardwareIntrinsics=AVX512 BITALG+VBMI2+VNNI+VPOPCNTDQ,AVX512 IFMA+VBMI,AVX512 F+BW+CD+DQ+VL,AVX2+BMI1+BMI2+F16C+FMA+LZCNT+MOVBE,AVX,SSE3+SSSE3+SSE4.1+SSE4.2+POPCNT,X86Base+SSE+SSE2,AES+PCLMUL,AvxVnni VectorSize=256
// Job: ShortRun(IterationCount=5, LaunchCount=3, WarmupCount=3)

OverheadJitting  1: 1 op, 135200.00 ns, 135.2000 us/op
WorkloadJitting  1: 1 op, 3282400.00 ns, 3.2824 ms/op

OverheadJitting  2: 16 op, 233600.00 ns, 14.6000 us/op
WorkloadJitting  2: 16 op, 51316700.00 ns, 3.2073 ms/op

WorkloadPilot    1: 16 op, 50042500.00 ns, 3.1277 ms/op
WorkloadPilot    2: 32 op, 95950100.00 ns, 2.9984 ms/op
WorkloadPilot    3: 64 op, 161190200.00 ns, 2.5186 ms/op
WorkloadPilot    4: 128 op, 95538800.00 ns, 746.3969 us/op
WorkloadPilot    5: 256 op, 183283500.00 ns, 715.9512 us/op
WorkloadPilot    6: 512 op, 366169900.00 ns, 715.1756 us/op
WorkloadPilot    7: 1024 op, 733524600.00 ns, 716.3326 us/op

OverheadWarmup   1: 1024 op, 3000.00 ns, 2.9297 ns/op
OverheadWarmup   2: 1024 op, 1400.00 ns, 1.3672 ns/op
OverheadWarmup   3: 1024 op, 1400.00 ns, 1.3672 ns/op
OverheadWarmup   4: 1024 op, 1400.00 ns, 1.3672 ns/op
OverheadWarmup   5: 1024 op, 1400.00 ns, 1.3672 ns/op
OverheadWarmup   6: 1024 op, 2700.00 ns, 2.6367 ns/op

OverheadActual   1: 1024 op, 1600.00 ns, 1.5625 ns/op
OverheadActual   2: 1024 op, 1600.00 ns, 1.5625 ns/op
OverheadActual   3: 1024 op, 1600.00 ns, 1.5625 ns/op
OverheadActual   4: 1024 op, 1400.00 ns, 1.3672 ns/op
OverheadActual   5: 1024 op, 1400.00 ns, 1.3672 ns/op
OverheadActual   6: 1024 op, 1300.00 ns, 1.2695 ns/op
OverheadActual   7: 1024 op, 1400.00 ns, 1.3672 ns/op
OverheadActual   8: 1024 op, 1600.00 ns, 1.5625 ns/op
OverheadActual   9: 1024 op, 1400.00 ns, 1.3672 ns/op
OverheadActual  10: 1024 op, 1600.00 ns, 1.5625 ns/op
OverheadActual  11: 1024 op, 1400.00 ns, 1.3672 ns/op
OverheadActual  12: 1024 op, 1400.00 ns, 1.3672 ns/op
OverheadActual  13: 1024 op, 2300.00 ns, 2.2461 ns/op
OverheadActual  14: 1024 op, 1300.00 ns, 1.2695 ns/op
OverheadActual  15: 1024 op, 1400.00 ns, 1.3672 ns/op
OverheadActual  16: 1024 op, 1600.00 ns, 1.5625 ns/op
OverheadActual  17: 1024 op, 1600.00 ns, 1.5625 ns/op
OverheadActual  18: 1024 op, 1700.00 ns, 1.6602 ns/op
OverheadActual  19: 1024 op, 1600.00 ns, 1.5625 ns/op
OverheadActual  20: 1024 op, 1500.00 ns, 1.4648 ns/op

WorkloadWarmup   1: 1024 op, 736693100.00 ns, 719.4269 us/op
WorkloadWarmup   2: 1024 op, 731389200.00 ns, 714.2473 us/op
WorkloadWarmup   3: 1024 op, 730855500.00 ns, 713.7261 us/op

// BeforeActualRun
WorkloadActual   1: 1024 op, 734533800.00 ns, 717.3182 us/op
WorkloadActual   2: 1024 op, 736841700.00 ns, 719.5720 us/op
WorkloadActual   3: 1024 op, 734564800.00 ns, 717.3484 us/op
WorkloadActual   4: 1024 op, 734605200.00 ns, 717.3879 us/op
WorkloadActual   5: 1024 op, 733242400.00 ns, 716.0570 us/op

// AfterActualRun
WorkloadResult   1: 1024 op, 734532250.00 ns, 717.3167 us/op
WorkloadResult   2: 1024 op, 734563250.00 ns, 717.3469 us/op
WorkloadResult   3: 1024 op, 734603650.00 ns, 717.3864 us/op
WorkloadResult   4: 1024 op, 733240850.00 ns, 716.0555 us/op
// GC:  170 0 0 2858926080 1024
// Threading:  0 0 1024

// AfterAll
// Benchmark Process 5080 has exited with code 0.
// Launch: 2 / 3
// Execute: dotnet Heddle.Benchmarks.Dotnet-ShortRun-1.dll --anonymousPipes 2512 5496 --benchmarkName "Heddle.Benchmarks.Dotnet.Bench.TechniquePrecompiledBenchmarks.Utf8(Workload: \"encoded-loop\")" --job ShortRun --benchmarkId 6 in E:\Work\Heddle\benchmarks\dotnet\bin\Release\net10.0\Heddle.Benchmarks.Dotnet-ShortRun-1\bin\Release\net10.0
// BeforeAnythingElse

// Benchmark Process Environment Information:
// BenchmarkDotNet v0.15.8
// Runtime=.NET 10.0.12 (10.0.12, 10.0.1226.42308), X64 RyuJIT x86-64-v4
// GC=Concurrent Workstation
// HardwareIntrinsics=AVX512 BITALG+VBMI2+VNNI+VPOPCNTDQ,AVX512 IFMA+VBMI,AVX512 F+BW+CD+DQ+VL,AVX2+BMI1+BMI2+F16C+FMA+LZCNT+MOVBE,AVX,SSE3+SSSE3+SSE4.1+SSE4.2+POPCNT,X86Base+SSE+SSE2,AES+PCLMUL,AvxVnni VectorSize=256
// Job: ShortRun(IterationCount=5, LaunchCount=3, WarmupCount=3)

OverheadJitting  1: 1 op, 130700.00 ns, 130.7000 us/op
WorkloadJitting  1: 1 op, 3290800.00 ns, 3.2908 ms/op

OverheadJitting  2: 16 op, 238900.00 ns, 14.9313 us/op
WorkloadJitting  2: 16 op, 50977600.00 ns, 3.1861 ms/op

WorkloadPilot    1: 16 op, 49564500.00 ns, 3.0978 ms/op
WorkloadPilot    2: 32 op, 94292800.00 ns, 2.9467 ms/op
WorkloadPilot    3: 64 op, 84951100.00 ns, 1.3274 ms/op
WorkloadPilot    4: 128 op, 91889000.00 ns, 717.8828 us/op
WorkloadPilot    5: 256 op, 184020400.00 ns, 718.8297 us/op
WorkloadPilot    6: 512 op, 369188000.00 ns, 721.0703 us/op
WorkloadPilot    7: 1024 op, 733211300.00 ns, 716.0267 us/op

OverheadWarmup   1: 1024 op, 2900.00 ns, 2.8320 ns/op
OverheadWarmup   2: 1024 op, 1500.00 ns, 1.4648 ns/op
OverheadWarmup   3: 1024 op, 1700.00 ns, 1.6602 ns/op
OverheadWarmup   4: 1024 op, 1400.00 ns, 1.3672 ns/op
OverheadWarmup   5: 1024 op, 1400.00 ns, 1.3672 ns/op
OverheadWarmup   6: 1024 op, 1600.00 ns, 1.5625 ns/op

OverheadActual   1: 1024 op, 1700.00 ns, 1.6602 ns/op
OverheadActual   2: 1024 op, 1600.00 ns, 1.5625 ns/op
OverheadActual   3: 1024 op, 1700.00 ns, 1.6602 ns/op
OverheadActual   4: 1024 op, 1600.00 ns, 1.5625 ns/op
OverheadActual   5: 1024 op, 1700.00 ns, 1.6602 ns/op
OverheadActual   6: 1024 op, 1400.00 ns, 1.3672 ns/op
OverheadActual   7: 1024 op, 1300.00 ns, 1.2695 ns/op
OverheadActual   8: 1024 op, 1400.00 ns, 1.3672 ns/op
OverheadActual   9: 1024 op, 1700.00 ns, 1.6602 ns/op
OverheadActual  10: 1024 op, 1400.00 ns, 1.3672 ns/op
OverheadActual  11: 1024 op, 1300.00 ns, 1.2695 ns/op
OverheadActual  12: 1024 op, 1300.00 ns, 1.2695 ns/op
OverheadActual  13: 1024 op, 3300.00 ns, 3.2227 ns/op
OverheadActual  14: 1024 op, 1400.00 ns, 1.3672 ns/op
OverheadActual  15: 1024 op, 1600.00 ns, 1.5625 ns/op
OverheadActual  16: 1024 op, 1400.00 ns, 1.3672 ns/op
OverheadActual  17: 1024 op, 1600.00 ns, 1.5625 ns/op
OverheadActual  18: 1024 op, 1800.00 ns, 1.7578 ns/op
OverheadActual  19: 1024 op, 1300.00 ns, 1.2695 ns/op
OverheadActual  20: 1024 op, 1600.00 ns, 1.5625 ns/op

WorkloadWarmup   1: 1024 op, 737870100.00 ns, 720.5763 us/op
WorkloadWarmup   2: 1024 op, 742380600.00 ns, 724.9811 us/op
WorkloadWarmup   3: 1024 op, 735659000.00 ns, 718.4170 us/op

// BeforeActualRun
WorkloadActual   1: 1024 op, 735524700.00 ns, 718.2858 us/op
WorkloadActual   2: 1024 op, 743724000.00 ns, 726.2930 us/op
WorkloadActual   3: 1024 op, 742852800.00 ns, 725.4422 us/op
WorkloadActual   4: 1024 op, 734728500.00 ns, 717.5083 us/op
WorkloadActual   5: 1024 op, 744377900.00 ns, 726.9315 us/op

// AfterActualRun
WorkloadResult   1: 1024 op, 735523100.00 ns, 718.2843 us/op
WorkloadResult   2: 1024 op, 743722400.00 ns, 726.2914 us/op
WorkloadResult   3: 1024 op, 742851200.00 ns, 725.4406 us/op
WorkloadResult   4: 1024 op, 734726900.00 ns, 717.5067 us/op
WorkloadResult   5: 1024 op, 744376300.00 ns, 726.9300 us/op
// GC:  170 0 0 2858926080 1024
// Threading:  0 0 1024

// AfterAll
// Benchmark Process 7328 has exited with code 0.
// Launch: 3 / 3
// Execute: dotnet Heddle.Benchmarks.Dotnet-ShortRun-1.dll --anonymousPipes 3648 5368 --benchmarkName "Heddle.Benchmarks.Dotnet.Bench.TechniquePrecompiledBenchmarks.Utf8(Workload: \"encoded-loop\")" --job ShortRun --benchmarkId 6 in E:\Work\Heddle\benchmarks\dotnet\bin\Release\net10.0\Heddle.Benchmarks.Dotnet-ShortRun-1\bin\Release\net10.0
// BeforeAnythingElse

// Benchmark Process Environment Information:
// BenchmarkDotNet v0.15.8
// Runtime=.NET 10.0.12 (10.0.12, 10.0.1226.42308), X64 RyuJIT x86-64-v4
// GC=Concurrent Workstation
// HardwareIntrinsics=AVX512 BITALG+VBMI2+VNNI+VPOPCNTDQ,AVX512 IFMA+VBMI,AVX512 F+BW+CD+DQ+VL,AVX2+BMI1+BMI2+F16C+FMA+LZCNT+MOVBE,AVX,SSE3+SSSE3+SSE4.1+SSE4.2+POPCNT,X86Base+SSE+SSE2,AES+PCLMUL,AvxVnni VectorSize=256
// Job: ShortRun(IterationCount=5, LaunchCount=3, WarmupCount=3)

OverheadJitting  1: 1 op, 134000.00 ns, 134.0000 us/op
WorkloadJitting  1: 1 op, 3273600.00 ns, 3.2736 ms/op

OverheadJitting  2: 16 op, 233700.00 ns, 14.6063 us/op
WorkloadJitting  2: 16 op, 50776900.00 ns, 3.1736 ms/op

WorkloadPilot    1: 16 op, 49560000.00 ns, 3.0975 ms/op
WorkloadPilot    2: 32 op, 94152300.00 ns, 2.9423 ms/op
WorkloadPilot    3: 64 op, 85387100.00 ns, 1.3342 ms/op
WorkloadPilot    4: 128 op, 91417700.00 ns, 714.2008 us/op
WorkloadPilot    5: 256 op, 182348000.00 ns, 712.2969 us/op
WorkloadPilot    6: 512 op, 372507500.00 ns, 727.5537 us/op
WorkloadPilot    7: 1024 op, 725605700.00 ns, 708.5993 us/op

OverheadWarmup   1: 1024 op, 3500.00 ns, 3.4180 ns/op
OverheadWarmup   2: 1024 op, 1400.00 ns, 1.3672 ns/op
OverheadWarmup   3: 1024 op, 1400.00 ns, 1.3672 ns/op
OverheadWarmup   4: 1024 op, 1400.00 ns, 1.3672 ns/op
OverheadWarmup   5: 1024 op, 3200.00 ns, 3.1250 ns/op
OverheadWarmup   6: 1024 op, 1300.00 ns, 1.2695 ns/op

OverheadActual   1: 1024 op, 1600.00 ns, 1.5625 ns/op
OverheadActual   2: 1024 op, 1700.00 ns, 1.6602 ns/op
OverheadActual   3: 1024 op, 1400.00 ns, 1.3672 ns/op
OverheadActual   4: 1024 op, 1400.00 ns, 1.3672 ns/op
OverheadActual   5: 1024 op, 1600.00 ns, 1.5625 ns/op
OverheadActual   6: 1024 op, 1500.00 ns, 1.4648 ns/op
OverheadActual   7: 1024 op, 1400.00 ns, 1.3672 ns/op
OverheadActual   8: 1024 op, 1300.00 ns, 1.2695 ns/op
OverheadActual   9: 1024 op, 1600.00 ns, 1.5625 ns/op
OverheadActual  10: 1024 op, 1500.00 ns, 1.4648 ns/op
OverheadActual  11: 1024 op, 1700.00 ns, 1.6602 ns/op
OverheadActual  12: 1024 op, 1400.00 ns, 1.3672 ns/op
OverheadActual  13: 1024 op, 1400.00 ns, 1.3672 ns/op
OverheadActual  14: 1024 op, 1400.00 ns, 1.3672 ns/op
OverheadActual  15: 1024 op, 1300.00 ns, 1.2695 ns/op
OverheadActual  16: 1024 op, 1700.00 ns, 1.6602 ns/op
OverheadActual  17: 1024 op, 1400.00 ns, 1.3672 ns/op
OverheadActual  18: 1024 op, 1600.00 ns, 1.5625 ns/op
OverheadActual  19: 1024 op, 1300.00 ns, 1.2695 ns/op
OverheadActual  20: 1024 op, 1600.00 ns, 1.5625 ns/op

WorkloadWarmup   1: 1024 op, 732083100.00 ns, 714.9249 us/op
WorkloadWarmup   2: 1024 op, 727896400.00 ns, 710.8363 us/op
WorkloadWarmup   3: 1024 op, 728488700.00 ns, 711.4147 us/op

// BeforeActualRun
WorkloadActual   1: 1024 op, 728717000.00 ns, 711.6377 us/op
WorkloadActual   2: 1024 op, 730974900.00 ns, 713.8427 us/op
WorkloadActual   3: 1024 op, 732226600.00 ns, 715.0650 us/op
WorkloadActual   4: 1024 op, 732320600.00 ns, 715.1568 us/op
WorkloadActual   5: 1024 op, 731131300.00 ns, 713.9954 us/op

// AfterActualRun
WorkloadResult   1: 1024 op, 728715550.00 ns, 711.6363 us/op
WorkloadResult   2: 1024 op, 730973450.00 ns, 713.8413 us/op
WorkloadResult   3: 1024 op, 732225150.00 ns, 715.0636 us/op
WorkloadResult   4: 1024 op, 732319150.00 ns, 715.1554 us/op
WorkloadResult   5: 1024 op, 731129850.00 ns, 713.9940 us/op
// GC:  170 0 0 2858926080 1024
// Threading:  0 0 1024

// AfterAll
// Benchmark Process 9304 has exited with code 0.

Mean = 718.018 μs, StdErr = 1.283 μs (0.18%), N = 14, StdDev = 4.802 μs
Min = 711.636 μs, Q1 = 715.087 μs, Median = 717.332 μs, Q3 = 718.090 μs, Max = 726.930 μs
IQR = 3.003 μs, LowerFence = 710.582 μs, UpperFence = 722.595 μs
ConfidenceInterval = [712.601 μs; 723.435 μs] (CI 99.9%), Margin = 5.417 μs (0.75% of Mean)
Skewness = 0.79, Kurtosis = 2.2, MValue = 2

// ** Remained 17 (70.8%) benchmark(s) to run. Estimated finish 2026-09-16 12:13 (0h 8m from now) **
Setup power plan (GUID: 8c5e7fda-e8bf-4a96-9a85-a6e23a8c635c FriendlyName: High performance)
// **************************
// Benchmark: TechniquePrecompiledBenchmarks.TextWriter: ShortRun(IterationCount=5, LaunchCount=3, WarmupCount=3) [Workload=encoded-loop]
// *** Execute ***
// Launch: 1 / 3
// Execute: dotnet Heddle.Benchmarks.Dotnet-ShortRun-1.dll --anonymousPipes 3648 2420 --benchmarkName "Heddle.Benchmarks.Dotnet.Bench.TechniquePrecompiledBenchmarks.TextWriter(Workload: \"encoded-loop\")" --job ShortRun --benchmarkId 7 in E:\Work\Heddle\benchmarks\dotnet\bin\Release\net10.0\Heddle.Benchmarks.Dotnet-ShortRun-1\bin\Release\net10.0
// BeforeAnythingElse

// Benchmark Process Environment Information:
// BenchmarkDotNet v0.15.8
// Runtime=.NET 10.0.12 (10.0.12, 10.0.1226.42308), X64 RyuJIT x86-64-v4
// GC=Concurrent Workstation
// HardwareIntrinsics=AVX512 BITALG+VBMI2+VNNI+VPOPCNTDQ,AVX512 IFMA+VBMI,AVX512 F+BW+CD+DQ+VL,AVX2+BMI1+BMI2+F16C+FMA+LZCNT+MOVBE,AVX,SSE3+SSSE3+SSE4.1+SSE4.2+POPCNT,X86Base+SSE+SSE2,AES+PCLMUL,AvxVnni VectorSize=256
// Job: ShortRun(IterationCount=5, LaunchCount=3, WarmupCount=3)

OverheadJitting  1: 1 op, 132200.00 ns, 132.2000 us/op
WorkloadJitting  1: 1 op, 2949100.00 ns, 2.9491 ms/op

OverheadJitting  2: 16 op, 237600.00 ns, 14.8500 us/op
WorkloadJitting  2: 16 op, 45303200.00 ns, 2.8315 ms/op

WorkloadPilot    1: 16 op, 44147800.00 ns, 2.7592 ms/op
WorkloadPilot    2: 32 op, 83241500.00 ns, 2.6013 ms/op
WorkloadPilot    3: 64 op, 82000300.00 ns, 1.2813 ms/op
WorkloadPilot    4: 128 op, 76918100.00 ns, 600.9227 us/op
WorkloadPilot    5: 256 op, 151791600.00 ns, 592.9359 us/op
WorkloadPilot    6: 512 op, 305538800.00 ns, 596.7555 us/op
WorkloadPilot    7: 1024 op, 613409700.00 ns, 599.0329 us/op

OverheadWarmup   1: 1024 op, 3400.00 ns, 3.3203 ns/op
OverheadWarmup   2: 1024 op, 1700.00 ns, 1.6602 ns/op
OverheadWarmup   3: 1024 op, 1400.00 ns, 1.3672 ns/op
OverheadWarmup   4: 1024 op, 1400.00 ns, 1.3672 ns/op
OverheadWarmup   5: 1024 op, 1400.00 ns, 1.3672 ns/op
OverheadWarmup   6: 1024 op, 1500.00 ns, 1.4648 ns/op
OverheadWarmup   7: 1024 op, 1400.00 ns, 1.3672 ns/op

OverheadActual   1: 1024 op, 1600.00 ns, 1.5625 ns/op
OverheadActual   2: 1024 op, 1300.00 ns, 1.2695 ns/op
OverheadActual   3: 1024 op, 1300.00 ns, 1.2695 ns/op
OverheadActual   4: 1024 op, 1500.00 ns, 1.4648 ns/op
OverheadActual   5: 1024 op, 1600.00 ns, 1.5625 ns/op
OverheadActual   6: 1024 op, 1300.00 ns, 1.2695 ns/op
OverheadActual   7: 1024 op, 1600.00 ns, 1.5625 ns/op
OverheadActual   8: 1024 op, 1400.00 ns, 1.3672 ns/op
OverheadActual   9: 1024 op, 1300.00 ns, 1.2695 ns/op
OverheadActual  10: 1024 op, 1300.00 ns, 1.2695 ns/op
OverheadActual  11: 1024 op, 1300.00 ns, 1.2695 ns/op
OverheadActual  12: 1024 op, 1600.00 ns, 1.5625 ns/op
OverheadActual  13: 1024 op, 1500.00 ns, 1.4648 ns/op
OverheadActual  14: 1024 op, 1400.00 ns, 1.3672 ns/op
OverheadActual  15: 1024 op, 1300.00 ns, 1.2695 ns/op
OverheadActual  16: 1024 op, 1400.00 ns, 1.3672 ns/op
OverheadActual  17: 1024 op, 1300.00 ns, 1.2695 ns/op
OverheadActual  18: 1024 op, 1600.00 ns, 1.5625 ns/op
OverheadActual  19: 1024 op, 1300.00 ns, 1.2695 ns/op
OverheadActual  20: 1024 op, 1400.00 ns, 1.3672 ns/op

WorkloadWarmup   1: 1024 op, 609513700.00 ns, 595.2282 us/op
WorkloadWarmup   2: 1024 op, 606437400.00 ns, 592.2240 us/op
WorkloadWarmup   3: 1024 op, 607187100.00 ns, 592.9562 us/op

// BeforeActualRun
WorkloadActual   1: 1024 op, 607507800.00 ns, 593.2693 us/op
WorkloadActual   2: 1024 op, 608874800.00 ns, 594.6043 us/op
WorkloadActual   3: 1024 op, 610228700.00 ns, 595.9265 us/op
WorkloadActual   4: 1024 op, 607087900.00 ns, 592.8593 us/op
WorkloadActual   5: 1024 op, 611094700.00 ns, 596.7722 us/op

// AfterActualRun
WorkloadResult   1: 1024 op, 607506400.00 ns, 593.2680 us/op
WorkloadResult   2: 1024 op, 608873400.00 ns, 594.6029 us/op
WorkloadResult   3: 1024 op, 610227300.00 ns, 595.9251 us/op
WorkloadResult   4: 1024 op, 607086500.00 ns, 592.8579 us/op
WorkloadResult   5: 1024 op, 611093300.00 ns, 596.7708 us/op
// GC:  170 0 0 2858917888 1024
// Threading:  0 0 1024

// AfterAll
// Benchmark Process 13820 has exited with code 0.
// Launch: 2 / 3
// Execute: dotnet Heddle.Benchmarks.Dotnet-ShortRun-1.dll --anonymousPipes 5496 9272 --benchmarkName "Heddle.Benchmarks.Dotnet.Bench.TechniquePrecompiledBenchmarks.TextWriter(Workload: \"encoded-loop\")" --job ShortRun --benchmarkId 7 in E:\Work\Heddle\benchmarks\dotnet\bin\Release\net10.0\Heddle.Benchmarks.Dotnet-ShortRun-1\bin\Release\net10.0
// BeforeAnythingElse

// Benchmark Process Environment Information:
// BenchmarkDotNet v0.15.8
// Runtime=.NET 10.0.12 (10.0.12, 10.0.1226.42308), X64 RyuJIT x86-64-v4
// GC=Concurrent Workstation
// HardwareIntrinsics=AVX512 BITALG+VBMI2+VNNI+VPOPCNTDQ,AVX512 IFMA+VBMI,AVX512 F+BW+CD+DQ+VL,AVX2+BMI1+BMI2+F16C+FMA+LZCNT+MOVBE,AVX,SSE3+SSSE3+SSE4.1+SSE4.2+POPCNT,X86Base+SSE+SSE2,AES+PCLMUL,AvxVnni VectorSize=256
// Job: ShortRun(IterationCount=5, LaunchCount=3, WarmupCount=3)

OverheadJitting  1: 1 op, 131900.00 ns, 131.9000 us/op
WorkloadJitting  1: 1 op, 3025200.00 ns, 3.0252 ms/op

OverheadJitting  2: 16 op, 245900.00 ns, 15.3688 us/op
WorkloadJitting  2: 16 op, 45806400.00 ns, 2.8629 ms/op

WorkloadPilot    1: 16 op, 43948800.00 ns, 2.7468 ms/op
WorkloadPilot    2: 32 op, 82382200.00 ns, 2.5744 ms/op
WorkloadPilot    3: 64 op, 86038100.00 ns, 1.3443 ms/op
WorkloadPilot    4: 128 op, 75352600.00 ns, 588.6922 us/op
WorkloadPilot    5: 256 op, 149155800.00 ns, 582.6398 us/op
WorkloadPilot    6: 512 op, 299615900.00 ns, 585.1873 us/op
WorkloadPilot    7: 1024 op, 601134700.00 ns, 587.0456 us/op

OverheadWarmup   1: 1024 op, 3100.00 ns, 3.0273 ns/op
OverheadWarmup   2: 1024 op, 1400.00 ns, 1.3672 ns/op
OverheadWarmup   3: 1024 op, 1400.00 ns, 1.3672 ns/op
OverheadWarmup   4: 1024 op, 1700.00 ns, 1.6602 ns/op
OverheadWarmup   5: 1024 op, 1500.00 ns, 1.4648 ns/op
OverheadWarmup   6: 1024 op, 1400.00 ns, 1.3672 ns/op
OverheadWarmup   7: 1024 op, 1300.00 ns, 1.2695 ns/op
OverheadWarmup   8: 1024 op, 1500.00 ns, 1.4648 ns/op

OverheadActual   1: 1024 op, 1300.00 ns, 1.2695 ns/op
OverheadActual   2: 1024 op, 1400.00 ns, 1.3672 ns/op
OverheadActual   3: 1024 op, 1400.00 ns, 1.3672 ns/op
OverheadActual   4: 1024 op, 1600.00 ns, 1.5625 ns/op
OverheadActual   5: 1024 op, 1600.00 ns, 1.5625 ns/op
OverheadActual   6: 1024 op, 1600.00 ns, 1.5625 ns/op
OverheadActual   7: 1024 op, 1400.00 ns, 1.3672 ns/op
OverheadActual   8: 1024 op, 1400.00 ns, 1.3672 ns/op
OverheadActual   9: 1024 op, 1700.00 ns, 1.6602 ns/op
OverheadActual  10: 1024 op, 1300.00 ns, 1.2695 ns/op
OverheadActual  11: 1024 op, 1600.00 ns, 1.5625 ns/op
OverheadActual  12: 1024 op, 1300.00 ns, 1.2695 ns/op
OverheadActual  13: 1024 op, 1900.00 ns, 1.8555 ns/op
OverheadActual  14: 1024 op, 1700.00 ns, 1.6602 ns/op
OverheadActual  15: 1024 op, 1300.00 ns, 1.2695 ns/op
OverheadActual  16: 1024 op, 1300.00 ns, 1.2695 ns/op
OverheadActual  17: 1024 op, 1400.00 ns, 1.3672 ns/op
OverheadActual  18: 1024 op, 1700.00 ns, 1.6602 ns/op
OverheadActual  19: 1024 op, 1300.00 ns, 1.2695 ns/op
OverheadActual  20: 1024 op, 1400.00 ns, 1.3672 ns/op

WorkloadWarmup   1: 1024 op, 598293200.00 ns, 584.2707 us/op
WorkloadWarmup   2: 1024 op, 594488600.00 ns, 580.5553 us/op
WorkloadWarmup   3: 1024 op, 595241500.00 ns, 581.2905 us/op

// BeforeActualRun
WorkloadActual   1: 1024 op, 600696300.00 ns, 586.6175 us/op
WorkloadActual   2: 1024 op, 599762000.00 ns, 585.7051 us/op
WorkloadActual   3: 1024 op, 598401400.00 ns, 584.3764 us/op
WorkloadActual   4: 1024 op, 598132700.00 ns, 584.1140 us/op
WorkloadActual   5: 1024 op, 600158200.00 ns, 586.0920 us/op

// AfterActualRun
WorkloadResult   1: 1024 op, 600694900.00 ns, 586.6161 us/op
WorkloadResult   2: 1024 op, 599760600.00 ns, 585.7037 us/op
WorkloadResult   3: 1024 op, 598400000.00 ns, 584.3750 us/op
WorkloadResult   4: 1024 op, 598131300.00 ns, 584.1126 us/op
WorkloadResult   5: 1024 op, 600156800.00 ns, 586.0906 us/op
// GC:  170 0 0 2858917888 1024
// Threading:  0 0 1024

// AfterAll
// Benchmark Process 29172 has exited with code 0.
// Launch: 3 / 3
// Execute: dotnet Heddle.Benchmarks.Dotnet-ShortRun-1.dll --anonymousPipes 9280 3140 --benchmarkName "Heddle.Benchmarks.Dotnet.Bench.TechniquePrecompiledBenchmarks.TextWriter(Workload: \"encoded-loop\")" --job ShortRun --benchmarkId 7 in E:\Work\Heddle\benchmarks\dotnet\bin\Release\net10.0\Heddle.Benchmarks.Dotnet-ShortRun-1\bin\Release\net10.0
// BeforeAnythingElse

// Benchmark Process Environment Information:
// BenchmarkDotNet v0.15.8
// Runtime=.NET 10.0.12 (10.0.12, 10.0.1226.42308), X64 RyuJIT x86-64-v4
// GC=Concurrent Workstation
// HardwareIntrinsics=AVX512 BITALG+VBMI2+VNNI+VPOPCNTDQ,AVX512 IFMA+VBMI,AVX512 F+BW+CD+DQ+VL,AVX2+BMI1+BMI2+F16C+FMA+LZCNT+MOVBE,AVX,SSE3+SSSE3+SSE4.1+SSE4.2+POPCNT,X86Base+SSE+SSE2,AES+PCLMUL,AvxVnni VectorSize=256
// Job: ShortRun(IterationCount=5, LaunchCount=3, WarmupCount=3)

OverheadJitting  1: 1 op, 128300.00 ns, 128.3000 us/op
WorkloadJitting  1: 1 op, 3054600.00 ns, 3.0546 ms/op

OverheadJitting  2: 16 op, 235100.00 ns, 14.6938 us/op
WorkloadJitting  2: 16 op, 46209700.00 ns, 2.8881 ms/op

WorkloadPilot    1: 16 op, 44870800.00 ns, 2.8044 ms/op
WorkloadPilot    2: 32 op, 85285800.00 ns, 2.6652 ms/op
WorkloadPilot    3: 64 op, 82050500.00 ns, 1.2820 ms/op
WorkloadPilot    4: 128 op, 76836800.00 ns, 600.2875 us/op
WorkloadPilot    5: 256 op, 151060600.00 ns, 590.0805 us/op
WorkloadPilot    6: 512 op, 304819100.00 ns, 595.3498 us/op
WorkloadPilot    7: 1024 op, 604528900.00 ns, 590.3603 us/op

OverheadWarmup   1: 1024 op, 3000.00 ns, 2.9297 ns/op
OverheadWarmup   2: 1024 op, 1400.00 ns, 1.3672 ns/op
OverheadWarmup   3: 1024 op, 1300.00 ns, 1.2695 ns/op
OverheadWarmup   4: 1024 op, 1400.00 ns, 1.3672 ns/op
OverheadWarmup   5: 1024 op, 1300.00 ns, 1.2695 ns/op
OverheadWarmup   6: 1024 op, 1400.00 ns, 1.3672 ns/op
OverheadWarmup   7: 1024 op, 1700.00 ns, 1.6602 ns/op
OverheadWarmup   8: 1024 op, 1300.00 ns, 1.2695 ns/op

OverheadActual   1: 1024 op, 1600.00 ns, 1.5625 ns/op
OverheadActual   2: 1024 op, 1700.00 ns, 1.6602 ns/op
OverheadActual   3: 1024 op, 1600.00 ns, 1.5625 ns/op
OverheadActual   4: 1024 op, 1600.00 ns, 1.5625 ns/op
OverheadActual   5: 1024 op, 1400.00 ns, 1.3672 ns/op
OverheadActual   6: 1024 op, 2800.00 ns, 2.7344 ns/op
OverheadActual   7: 1024 op, 1700.00 ns, 1.6602 ns/op
OverheadActual   8: 1024 op, 1600.00 ns, 1.5625 ns/op
OverheadActual   9: 1024 op, 1300.00 ns, 1.2695 ns/op
OverheadActual  10: 1024 op, 1400.00 ns, 1.3672 ns/op
OverheadActual  11: 1024 op, 1700.00 ns, 1.6602 ns/op
OverheadActual  12: 1024 op, 1400.00 ns, 1.3672 ns/op
OverheadActual  13: 1024 op, 1500.00 ns, 1.4648 ns/op
OverheadActual  14: 1024 op, 1500.00 ns, 1.4648 ns/op
OverheadActual  15: 1024 op, 1400.00 ns, 1.3672 ns/op
OverheadActual  16: 1024 op, 1400.00 ns, 1.3672 ns/op
OverheadActual  17: 1024 op, 1400.00 ns, 1.3672 ns/op
OverheadActual  18: 1024 op, 1600.00 ns, 1.5625 ns/op
OverheadActual  19: 1024 op, 1400.00 ns, 1.3672 ns/op
OverheadActual  20: 1024 op, 1400.00 ns, 1.3672 ns/op

WorkloadWarmup   1: 1024 op, 605573200.00 ns, 591.3801 us/op
WorkloadWarmup   2: 1024 op, 603812800.00 ns, 589.6609 us/op
WorkloadWarmup   3: 1024 op, 602677800.00 ns, 588.5525 us/op

// BeforeActualRun
WorkloadActual   1: 1024 op, 603966100.00 ns, 589.8106 us/op
WorkloadActual   2: 1024 op, 603266600.00 ns, 589.1275 us/op
WorkloadActual   3: 1024 op, 603631700.00 ns, 589.4841 us/op
WorkloadActual   4: 1024 op, 605264600.00 ns, 591.0787 us/op
WorkloadActual   5: 1024 op, 602825600.00 ns, 588.6969 us/op

// AfterActualRun
WorkloadResult   1: 1024 op, 603964600.00 ns, 589.8092 us/op
WorkloadResult   2: 1024 op, 603265100.00 ns, 589.1261 us/op
WorkloadResult   3: 1024 op, 603630200.00 ns, 589.4826 us/op
WorkloadResult   4: 1024 op, 602824100.00 ns, 588.6954 us/op
// GC:  170 0 0 2858917888 1024
// Threading:  0 0 1024

// AfterAll
// Benchmark Process 29808 has exited with code 0.

Mean = 589.817 μs, StdErr = 1.136 μs (0.19%), N = 14, StdDev = 4.250 μs
Min = 584.113 μs, Q1 = 586.222 μs, Median = 589.304 μs, Q3 = 593.165 μs, Max = 596.771 μs
IQR = 6.943 μs, LowerFence = 575.807 μs, UpperFence = 603.581 μs
ConfidenceInterval = [585.023 μs; 594.611 μs] (CI 99.9%), Margin = 4.794 μs (0.81% of Mean)
Skewness = 0.22, Kurtosis = 1.53, MValue = 2

// ** Remained 16 (66.7%) benchmark(s) to run. Estimated finish 2026-09-16 12:13 (0h 7m from now) **
Setup power plan (GUID: 8c5e7fda-e8bf-4a96-9a85-a6e23a8c635c FriendlyName: High performance)
// **************************
// Benchmark: TechniquePrecompiledBenchmarks.String: ShortRun(IterationCount=5, LaunchCount=3, WarmupCount=3) [Workload=encoded-loop]
// *** Execute ***
// Launch: 1 / 3
// Execute: dotnet Heddle.Benchmarks.Dotnet-ShortRun-1.dll --anonymousPipes 2992 3232 --benchmarkName "Heddle.Benchmarks.Dotnet.Bench.TechniquePrecompiledBenchmarks.String(Workload: \"encoded-loop\")" --job ShortRun --benchmarkId 8 in E:\Work\Heddle\benchmarks\dotnet\bin\Release\net10.0\Heddle.Benchmarks.Dotnet-ShortRun-1\bin\Release\net10.0
// BeforeAnythingElse

// Benchmark Process Environment Information:
// BenchmarkDotNet v0.15.8
// Runtime=.NET 10.0.12 (10.0.12, 10.0.1226.42308), X64 RyuJIT x86-64-v4
// GC=Concurrent Workstation
// HardwareIntrinsics=AVX512 BITALG+VBMI2+VNNI+VPOPCNTDQ,AVX512 IFMA+VBMI,AVX512 F+BW+CD+DQ+VL,AVX2+BMI1+BMI2+F16C+FMA+LZCNT+MOVBE,AVX,SSE3+SSSE3+SSE4.1+SSE4.2+POPCNT,X86Base+SSE+SSE2,AES+PCLMUL,AvxVnni VectorSize=256
// Job: ShortRun(IterationCount=5, LaunchCount=3, WarmupCount=3)

OverheadJitting  1: 1 op, 129200.00 ns, 129.2000 us/op
WorkloadJitting  1: 1 op, 2922000.00 ns, 2.9220 ms/op

OverheadJitting  2: 16 op, 237600.00 ns, 14.8500 us/op
WorkloadJitting  2: 16 op, 62673900.00 ns, 3.9171 ms/op

WorkloadPilot    1: 16 op, 60327800.00 ns, 3.7705 ms/op
WorkloadPilot    2: 32 op, 121247600.00 ns, 3.7890 ms/op
WorkloadPilot    3: 64 op, 258401600.00 ns, 4.0375 ms/op
WorkloadPilot    4: 128 op, 491132300.00 ns, 3.8370 ms/op
WorkloadPilot    5: 256 op, 1010241100.00 ns, 3.9463 ms/op

OverheadWarmup   1: 256 op, 3000.00 ns, 11.7188 ns/op
OverheadWarmup   2: 256 op, 500.00 ns, 1.9531 ns/op
OverheadWarmup   3: 256 op, 500.00 ns, 1.9531 ns/op
OverheadWarmup   4: 256 op, 700.00 ns, 2.7344 ns/op
OverheadWarmup   5: 256 op, 400.00 ns, 1.5625 ns/op
OverheadWarmup   6: 256 op, 600.00 ns, 2.3438 ns/op

OverheadActual   1: 256 op, 400.00 ns, 1.5625 ns/op
OverheadActual   2: 256 op, 400.00 ns, 1.5625 ns/op
OverheadActual   3: 256 op, 400.00 ns, 1.5625 ns/op
OverheadActual   4: 256 op, 400.00 ns, 1.5625 ns/op
OverheadActual   5: 256 op, 400.00 ns, 1.5625 ns/op
OverheadActual   6: 256 op, 700.00 ns, 2.7344 ns/op
OverheadActual   7: 256 op, 600.00 ns, 2.3438 ns/op
OverheadActual   8: 256 op, 700.00 ns, 2.7344 ns/op
OverheadActual   9: 256 op, 700.00 ns, 2.7344 ns/op
OverheadActual  10: 256 op, 400.00 ns, 1.5625 ns/op
OverheadActual  11: 256 op, 700.00 ns, 2.7344 ns/op
OverheadActual  12: 256 op, 400.00 ns, 1.5625 ns/op
OverheadActual  13: 256 op, 400.00 ns, 1.5625 ns/op
OverheadActual  14: 256 op, 500.00 ns, 1.9531 ns/op
OverheadActual  15: 256 op, 700.00 ns, 2.7344 ns/op
OverheadActual  16: 256 op, 400.00 ns, 1.5625 ns/op
OverheadActual  17: 256 op, 500.00 ns, 1.9531 ns/op
OverheadActual  18: 256 op, 500.00 ns, 1.9531 ns/op
OverheadActual  19: 256 op, 400.00 ns, 1.5625 ns/op
OverheadActual  20: 256 op, 400.00 ns, 1.5625 ns/op

WorkloadWarmup   1: 256 op, 1019375900.00 ns, 3.9819 ms/op
WorkloadWarmup   2: 256 op, 1010274800.00 ns, 3.9464 ms/op
WorkloadWarmup   3: 256 op, 1009210400.00 ns, 3.9422 ms/op

// BeforeActualRun
WorkloadActual   1: 256 op, 1008255300.00 ns, 3.9385 ms/op
WorkloadActual   2: 256 op, 1009426300.00 ns, 3.9431 ms/op
WorkloadActual   3: 256 op, 1011022700.00 ns, 3.9493 ms/op
WorkloadActual   4: 256 op, 1011554200.00 ns, 3.9514 ms/op
WorkloadActual   5: 256 op, 1010346300.00 ns, 3.9467 ms/op

// AfterActualRun
WorkloadResult   1: 256 op, 1008254900.00 ns, 3.9385 ms/op
WorkloadResult   2: 256 op, 1009425900.00 ns, 3.9431 ms/op
WorkloadResult   3: 256 op, 1011022300.00 ns, 3.9493 ms/op
WorkloadResult   4: 256 op, 1011553800.00 ns, 3.9514 ms/op
WorkloadResult   5: 256 op, 1010345900.00 ns, 3.9467 ms/op
// GC:  104 62 62 1555348408 256
// Threading:  0 0 256

// AfterAll
// Benchmark Process 19396 has exited with code 0.
// Launch: 2 / 3
// Execute: dotnet Heddle.Benchmarks.Dotnet-ShortRun-1.dll --anonymousPipes 9324 3608 --benchmarkName "Heddle.Benchmarks.Dotnet.Bench.TechniquePrecompiledBenchmarks.String(Workload: \"encoded-loop\")" --job ShortRun --benchmarkId 8 in E:\Work\Heddle\benchmarks\dotnet\bin\Release\net10.0\Heddle.Benchmarks.Dotnet-ShortRun-1\bin\Release\net10.0
// BeforeAnythingElse

// Benchmark Process Environment Information:
// BenchmarkDotNet v0.15.8
// Runtime=.NET 10.0.12 (10.0.12, 10.0.1226.42308), X64 RyuJIT x86-64-v4
// GC=Concurrent Workstation
// HardwareIntrinsics=AVX512 BITALG+VBMI2+VNNI+VPOPCNTDQ,AVX512 IFMA+VBMI,AVX512 F+BW+CD+DQ+VL,AVX2+BMI1+BMI2+F16C+FMA+LZCNT+MOVBE,AVX,SSE3+SSSE3+SSE4.1+SSE4.2+POPCNT,X86Base+SSE+SSE2,AES+PCLMUL,AvxVnni VectorSize=256
// Job: ShortRun(IterationCount=5, LaunchCount=3, WarmupCount=3)

OverheadJitting  1: 1 op, 129300.00 ns, 129.3000 us/op
WorkloadJitting  1: 1 op, 2944000.00 ns, 2.9440 ms/op

OverheadJitting  2: 16 op, 269700.00 ns, 16.8563 us/op
WorkloadJitting  2: 16 op, 62866500.00 ns, 3.9292 ms/op

WorkloadPilot    1: 16 op, 51916000.00 ns, 3.2448 ms/op
WorkloadPilot    2: 32 op, 119062700.00 ns, 3.7207 ms/op
WorkloadPilot    3: 64 op, 261546600.00 ns, 4.0867 ms/op
WorkloadPilot    4: 128 op, 493174800.00 ns, 3.8529 ms/op
WorkloadPilot    5: 256 op, 1014805200.00 ns, 3.9641 ms/op

OverheadWarmup   1: 256 op, 2600.00 ns, 10.1563 ns/op
OverheadWarmup   2: 256 op, 400.00 ns, 1.5625 ns/op
OverheadWarmup   3: 256 op, 400.00 ns, 1.5625 ns/op
OverheadWarmup   4: 256 op, 400.00 ns, 1.5625 ns/op
OverheadWarmup   5: 256 op, 400.00 ns, 1.5625 ns/op
OverheadWarmup   6: 256 op, 600.00 ns, 2.3438 ns/op

OverheadActual   1: 256 op, 400.00 ns, 1.5625 ns/op
OverheadActual   2: 256 op, 700.00 ns, 2.7344 ns/op
OverheadActual   3: 256 op, 400.00 ns, 1.5625 ns/op
OverheadActual   4: 256 op, 700.00 ns, 2.7344 ns/op
OverheadActual   5: 256 op, 400.00 ns, 1.5625 ns/op
OverheadActual   6: 256 op, 600.00 ns, 2.3438 ns/op
OverheadActual   7: 256 op, 400.00 ns, 1.5625 ns/op
OverheadActual   8: 256 op, 400.00 ns, 1.5625 ns/op
OverheadActual   9: 256 op, 400.00 ns, 1.5625 ns/op
OverheadActual  10: 256 op, 700.00 ns, 2.7344 ns/op
OverheadActual  11: 256 op, 400.00 ns, 1.5625 ns/op
OverheadActual  12: 256 op, 500.00 ns, 1.9531 ns/op
OverheadActual  13: 256 op, 400.00 ns, 1.5625 ns/op
OverheadActual  14: 256 op, 400.00 ns, 1.5625 ns/op
OverheadActual  15: 256 op, 400.00 ns, 1.5625 ns/op
OverheadActual  16: 256 op, 500.00 ns, 1.9531 ns/op
OverheadActual  17: 256 op, 400.00 ns, 1.5625 ns/op
OverheadActual  18: 256 op, 700.00 ns, 2.7344 ns/op
OverheadActual  19: 256 op, 400.00 ns, 1.5625 ns/op
OverheadActual  20: 256 op, 700.00 ns, 2.7344 ns/op

WorkloadWarmup   1: 256 op, 1007962600.00 ns, 3.9374 ms/op
WorkloadWarmup   2: 256 op, 1016540400.00 ns, 3.9709 ms/op
WorkloadWarmup   3: 256 op, 1013481600.00 ns, 3.9589 ms/op

// BeforeActualRun
WorkloadActual   1: 256 op, 1008173400.00 ns, 3.9382 ms/op
WorkloadActual   2: 256 op, 1011761700.00 ns, 3.9522 ms/op
WorkloadActual   3: 256 op, 1018881200.00 ns, 3.9800 ms/op
WorkloadActual   4: 256 op, 1010371300.00 ns, 3.9468 ms/op
WorkloadActual   5: 256 op, 1012975600.00 ns, 3.9569 ms/op

// AfterActualRun
WorkloadResult   1: 256 op, 1008173000.00 ns, 3.9382 ms/op
WorkloadResult   2: 256 op, 1011761300.00 ns, 3.9522 ms/op
WorkloadResult   3: 256 op, 1010370900.00 ns, 3.9468 ms/op
WorkloadResult   4: 256 op, 1012975200.00 ns, 3.9569 ms/op
// GC:  104 62 62 1555348408 256
// Threading:  0 0 256

// AfterAll
// Benchmark Process 21232 has exited with code 0.
// Launch: 3 / 3
// Execute: dotnet Heddle.Benchmarks.Dotnet-ShortRun-1.dll --anonymousPipes 10756 5416 --benchmarkName "Heddle.Benchmarks.Dotnet.Bench.TechniquePrecompiledBenchmarks.String(Workload: \"encoded-loop\")" --job ShortRun --benchmarkId 8 in E:\Work\Heddle\benchmarks\dotnet\bin\Release\net10.0\Heddle.Benchmarks.Dotnet-ShortRun-1\bin\Release\net10.0
// BeforeAnythingElse

// Benchmark Process Environment Information:
// BenchmarkDotNet v0.15.8
// Runtime=.NET 10.0.12 (10.0.12, 10.0.1226.42308), X64 RyuJIT x86-64-v4
// GC=Concurrent Workstation
// HardwareIntrinsics=AVX512 BITALG+VBMI2+VNNI+VPOPCNTDQ,AVX512 IFMA+VBMI,AVX512 F+BW+CD+DQ+VL,AVX2+BMI1+BMI2+F16C+FMA+LZCNT+MOVBE,AVX,SSE3+SSSE3+SSE4.1+SSE4.2+POPCNT,X86Base+SSE+SSE2,AES+PCLMUL,AvxVnni VectorSize=256
// Job: ShortRun(IterationCount=5, LaunchCount=3, WarmupCount=3)

OverheadJitting  1: 1 op, 132000.00 ns, 132.0000 us/op
WorkloadJitting  1: 1 op, 2954600.00 ns, 2.9546 ms/op

OverheadJitting  2: 16 op, 235000.00 ns, 14.6875 us/op
WorkloadJitting  2: 16 op, 64644600.00 ns, 4.0403 ms/op

WorkloadPilot    1: 16 op, 52129200.00 ns, 3.2581 ms/op
WorkloadPilot    2: 32 op, 118028800.00 ns, 3.6884 ms/op
WorkloadPilot    3: 64 op, 257715000.00 ns, 4.0268 ms/op
WorkloadPilot    4: 128 op, 493204700.00 ns, 3.8532 ms/op
WorkloadPilot    5: 256 op, 1013234700.00 ns, 3.9579 ms/op

OverheadWarmup   1: 256 op, 2200.00 ns, 8.5938 ns/op
OverheadWarmup   2: 256 op, 700.00 ns, 2.7344 ns/op
OverheadWarmup   3: 256 op, 500.00 ns, 1.9531 ns/op
OverheadWarmup   4: 256 op, 400.00 ns, 1.5625 ns/op
OverheadWarmup   5: 256 op, 400.00 ns, 1.5625 ns/op
OverheadWarmup   6: 256 op, 400.00 ns, 1.5625 ns/op
OverheadWarmup   7: 256 op, 600.00 ns, 2.3438 ns/op
OverheadWarmup   8: 256 op, 400.00 ns, 1.5625 ns/op

OverheadActual   1: 256 op, 500.00 ns, 1.9531 ns/op
OverheadActual   2: 256 op, 500.00 ns, 1.9531 ns/op
OverheadActual   3: 256 op, 400.00 ns, 1.5625 ns/op
OverheadActual   4: 256 op, 700.00 ns, 2.7344 ns/op
OverheadActual   5: 256 op, 600.00 ns, 2.3438 ns/op
OverheadActual   6: 256 op, 600.00 ns, 2.3438 ns/op
OverheadActual   7: 256 op, 700.00 ns, 2.7344 ns/op
OverheadActual   8: 256 op, 700.00 ns, 2.7344 ns/op
OverheadActual   9: 256 op, 700.00 ns, 2.7344 ns/op
OverheadActual  10: 256 op, 600.00 ns, 2.3438 ns/op
OverheadActual  11: 256 op, 400.00 ns, 1.5625 ns/op
OverheadActual  12: 256 op, 400.00 ns, 1.5625 ns/op
OverheadActual  13: 256 op, 700.00 ns, 2.7344 ns/op
OverheadActual  14: 256 op, 500.00 ns, 1.9531 ns/op
OverheadActual  15: 256 op, 500.00 ns, 1.9531 ns/op
OverheadActual  16: 256 op, 500.00 ns, 1.9531 ns/op
OverheadActual  17: 256 op, 400.00 ns, 1.5625 ns/op
OverheadActual  18: 256 op, 700.00 ns, 2.7344 ns/op
OverheadActual  19: 256 op, 600.00 ns, 2.3438 ns/op
OverheadActual  20: 256 op, 400.00 ns, 1.5625 ns/op

WorkloadWarmup   1: 256 op, 1013948800.00 ns, 3.9607 ms/op
WorkloadWarmup   2: 256 op, 1011476900.00 ns, 3.9511 ms/op
WorkloadWarmup   3: 256 op, 1009095300.00 ns, 3.9418 ms/op

// BeforeActualRun
WorkloadActual   1: 256 op, 1010211500.00 ns, 3.9461 ms/op
WorkloadActual   2: 256 op, 1012675700.00 ns, 3.9558 ms/op
WorkloadActual   3: 256 op, 1008926800.00 ns, 3.9411 ms/op
WorkloadActual   4: 256 op, 1010884600.00 ns, 3.9488 ms/op
WorkloadActual   5: 256 op, 1015135500.00 ns, 3.9654 ms/op

// AfterActualRun
WorkloadResult   1: 256 op, 1010210950.00 ns, 3.9461 ms/op
WorkloadResult   2: 256 op, 1012675150.00 ns, 3.9558 ms/op
WorkloadResult   3: 256 op, 1008926250.00 ns, 3.9411 ms/op
WorkloadResult   4: 256 op, 1010884050.00 ns, 3.9488 ms/op
WorkloadResult   5: 256 op, 1015134950.00 ns, 3.9654 ms/op
// GC:  104 62 62 1555348408 256
// Threading:  0 0 256

// AfterAll
// Benchmark Process 23388 has exited with code 0.

Mean = 3.949 ms, StdErr = 0.002 ms (0.05%), N = 14, StdDev = 0.008 ms
Min = 3.938 ms, Q1 = 3.944 ms, Median = 3.948 ms, Q3 = 3.952 ms, Max = 3.965 ms
IQR = 0.008 ms, LowerFence = 3.932 ms, UpperFence = 3.964 ms
ConfidenceInterval = [3.940 ms; 3.957 ms] (CI 99.9%), Margin = 0.008 ms (0.21% of Mean)
Skewness = 0.5, Kurtosis = 2.54, MValue = 2

// ** Remained 15 (62.5%) benchmark(s) to run. Estimated finish 2026-09-16 12:13 (0h 7m from now) **
Setup power plan (GUID: 8c5e7fda-e8bf-4a96-9a85-a6e23a8c635c FriendlyName: High performance)
// **************************
// Benchmark: TechniquePrecompiledBenchmarks.Utf8: ShortRun(IterationCount=5, LaunchCount=3, WarmupCount=3) [Workload=fortunes-encoded]
// *** Execute ***
// Launch: 1 / 3
// Execute: dotnet Heddle.Benchmarks.Dotnet-ShortRun-1.dll --anonymousPipes 2992 3232 --benchmarkName "Heddle.Benchmarks.Dotnet.Bench.TechniquePrecompiledBenchmarks.Utf8(Workload: \"fortunes-encoded\")" --job ShortRun --benchmarkId 9 in E:\Work\Heddle\benchmarks\dotnet\bin\Release\net10.0\Heddle.Benchmarks.Dotnet-ShortRun-1\bin\Release\net10.0
// BeforeAnythingElse

// Benchmark Process Environment Information:
// BenchmarkDotNet v0.15.8
// Runtime=.NET 10.0.12 (10.0.12, 10.0.1226.42308), X64 RyuJIT x86-64-v4
// GC=Concurrent Workstation
// HardwareIntrinsics=AVX512 BITALG+VBMI2+VNNI+VPOPCNTDQ,AVX512 IFMA+VBMI,AVX512 F+BW+CD+DQ+VL,AVX2+BMI1+BMI2+F16C+FMA+LZCNT+MOVBE,AVX,SSE3+SSSE3+SSE4.1+SSE4.2+POPCNT,X86Base+SSE+SSE2,AES+PCLMUL,AvxVnni VectorSize=256
// Job: ShortRun(IterationCount=5, LaunchCount=3, WarmupCount=3)

OverheadJitting  1: 1 op, 130200.00 ns, 130.2000 us/op
WorkloadJitting  1: 1 op, 193600.00 ns, 193.6000 us/op

OverheadJitting  2: 16 op, 225400.00 ns, 14.0875 us/op
WorkloadJitting  2: 16 op, 308500.00 ns, 19.2813 us/op

WorkloadPilot    1: 16 op, 85400.00 ns, 5.3375 us/op
WorkloadPilot    2: 32 op, 151000.00 ns, 4.7188 us/op
WorkloadPilot    3: 64 op, 300400.00 ns, 4.6938 us/op
WorkloadPilot    4: 128 op, 613800.00 ns, 4.7953 us/op
WorkloadPilot    5: 256 op, 1306400.00 ns, 5.1031 us/op
WorkloadPilot    6: 512 op, 2583500.00 ns, 5.0459 us/op
WorkloadPilot    7: 1024 op, 4843200.00 ns, 4.7297 us/op
WorkloadPilot    8: 2048 op, 9501800.00 ns, 4.6396 us/op
WorkloadPilot    9: 4096 op, 18264100.00 ns, 4.4590 us/op
WorkloadPilot   10: 8192 op, 38539200.00 ns, 4.7045 us/op
WorkloadPilot   11: 16384 op, 67037800.00 ns, 4.0917 us/op
WorkloadPilot   12: 32768 op, 27412500.00 ns, 836.5631 ns/op
WorkloadPilot   13: 65536 op, 45443200.00 ns, 693.4082 ns/op
WorkloadPilot   14: 131072 op, 90110300.00 ns, 687.4870 ns/op
WorkloadPilot   15: 262144 op, 181336100.00 ns, 691.7423 ns/op
WorkloadPilot   16: 524288 op, 361753200.00 ns, 689.9895 ns/op
WorkloadPilot   17: 1048576 op, 724660300.00 ns, 691.0899 ns/op

OverheadWarmup   1: 1048576 op, 1307500.00 ns, 1.2469 ns/op
OverheadWarmup   2: 1048576 op, 1308600.00 ns, 1.2480 ns/op
OverheadWarmup   3: 1048576 op, 1319500.00 ns, 1.2584 ns/op
OverheadWarmup   4: 1048576 op, 1315300.00 ns, 1.2544 ns/op
OverheadWarmup   5: 1048576 op, 1333900.00 ns, 1.2721 ns/op
OverheadWarmup   6: 1048576 op, 1308300.00 ns, 1.2477 ns/op

OverheadActual   1: 1048576 op, 1325300.00 ns, 1.2639 ns/op
OverheadActual   2: 1048576 op, 1320600.00 ns, 1.2594 ns/op
OverheadActual   3: 1048576 op, 1311500.00 ns, 1.2507 ns/op
OverheadActual   4: 1048576 op, 1315700.00 ns, 1.2547 ns/op
OverheadActual   5: 1048576 op, 1310700.00 ns, 1.2500 ns/op
OverheadActual   6: 1048576 op, 1322200.00 ns, 1.2609 ns/op
OverheadActual   7: 1048576 op, 1322900.00 ns, 1.2616 ns/op
OverheadActual   8: 1048576 op, 1313600.00 ns, 1.2527 ns/op
OverheadActual   9: 1048576 op, 1307600.00 ns, 1.2470 ns/op
OverheadActual  10: 1048576 op, 1299800.00 ns, 1.2396 ns/op
OverheadActual  11: 1048576 op, 1320700.00 ns, 1.2595 ns/op
OverheadActual  12: 1048576 op, 1310400.00 ns, 1.2497 ns/op
OverheadActual  13: 1048576 op, 1316000.00 ns, 1.2550 ns/op
OverheadActual  14: 1048576 op, 1326900.00 ns, 1.2654 ns/op
OverheadActual  15: 1048576 op, 1334700.00 ns, 1.2729 ns/op

WorkloadWarmup   1: 1048576 op, 729158800.00 ns, 695.3800 ns/op
WorkloadWarmup   2: 1048576 op, 721848100.00 ns, 688.4080 ns/op
WorkloadWarmup   3: 1048576 op, 721992300.00 ns, 688.5455 ns/op

// BeforeActualRun
WorkloadActual   1: 1048576 op, 726164200.00 ns, 692.5241 ns/op
WorkloadActual   2: 1048576 op, 726029400.00 ns, 692.3956 ns/op
WorkloadActual   3: 1048576 op, 720199200.00 ns, 686.8355 ns/op
WorkloadActual   4: 1048576 op, 724639300.00 ns, 691.0699 ns/op
WorkloadActual   5: 1048576 op, 724110700.00 ns, 690.5658 ns/op

// AfterActualRun
WorkloadResult   1: 1048576 op, 724848200.00 ns, 691.2691 ns/op
WorkloadResult   2: 1048576 op, 724713400.00 ns, 691.1406 ns/op
WorkloadResult   3: 1048576 op, 718883200.00 ns, 685.5804 ns/op
WorkloadResult   4: 1048576 op, 723323300.00 ns, 689.8149 ns/op
WorkloadResult   5: 1048576 op, 722794700.00 ns, 689.3107 ns/op
// GC:  137 0 0 2306867200 1048576
// Threading:  0 0 1048576

// AfterAll
// Benchmark Process 9652 has exited with code 0.
// Launch: 2 / 3
// Execute: dotnet Heddle.Benchmarks.Dotnet-ShortRun-1.dll --anonymousPipes 9316 3140 --benchmarkName "Heddle.Benchmarks.Dotnet.Bench.TechniquePrecompiledBenchmarks.Utf8(Workload: \"fortunes-encoded\")" --job ShortRun --benchmarkId 9 in E:\Work\Heddle\benchmarks\dotnet\bin\Release\net10.0\Heddle.Benchmarks.Dotnet-ShortRun-1\bin\Release\net10.0
// BeforeAnythingElse

// Benchmark Process Environment Information:
// BenchmarkDotNet v0.15.8
// Runtime=.NET 10.0.12 (10.0.12, 10.0.1226.42308), X64 RyuJIT x86-64-v4
// GC=Concurrent Workstation
// HardwareIntrinsics=AVX512 BITALG+VBMI2+VNNI+VPOPCNTDQ,AVX512 IFMA+VBMI,AVX512 F+BW+CD+DQ+VL,AVX2+BMI1+BMI2+F16C+FMA+LZCNT+MOVBE,AVX,SSE3+SSSE3+SSE4.1+SSE4.2+POPCNT,X86Base+SSE+SSE2,AES+PCLMUL,AvxVnni VectorSize=256
// Job: ShortRun(IterationCount=5, LaunchCount=3, WarmupCount=3)

OverheadJitting  1: 1 op, 132500.00 ns, 132.5000 us/op
WorkloadJitting  1: 1 op, 214800.00 ns, 214.8000 us/op

OverheadJitting  2: 16 op, 230400.00 ns, 14.4000 us/op
WorkloadJitting  2: 16 op, 315700.00 ns, 19.7313 us/op

WorkloadPilot    1: 16 op, 81000.00 ns, 5.0625 us/op
WorkloadPilot    2: 32 op, 146000.00 ns, 4.5625 us/op
WorkloadPilot    3: 64 op, 285100.00 ns, 4.4547 us/op
WorkloadPilot    4: 128 op, 588300.00 ns, 4.5961 us/op
WorkloadPilot    5: 256 op, 1271200.00 ns, 4.9656 us/op
WorkloadPilot    6: 512 op, 2561500.00 ns, 5.0029 us/op
WorkloadPilot    7: 1024 op, 4876200.00 ns, 4.7619 us/op
WorkloadPilot    8: 2048 op, 9633700.00 ns, 4.7040 us/op
WorkloadPilot    9: 4096 op, 18799100.00 ns, 4.5896 us/op
WorkloadPilot   10: 8192 op, 38572500.00 ns, 4.7086 us/op
WorkloadPilot   11: 16384 op, 65965400.00 ns, 4.0262 us/op
WorkloadPilot   12: 32768 op, 27801500.00 ns, 848.4344 ns/op
WorkloadPilot   13: 65536 op, 46303600.00 ns, 706.5369 ns/op
WorkloadPilot   14: 131072 op, 90126700.00 ns, 687.6122 ns/op
WorkloadPilot   15: 262144 op, 180291100.00 ns, 687.7560 ns/op
WorkloadPilot   16: 524288 op, 364251500.00 ns, 694.7546 ns/op
WorkloadPilot   17: 1048576 op, 717470500.00 ns, 684.2332 ns/op

OverheadWarmup   1: 1048576 op, 1312800.00 ns, 1.2520 ns/op
OverheadWarmup   2: 1048576 op, 1310100.00 ns, 1.2494 ns/op
OverheadWarmup   3: 1048576 op, 1317800.00 ns, 1.2568 ns/op
OverheadWarmup   4: 1048576 op, 1307800.00 ns, 1.2472 ns/op
OverheadWarmup   5: 1048576 op, 1312000.00 ns, 1.2512 ns/op
OverheadWarmup   6: 1048576 op, 1310800.00 ns, 1.2501 ns/op

OverheadActual   1: 1048576 op, 1302400.00 ns, 1.2421 ns/op
OverheadActual   2: 1048576 op, 1305500.00 ns, 1.2450 ns/op
OverheadActual   3: 1048576 op, 1316700.00 ns, 1.2557 ns/op
OverheadActual   4: 1048576 op, 1317800.00 ns, 1.2568 ns/op
OverheadActual   5: 1048576 op, 1312800.00 ns, 1.2520 ns/op
OverheadActual   6: 1048576 op, 1339700.00 ns, 1.2776 ns/op
OverheadActual   7: 1048576 op, 1307000.00 ns, 1.2465 ns/op
OverheadActual   8: 1048576 op, 1321500.00 ns, 1.2603 ns/op
OverheadActual   9: 1048576 op, 1320500.00 ns, 1.2593 ns/op
OverheadActual  10: 1048576 op, 1304000.00 ns, 1.2436 ns/op
OverheadActual  11: 1048576 op, 1295600.00 ns, 1.2356 ns/op
OverheadActual  12: 1048576 op, 1309500.00 ns, 1.2488 ns/op
OverheadActual  13: 1048576 op, 1316800.00 ns, 1.2558 ns/op
OverheadActual  14: 1048576 op, 1327800.00 ns, 1.2663 ns/op
OverheadActual  15: 1048576 op, 1311400.00 ns, 1.2506 ns/op

WorkloadWarmup   1: 1048576 op, 726980600.00 ns, 693.3027 ns/op
WorkloadWarmup   2: 1048576 op, 723748900.00 ns, 690.2207 ns/op
WorkloadWarmup   3: 1048576 op, 725632600.00 ns, 692.0172 ns/op

// BeforeActualRun
WorkloadActual   1: 1048576 op, 720200100.00 ns, 686.8363 ns/op
WorkloadActual   2: 1048576 op, 728725700.00 ns, 694.9670 ns/op
WorkloadActual   3: 1048576 op, 726885500.00 ns, 693.2120 ns/op
WorkloadActual   4: 1048576 op, 727542900.00 ns, 693.8390 ns/op
WorkloadActual   5: 1048576 op, 723898300.00 ns, 690.3632 ns/op

// AfterActualRun
WorkloadResult   1: 1048576 op, 718887300.00 ns, 685.5844 ns/op
WorkloadResult   2: 1048576 op, 727412900.00 ns, 693.7150 ns/op
WorkloadResult   3: 1048576 op, 725572700.00 ns, 691.9600 ns/op
WorkloadResult   4: 1048576 op, 726230100.00 ns, 692.5870 ns/op
WorkloadResult   5: 1048576 op, 722585500.00 ns, 689.1112 ns/op
// GC:  137 0 0 2306867200 1048576
// Threading:  0 0 1048576

// AfterAll
// Benchmark Process 24556 has exited with code 0.
// Launch: 3 / 3
// Execute: dotnet Heddle.Benchmarks.Dotnet-ShortRun-1.dll --anonymousPipes 5416 5248 --benchmarkName "Heddle.Benchmarks.Dotnet.Bench.TechniquePrecompiledBenchmarks.Utf8(Workload: \"fortunes-encoded\")" --job ShortRun --benchmarkId 9 in E:\Work\Heddle\benchmarks\dotnet\bin\Release\net10.0\Heddle.Benchmarks.Dotnet-ShortRun-1\bin\Release\net10.0
// BeforeAnythingElse

// Benchmark Process Environment Information:
// BenchmarkDotNet v0.15.8
// Runtime=.NET 10.0.12 (10.0.12, 10.0.1226.42308), X64 RyuJIT x86-64-v4
// GC=Concurrent Workstation
// HardwareIntrinsics=AVX512 BITALG+VBMI2+VNNI+VPOPCNTDQ,AVX512 IFMA+VBMI,AVX512 F+BW+CD+DQ+VL,AVX2+BMI1+BMI2+F16C+FMA+LZCNT+MOVBE,AVX,SSE3+SSSE3+SSE4.1+SSE4.2+POPCNT,X86Base+SSE+SSE2,AES+PCLMUL,AvxVnni VectorSize=256
// Job: ShortRun(IterationCount=5, LaunchCount=3, WarmupCount=3)

OverheadJitting  1: 1 op, 130700.00 ns, 130.7000 us/op
WorkloadJitting  1: 1 op, 197000.00 ns, 197.0000 us/op

OverheadJitting  2: 16 op, 223300.00 ns, 13.9563 us/op
WorkloadJitting  2: 16 op, 305300.00 ns, 19.0813 us/op

WorkloadPilot    1: 16 op, 81000.00 ns, 5.0625 us/op
WorkloadPilot    2: 32 op, 149100.00 ns, 4.6594 us/op
WorkloadPilot    3: 64 op, 295300.00 ns, 4.6141 us/op
WorkloadPilot    4: 128 op, 605400.00 ns, 4.7297 us/op
WorkloadPilot    5: 256 op, 1297700.00 ns, 5.0691 us/op
WorkloadPilot    6: 512 op, 2654000.00 ns, 5.1836 us/op
WorkloadPilot    7: 1024 op, 5108800.00 ns, 4.9891 us/op
WorkloadPilot    8: 2048 op, 9761600.00 ns, 4.7664 us/op
WorkloadPilot    9: 4096 op, 19263100.00 ns, 4.7029 us/op
WorkloadPilot   10: 8192 op, 39150400.00 ns, 4.7791 us/op
WorkloadPilot   11: 16384 op, 68283200.00 ns, 4.1677 us/op
WorkloadPilot   12: 32768 op, 27795100.00 ns, 848.2391 ns/op
WorkloadPilot   13: 65536 op, 45148900.00 ns, 688.9175 ns/op
WorkloadPilot   14: 131072 op, 90407000.00 ns, 689.7507 ns/op
WorkloadPilot   15: 262144 op, 181085500.00 ns, 690.7864 ns/op
WorkloadPilot   16: 524288 op, 362010500.00 ns, 690.4802 ns/op
WorkloadPilot   17: 1048576 op, 726719300.00 ns, 693.0535 ns/op

OverheadWarmup   1: 1048576 op, 1320800.00 ns, 1.2596 ns/op
OverheadWarmup   2: 1048576 op, 1312500.00 ns, 1.2517 ns/op
OverheadWarmup   3: 1048576 op, 1321600.00 ns, 1.2604 ns/op
OverheadWarmup   4: 1048576 op, 1314100.00 ns, 1.2532 ns/op
OverheadWarmup   5: 1048576 op, 1325800.00 ns, 1.2644 ns/op
OverheadWarmup   6: 1048576 op, 1307800.00 ns, 1.2472 ns/op

OverheadActual   1: 1048576 op, 1315000.00 ns, 1.2541 ns/op
OverheadActual   2: 1048576 op, 1311000.00 ns, 1.2503 ns/op
OverheadActual   3: 1048576 op, 1315100.00 ns, 1.2542 ns/op
OverheadActual   4: 1048576 op, 1317400.00 ns, 1.2564 ns/op
OverheadActual   5: 1048576 op, 1322500.00 ns, 1.2612 ns/op
OverheadActual   6: 1048576 op, 1314900.00 ns, 1.2540 ns/op
OverheadActual   7: 1048576 op, 1311800.00 ns, 1.2510 ns/op
OverheadActual   8: 1048576 op, 1317900.00 ns, 1.2568 ns/op
OverheadActual   9: 1048576 op, 1296200.00 ns, 1.2362 ns/op
OverheadActual  10: 1048576 op, 1323100.00 ns, 1.2618 ns/op
OverheadActual  11: 1048576 op, 1316300.00 ns, 1.2553 ns/op
OverheadActual  12: 1048576 op, 1316600.00 ns, 1.2556 ns/op
OverheadActual  13: 1048576 op, 1314900.00 ns, 1.2540 ns/op
OverheadActual  14: 1048576 op, 1310300.00 ns, 1.2496 ns/op
OverheadActual  15: 1048576 op, 1322100.00 ns, 1.2609 ns/op

WorkloadWarmup   1: 1048576 op, 731952400.00 ns, 698.0442 ns/op
WorkloadWarmup   2: 1048576 op, 729336300.00 ns, 695.5493 ns/op
WorkloadWarmup   3: 1048576 op, 730682100.00 ns, 696.8328 ns/op

// BeforeActualRun
WorkloadActual   1: 1048576 op, 724173000.00 ns, 690.6252 ns/op
WorkloadActual   2: 1048576 op, 727078700.00 ns, 693.3963 ns/op
WorkloadActual   3: 1048576 op, 730093200.00 ns, 696.2711 ns/op
WorkloadActual   4: 1048576 op, 729032900.00 ns, 695.2600 ns/op
WorkloadActual   5: 1048576 op, 726340400.00 ns, 692.6922 ns/op

// AfterActualRun
WorkloadResult   1: 1048576 op, 722857900.00 ns, 689.3710 ns/op
WorkloadResult   2: 1048576 op, 725763600.00 ns, 692.1421 ns/op
WorkloadResult   3: 1048576 op, 728778100.00 ns, 695.0170 ns/op
WorkloadResult   4: 1048576 op, 727717800.00 ns, 694.0058 ns/op
WorkloadResult   5: 1048576 op, 725025300.00 ns, 691.4380 ns/op
// GC:  137 0 0 2306867200 1048576
// Threading:  0 0 1048576

// AfterAll
// Benchmark Process 27592 has exited with code 0.

Mean = 690.803 ns, StdErr = 0.711 ns (0.10%), N = 15, StdDev = 2.754 ns
Min = 685.580 ns, Q1 = 689.341 ns, Median = 691.269 ns, Q3 = 692.365 ns, Max = 695.017 ns
IQR = 3.024 ns, LowerFence = 684.805 ns, UpperFence = 696.900 ns
ConfidenceInterval = [687.859 ns; 693.747 ns] (CI 99.9%), Margin = 2.944 ns (0.43% of Mean)
Skewness = -0.49, Kurtosis = 2.33, MValue = 2

// ** Remained 14 (58.3%) benchmark(s) to run. Estimated finish 2026-09-16 12:13 (0h 6m from now) **
Setup power plan (GUID: 8c5e7fda-e8bf-4a96-9a85-a6e23a8c635c FriendlyName: High performance)
// **************************
// Benchmark: TechniquePrecompiledBenchmarks.TextWriter: ShortRun(IterationCount=5, LaunchCount=3, WarmupCount=3) [Workload=fortunes-encoded]
// *** Execute ***
// Launch: 1 / 3
// Execute: dotnet Heddle.Benchmarks.Dotnet-ShortRun-1.dll --anonymousPipes 2128 3000 --benchmarkName "Heddle.Benchmarks.Dotnet.Bench.TechniquePrecompiledBenchmarks.TextWriter(Workload: \"fortunes-encoded\")" --job ShortRun --benchmarkId 10 in E:\Work\Heddle\benchmarks\dotnet\bin\Release\net10.0\Heddle.Benchmarks.Dotnet-ShortRun-1\bin\Release\net10.0
// BeforeAnythingElse

// Benchmark Process Environment Information:
// BenchmarkDotNet v0.15.8
// Runtime=.NET 10.0.12 (10.0.12, 10.0.1226.42308), X64 RyuJIT x86-64-v4
// GC=Concurrent Workstation
// HardwareIntrinsics=AVX512 BITALG+VBMI2+VNNI+VPOPCNTDQ,AVX512 IFMA+VBMI,AVX512 F+BW+CD+DQ+VL,AVX2+BMI1+BMI2+F16C+FMA+LZCNT+MOVBE,AVX,SSE3+SSSE3+SSE4.1+SSE4.2+POPCNT,X86Base+SSE+SSE2,AES+PCLMUL,AvxVnni VectorSize=256
// Job: ShortRun(IterationCount=5, LaunchCount=3, WarmupCount=3)

OverheadJitting  1: 1 op, 130000.00 ns, 130.0000 us/op
WorkloadJitting  1: 1 op, 195000.00 ns, 195.0000 us/op

OverheadJitting  2: 16 op, 222600.00 ns, 13.9125 us/op
WorkloadJitting  2: 16 op, 318800.00 ns, 19.9250 us/op

WorkloadPilot    1: 16 op, 75200.00 ns, 4.7000 us/op
WorkloadPilot    2: 32 op, 139200.00 ns, 4.3500 us/op
WorkloadPilot    3: 64 op, 273200.00 ns, 4.2688 us/op
WorkloadPilot    4: 128 op, 555900.00 ns, 4.3430 us/op
WorkloadPilot    5: 256 op, 1217200.00 ns, 4.7547 us/op
WorkloadPilot    6: 512 op, 2444500.00 ns, 4.7744 us/op
WorkloadPilot    7: 1024 op, 4567700.00 ns, 4.4606 us/op
WorkloadPilot    8: 2048 op, 9026300.00 ns, 4.4074 us/op
WorkloadPilot    9: 4096 op, 17833700.00 ns, 4.3539 us/op
WorkloadPilot   10: 8192 op, 36656400.00 ns, 4.4747 us/op
WorkloadPilot   11: 16384 op, 59239300.00 ns, 3.6157 us/op
WorkloadPilot   12: 32768 op, 24685500.00 ns, 753.3417 ns/op
WorkloadPilot   13: 65536 op, 40593200.00 ns, 619.4031 ns/op
WorkloadPilot   14: 131072 op, 80504500.00 ns, 614.2006 ns/op
WorkloadPilot   15: 262144 op, 160499200.00 ns, 612.2559 ns/op
WorkloadPilot   16: 524288 op, 321742200.00 ns, 613.6745 ns/op
WorkloadPilot   17: 1048576 op, 639062700.00 ns, 609.4577 ns/op

OverheadWarmup   1: 1048576 op, 1319600.00 ns, 1.2585 ns/op
OverheadWarmup   2: 1048576 op, 1320900.00 ns, 1.2597 ns/op
OverheadWarmup   3: 1048576 op, 1453500.00 ns, 1.3862 ns/op
OverheadWarmup   4: 1048576 op, 1325300.00 ns, 1.2639 ns/op
OverheadWarmup   5: 1048576 op, 1324500.00 ns, 1.2631 ns/op
OverheadWarmup   6: 1048576 op, 1326100.00 ns, 1.2647 ns/op
OverheadWarmup   7: 1048576 op, 1323900.00 ns, 1.2626 ns/op

OverheadActual   1: 1048576 op, 1314000.00 ns, 1.2531 ns/op
OverheadActual   2: 1048576 op, 1329200.00 ns, 1.2676 ns/op
OverheadActual   3: 1048576 op, 1322800.00 ns, 1.2615 ns/op
OverheadActual   4: 1048576 op, 1335300.00 ns, 1.2734 ns/op
OverheadActual   5: 1048576 op, 1317500.00 ns, 1.2565 ns/op
OverheadActual   6: 1048576 op, 1340200.00 ns, 1.2781 ns/op
OverheadActual   7: 1048576 op, 1315800.00 ns, 1.2548 ns/op
OverheadActual   8: 1048576 op, 1313600.00 ns, 1.2527 ns/op
OverheadActual   9: 1048576 op, 1317600.00 ns, 1.2566 ns/op
OverheadActual  10: 1048576 op, 1313200.00 ns, 1.2524 ns/op
OverheadActual  11: 1048576 op, 1315100.00 ns, 1.2542 ns/op
OverheadActual  12: 1048576 op, 1330900.00 ns, 1.2692 ns/op
OverheadActual  13: 1048576 op, 1329200.00 ns, 1.2676 ns/op
OverheadActual  14: 1048576 op, 1327000.00 ns, 1.2655 ns/op
OverheadActual  15: 1048576 op, 1321800.00 ns, 1.2606 ns/op

WorkloadWarmup   1: 1048576 op, 650007600.00 ns, 619.8956 ns/op
WorkloadWarmup   2: 1048576 op, 642361400.00 ns, 612.6036 ns/op
WorkloadWarmup   3: 1048576 op, 641475400.00 ns, 611.7586 ns/op

// BeforeActualRun
WorkloadActual   1: 1048576 op, 651303300.00 ns, 621.1312 ns/op
WorkloadActual   2: 1048576 op, 654373500.00 ns, 624.0592 ns/op
WorkloadActual   3: 1048576 op, 644525000.00 ns, 614.6669 ns/op
WorkloadActual   4: 1048576 op, 650985600.00 ns, 620.8282 ns/op
WorkloadActual   5: 1048576 op, 643265300.00 ns, 613.4656 ns/op

// AfterActualRun
WorkloadResult   1: 1048576 op, 649981500.00 ns, 619.8707 ns/op
WorkloadResult   2: 1048576 op, 653051700.00 ns, 622.7986 ns/op
WorkloadResult   3: 1048576 op, 643203200.00 ns, 613.4064 ns/op
WorkloadResult   4: 1048576 op, 649663800.00 ns, 619.5677 ns/op
WorkloadResult   5: 1048576 op, 641943500.00 ns, 612.2050 ns/op
// GC:  137 0 0 2298478592 1048576
// Threading:  0 0 1048576

// AfterAll
// Benchmark Process 14424 has exited with code 0.
// Launch: 2 / 3
// Execute: dotnet Heddle.Benchmarks.Dotnet-ShortRun-1.dll --anonymousPipes 1400 1396 --benchmarkName "Heddle.Benchmarks.Dotnet.Bench.TechniquePrecompiledBenchmarks.TextWriter(Workload: \"fortunes-encoded\")" --job ShortRun --benchmarkId 10 in E:\Work\Heddle\benchmarks\dotnet\bin\Release\net10.0\Heddle.Benchmarks.Dotnet-ShortRun-1\bin\Release\net10.0
// BeforeAnythingElse

// Benchmark Process Environment Information:
// BenchmarkDotNet v0.15.8
// Runtime=.NET 10.0.12 (10.0.12, 10.0.1226.42308), X64 RyuJIT x86-64-v4
// GC=Concurrent Workstation
// HardwareIntrinsics=AVX512 BITALG+VBMI2+VNNI+VPOPCNTDQ,AVX512 IFMA+VBMI,AVX512 F+BW+CD+DQ+VL,AVX2+BMI1+BMI2+F16C+FMA+LZCNT+MOVBE,AVX,SSE3+SSSE3+SSE4.1+SSE4.2+POPCNT,X86Base+SSE+SSE2,AES+PCLMUL,AvxVnni VectorSize=256
// Job: ShortRun(IterationCount=5, LaunchCount=3, WarmupCount=3)

OverheadJitting  1: 1 op, 130200.00 ns, 130.2000 us/op
WorkloadJitting  1: 1 op, 189200.00 ns, 189.2000 us/op

OverheadJitting  2: 16 op, 223500.00 ns, 13.9688 us/op
WorkloadJitting  2: 16 op, 317600.00 ns, 19.8500 us/op

WorkloadPilot    1: 16 op, 76300.00 ns, 4.7688 us/op
WorkloadPilot    2: 32 op, 140200.00 ns, 4.3813 us/op
WorkloadPilot    3: 64 op, 269900.00 ns, 4.2172 us/op
WorkloadPilot    4: 128 op, 558200.00 ns, 4.3609 us/op
WorkloadPilot    5: 256 op, 1298200.00 ns, 5.0711 us/op
WorkloadPilot    6: 512 op, 2507700.00 ns, 4.8979 us/op
WorkloadPilot    7: 1024 op, 4555600.00 ns, 4.4488 us/op
WorkloadPilot    8: 2048 op, 8795500.00 ns, 4.2947 us/op
WorkloadPilot    9: 4096 op, 16770600.00 ns, 4.0944 us/op
WorkloadPilot   10: 8192 op, 35569400.00 ns, 4.3420 us/op
WorkloadPilot   11: 16384 op, 64305400.00 ns, 3.9249 us/op
WorkloadPilot   12: 32768 op, 27057000.00 ns, 825.7141 ns/op
WorkloadPilot   13: 65536 op, 40662500.00 ns, 620.4605 ns/op
WorkloadPilot   14: 131072 op, 81515400.00 ns, 621.9131 ns/op
WorkloadPilot   15: 262144 op, 163027000.00 ns, 621.8987 ns/op
WorkloadPilot   16: 524288 op, 324528300.00 ns, 618.9886 ns/op
WorkloadPilot   17: 1048576 op, 652535500.00 ns, 622.3063 ns/op

OverheadWarmup   1: 1048576 op, 1308400.00 ns, 1.2478 ns/op
OverheadWarmup   2: 1048576 op, 1309300.00 ns, 1.2486 ns/op
OverheadWarmup   3: 1048576 op, 1313000.00 ns, 1.2522 ns/op
OverheadWarmup   4: 1048576 op, 1309000.00 ns, 1.2484 ns/op
OverheadWarmup   5: 1048576 op, 1314000.00 ns, 1.2531 ns/op
OverheadWarmup   6: 1048576 op, 1327100.00 ns, 1.2656 ns/op
OverheadWarmup   7: 1048576 op, 1303900.00 ns, 1.2435 ns/op

OverheadActual   1: 1048576 op, 1326000.00 ns, 1.2646 ns/op
OverheadActual   2: 1048576 op, 1307400.00 ns, 1.2468 ns/op
OverheadActual   3: 1048576 op, 1301000.00 ns, 1.2407 ns/op
OverheadActual   4: 1048576 op, 1304500.00 ns, 1.2441 ns/op
OverheadActual   5: 1048576 op, 1317600.00 ns, 1.2566 ns/op
OverheadActual   6: 1048576 op, 1312800.00 ns, 1.2520 ns/op
OverheadActual   7: 1048576 op, 1318000.00 ns, 1.2569 ns/op
OverheadActual   8: 1048576 op, 1318800.00 ns, 1.2577 ns/op
OverheadActual   9: 1048576 op, 1324000.00 ns, 1.2627 ns/op
OverheadActual  10: 1048576 op, 1324600.00 ns, 1.2632 ns/op
OverheadActual  11: 1048576 op, 1305000.00 ns, 1.2445 ns/op
OverheadActual  12: 1048576 op, 1309200.00 ns, 1.2486 ns/op
OverheadActual  13: 1048576 op, 1305300.00 ns, 1.2448 ns/op
OverheadActual  14: 1048576 op, 1313500.00 ns, 1.2527 ns/op
OverheadActual  15: 1048576 op, 1322700.00 ns, 1.2614 ns/op

WorkloadWarmup   1: 1048576 op, 653041500.00 ns, 622.7889 ns/op
WorkloadWarmup   2: 1048576 op, 650699300.00 ns, 620.5552 ns/op
WorkloadWarmup   3: 1048576 op, 647883600.00 ns, 617.8699 ns/op

// BeforeActualRun
WorkloadActual   1: 1048576 op, 650147100.00 ns, 620.0286 ns/op
WorkloadActual   2: 1048576 op, 655394500.00 ns, 625.0329 ns/op
WorkloadActual   3: 1048576 op, 652107700.00 ns, 621.8984 ns/op
WorkloadActual   4: 1048576 op, 648767400.00 ns, 618.7128 ns/op
WorkloadActual   5: 1048576 op, 652686100.00 ns, 622.4500 ns/op

// AfterActualRun
WorkloadResult   1: 1048576 op, 648833600.00 ns, 618.7759 ns/op
WorkloadResult   2: 1048576 op, 654081000.00 ns, 623.7803 ns/op
WorkloadResult   3: 1048576 op, 650794200.00 ns, 620.6457 ns/op
WorkloadResult   4: 1048576 op, 647453900.00 ns, 617.4602 ns/op
WorkloadResult   5: 1048576 op, 651372600.00 ns, 621.1973 ns/op
// GC:  137 0 0 2298478592 1048576
// Threading:  0 0 1048576

// AfterAll
// Benchmark Process 23368 has exited with code 0.
// Launch: 3 / 3
// Execute: dotnet Heddle.Benchmarks.Dotnet-ShortRun-1.dll --anonymousPipes 10764 10752 --benchmarkName "Heddle.Benchmarks.Dotnet.Bench.TechniquePrecompiledBenchmarks.TextWriter(Workload: \"fortunes-encoded\")" --job ShortRun --benchmarkId 10 in E:\Work\Heddle\benchmarks\dotnet\bin\Release\net10.0\Heddle.Benchmarks.Dotnet-ShortRun-1\bin\Release\net10.0
// BeforeAnythingElse

// Benchmark Process Environment Information:
// BenchmarkDotNet v0.15.8
// Runtime=.NET 10.0.12 (10.0.12, 10.0.1226.42308), X64 RyuJIT x86-64-v4
// GC=Concurrent Workstation
// HardwareIntrinsics=AVX512 BITALG+VBMI2+VNNI+VPOPCNTDQ,AVX512 IFMA+VBMI,AVX512 F+BW+CD+DQ+VL,AVX2+BMI1+BMI2+F16C+FMA+LZCNT+MOVBE,AVX,SSE3+SSSE3+SSE4.1+SSE4.2+POPCNT,X86Base+SSE+SSE2,AES+PCLMUL,AvxVnni VectorSize=256
// Job: ShortRun(IterationCount=5, LaunchCount=3, WarmupCount=3)

OverheadJitting  1: 1 op, 131700.00 ns, 131.7000 us/op
WorkloadJitting  1: 1 op, 195500.00 ns, 195.5000 us/op

OverheadJitting  2: 16 op, 222600.00 ns, 13.9125 us/op
WorkloadJitting  2: 16 op, 304800.00 ns, 19.0500 us/op

WorkloadPilot    1: 16 op, 71800.00 ns, 4.4875 us/op
WorkloadPilot    2: 32 op, 136000.00 ns, 4.2500 us/op
WorkloadPilot    3: 64 op, 274500.00 ns, 4.2891 us/op
WorkloadPilot    4: 128 op, 594700.00 ns, 4.6461 us/op
WorkloadPilot    5: 256 op, 1283600.00 ns, 5.0141 us/op
WorkloadPilot    6: 512 op, 2603200.00 ns, 5.0844 us/op
WorkloadPilot    7: 1024 op, 4966000.00 ns, 4.8496 us/op
WorkloadPilot    8: 2048 op, 9571400.00 ns, 4.6735 us/op
WorkloadPilot    9: 4096 op, 18980800.00 ns, 4.6340 us/op
WorkloadPilot   10: 8192 op, 38409800.00 ns, 4.6887 us/op
WorkloadPilot   11: 16384 op, 58311300.00 ns, 3.5590 us/op
WorkloadPilot   12: 32768 op, 25226700.00 ns, 769.8578 ns/op
WorkloadPilot   13: 65536 op, 40794500.00 ns, 622.4747 ns/op
WorkloadPilot   14: 131072 op, 80735000.00 ns, 615.9592 ns/op
WorkloadPilot   15: 262144 op, 162283200.00 ns, 619.0613 ns/op
WorkloadPilot   16: 524288 op, 324117600.00 ns, 618.2053 ns/op
WorkloadPilot   17: 1048576 op, 654410900.00 ns, 624.0949 ns/op

OverheadWarmup   1: 1048576 op, 1327400.00 ns, 1.2659 ns/op
OverheadWarmup   2: 1048576 op, 1327400.00 ns, 1.2659 ns/op
OverheadWarmup   3: 1048576 op, 1308400.00 ns, 1.2478 ns/op
OverheadWarmup   4: 1048576 op, 1306200.00 ns, 1.2457 ns/op
OverheadWarmup   5: 1048576 op, 1310300.00 ns, 1.2496 ns/op
OverheadWarmup   6: 1048576 op, 1317400.00 ns, 1.2564 ns/op
OverheadWarmup   7: 1048576 op, 1309800.00 ns, 1.2491 ns/op

OverheadActual   1: 1048576 op, 1319800.00 ns, 1.2587 ns/op
OverheadActual   2: 1048576 op, 1304700.00 ns, 1.2443 ns/op
OverheadActual   3: 1048576 op, 1301500.00 ns, 1.2412 ns/op
OverheadActual   4: 1048576 op, 1316700.00 ns, 1.2557 ns/op
OverheadActual   5: 1048576 op, 1320900.00 ns, 1.2597 ns/op
OverheadActual   6: 1048576 op, 1324700.00 ns, 1.2633 ns/op
OverheadActual   7: 1048576 op, 1310600.00 ns, 1.2499 ns/op
OverheadActual   8: 1048576 op, 1324900.00 ns, 1.2635 ns/op
OverheadActual   9: 1048576 op, 1319700.00 ns, 1.2586 ns/op
OverheadActual  10: 1048576 op, 1307800.00 ns, 1.2472 ns/op
OverheadActual  11: 1048576 op, 1324100.00 ns, 1.2628 ns/op
OverheadActual  12: 1048576 op, 1301200.00 ns, 1.2409 ns/op
OverheadActual  13: 1048576 op, 1303800.00 ns, 1.2434 ns/op
OverheadActual  14: 1048576 op, 1301400.00 ns, 1.2411 ns/op
OverheadActual  15: 1048576 op, 1319900.00 ns, 1.2588 ns/op

WorkloadWarmup   1: 1048576 op, 648992400.00 ns, 618.9274 ns/op
WorkloadWarmup   2: 1048576 op, 652351900.00 ns, 622.1313 ns/op
WorkloadWarmup   3: 1048576 op, 653126600.00 ns, 622.8701 ns/op

// BeforeActualRun
WorkloadActual   1: 1048576 op, 652825800.00 ns, 622.5832 ns/op
WorkloadActual   2: 1048576 op, 651093100.00 ns, 620.9308 ns/op
WorkloadActual   3: 1048576 op, 654954700.00 ns, 624.6135 ns/op
WorkloadActual   4: 1048576 op, 650549000.00 ns, 620.4119 ns/op
WorkloadActual   5: 1048576 op, 653361000.00 ns, 623.0936 ns/op

// AfterActualRun
WorkloadResult   1: 1048576 op, 651509100.00 ns, 621.3275 ns/op
WorkloadResult   2: 1048576 op, 649776400.00 ns, 619.6751 ns/op
WorkloadResult   3: 1048576 op, 653638000.00 ns, 623.3578 ns/op
WorkloadResult   4: 1048576 op, 649232300.00 ns, 619.1562 ns/op
WorkloadResult   5: 1048576 op, 652044300.00 ns, 621.8379 ns/op
// GC:  137 0 0 2298478592 1048576
// Threading:  0 0 1048576

// AfterAll
// Benchmark Process 1184 has exited with code 0.

Mean = 619.671 ns, StdErr = 0.851 ns (0.14%), N = 15, StdDev = 3.295 ns
Min = 612.205 ns, Q1 = 618.966 ns, Median = 619.871 ns, Q3 = 621.583 ns, Max = 623.780 ns
IQR = 2.617 ns, LowerFence = 615.041 ns, UpperFence = 625.508 ns
ConfidenceInterval = [616.149 ns; 623.193 ns] (CI 99.9%), Margin = 3.522 ns (0.57% of Mean)
Skewness = -0.94, Kurtosis = 2.98, MValue = 2

// ** Remained 13 (54.2%) benchmark(s) to run. Estimated finish 2026-09-16 12:13 (0h 6m from now) **
Setup power plan (GUID: 8c5e7fda-e8bf-4a96-9a85-a6e23a8c635c FriendlyName: High performance)
// **************************
// Benchmark: TechniquePrecompiledBenchmarks.String: ShortRun(IterationCount=5, LaunchCount=3, WarmupCount=3) [Workload=fortunes-encoded]
// *** Execute ***
// Launch: 1 / 3
// Execute: dotnet Heddle.Benchmarks.Dotnet-ShortRun-1.dll --anonymousPipes 2304 3592 --benchmarkName "Heddle.Benchmarks.Dotnet.Bench.TechniquePrecompiledBenchmarks.String(Workload: \"fortunes-encoded\")" --job ShortRun --benchmarkId 11 in E:\Work\Heddle\benchmarks\dotnet\bin\Release\net10.0\Heddle.Benchmarks.Dotnet-ShortRun-1\bin\Release\net10.0
// BeforeAnythingElse

// Benchmark Process Environment Information:
// BenchmarkDotNet v0.15.8
// Runtime=.NET 10.0.12 (10.0.12, 10.0.1226.42308), X64 RyuJIT x86-64-v4
// GC=Concurrent Workstation
// HardwareIntrinsics=AVX512 BITALG+VBMI2+VNNI+VPOPCNTDQ,AVX512 IFMA+VBMI,AVX512 F+BW+CD+DQ+VL,AVX2+BMI1+BMI2+F16C+FMA+LZCNT+MOVBE,AVX,SSE3+SSSE3+SSE4.1+SSE4.2+POPCNT,X86Base+SSE+SSE2,AES+PCLMUL,AvxVnni VectorSize=256
// Job: ShortRun(IterationCount=5, LaunchCount=3, WarmupCount=3)

OverheadJitting  1: 1 op, 133000.00 ns, 133.0000 us/op
WorkloadJitting  1: 1 op, 193700.00 ns, 193.7000 us/op

OverheadJitting  2: 16 op, 226300.00 ns, 14.1438 us/op
WorkloadJitting  2: 16 op, 321500.00 ns, 20.0938 us/op

WorkloadPilot    1: 16 op, 77100.00 ns, 4.8188 us/op
WorkloadPilot    2: 32 op, 136300.00 ns, 4.2594 us/op
WorkloadPilot    3: 64 op, 271600.00 ns, 4.2438 us/op
WorkloadPilot    4: 128 op, 573400.00 ns, 4.4797 us/op
WorkloadPilot    5: 256 op, 1475300.00 ns, 5.7629 us/op
WorkloadPilot    6: 512 op, 3017300.00 ns, 5.8932 us/op
WorkloadPilot    7: 1024 op, 5416800.00 ns, 5.2898 us/op
WorkloadPilot    8: 2048 op, 10483600.00 ns, 5.1189 us/op
WorkloadPilot    9: 4096 op, 19191000.00 ns, 4.6853 us/op
WorkloadPilot   10: 8192 op, 35141900.00 ns, 4.2898 us/op
WorkloadPilot   11: 16384 op, 114913300.00 ns, 7.0138 us/op
WorkloadPilot   12: 32768 op, 76180400.00 ns, 2.3248 us/op
WorkloadPilot   13: 65536 op, 44935600.00 ns, 685.6628 ns/op
WorkloadPilot   14: 131072 op, 90066200.00 ns, 687.1506 ns/op
WorkloadPilot   15: 262144 op, 180115400.00 ns, 687.0857 ns/op
WorkloadPilot   16: 524288 op, 358084300.00 ns, 682.9916 ns/op
WorkloadPilot   17: 1048576 op, 715130400.00 ns, 682.0015 ns/op

OverheadWarmup   1: 1048576 op, 1308300.00 ns, 1.2477 ns/op
OverheadWarmup   2: 1048576 op, 1328100.00 ns, 1.2666 ns/op
OverheadWarmup   3: 1048576 op, 1315900.00 ns, 1.2549 ns/op
OverheadWarmup   4: 1048576 op, 1316300.00 ns, 1.2553 ns/op
OverheadWarmup   5: 1048576 op, 1327000.00 ns, 1.2655 ns/op
OverheadWarmup   6: 1048576 op, 1342600.00 ns, 1.2804 ns/op
OverheadWarmup   7: 1048576 op, 1327300.00 ns, 1.2658 ns/op

OverheadActual   1: 1048576 op, 1324700.00 ns, 1.2633 ns/op
OverheadActual   2: 1048576 op, 1329700.00 ns, 1.2681 ns/op
OverheadActual   3: 1048576 op, 1309200.00 ns, 1.2486 ns/op
OverheadActual   4: 1048576 op, 1327000.00 ns, 1.2655 ns/op
OverheadActual   5: 1048576 op, 1323400.00 ns, 1.2621 ns/op
OverheadActual   6: 1048576 op, 1321900.00 ns, 1.2607 ns/op
OverheadActual   7: 1048576 op, 1325400.00 ns, 1.2640 ns/op
OverheadActual   8: 1048576 op, 1328400.00 ns, 1.2669 ns/op
OverheadActual   9: 1048576 op, 1304700.00 ns, 1.2443 ns/op
OverheadActual  10: 1048576 op, 1315900.00 ns, 1.2549 ns/op
OverheadActual  11: 1048576 op, 1332300.00 ns, 1.2706 ns/op
OverheadActual  12: 1048576 op, 1308700.00 ns, 1.2481 ns/op
OverheadActual  13: 1048576 op, 1318600.00 ns, 1.2575 ns/op
OverheadActual  14: 1048576 op, 1312500.00 ns, 1.2517 ns/op
OverheadActual  15: 1048576 op, 1323400.00 ns, 1.2621 ns/op

WorkloadWarmup   1: 1048576 op, 715858700.00 ns, 682.6961 ns/op
WorkloadWarmup   2: 1048576 op, 712280100.00 ns, 679.2832 ns/op
WorkloadWarmup   3: 1048576 op, 710874400.00 ns, 677.9427 ns/op

// BeforeActualRun
WorkloadActual   1: 1048576 op, 712173500.00 ns, 679.1816 ns/op
WorkloadActual   2: 1048576 op, 715318900.00 ns, 682.1813 ns/op
WorkloadActual   3: 1048576 op, 717785100.00 ns, 684.5332 ns/op
WorkloadActual   4: 1048576 op, 716133500.00 ns, 682.9581 ns/op
WorkloadActual   5: 1048576 op, 717002200.00 ns, 683.7866 ns/op

// AfterActualRun
WorkloadResult   1: 1048576 op, 710850100.00 ns, 677.9195 ns/op
WorkloadResult   2: 1048576 op, 713995500.00 ns, 680.9192 ns/op
WorkloadResult   3: 1048576 op, 716461700.00 ns, 683.2711 ns/op
WorkloadResult   4: 1048576 op, 714810100.00 ns, 681.6960 ns/op
WorkloadResult   5: 1048576 op, 715678800.00 ns, 682.5245 ns/op
// GC:  439 4 0 7356809216 1048576
// Threading:  0 0 1048576

// AfterAll
// Benchmark Process 15964 has exited with code 0.
// Launch: 2 / 3
// Execute: dotnet Heddle.Benchmarks.Dotnet-ShortRun-1.dll --anonymousPipes 10756 9228 --benchmarkName "Heddle.Benchmarks.Dotnet.Bench.TechniquePrecompiledBenchmarks.String(Workload: \"fortunes-encoded\")" --job ShortRun --benchmarkId 11 in E:\Work\Heddle\benchmarks\dotnet\bin\Release\net10.0\Heddle.Benchmarks.Dotnet-ShortRun-1\bin\Release\net10.0
// BeforeAnythingElse

// Benchmark Process Environment Information:
// BenchmarkDotNet v0.15.8
// Runtime=.NET 10.0.12 (10.0.12, 10.0.1226.42308), X64 RyuJIT x86-64-v4
// GC=Concurrent Workstation
// HardwareIntrinsics=AVX512 BITALG+VBMI2+VNNI+VPOPCNTDQ,AVX512 IFMA+VBMI,AVX512 F+BW+CD+DQ+VL,AVX2+BMI1+BMI2+F16C+FMA+LZCNT+MOVBE,AVX,SSE3+SSSE3+SSE4.1+SSE4.2+POPCNT,X86Base+SSE+SSE2,AES+PCLMUL,AvxVnni VectorSize=256
// Job: ShortRun(IterationCount=5, LaunchCount=3, WarmupCount=3)

OverheadJitting  1: 1 op, 147600.00 ns, 147.6000 us/op
WorkloadJitting  1: 1 op, 214000.00 ns, 214.0000 us/op

OverheadJitting  2: 16 op, 241300.00 ns, 15.0813 us/op
WorkloadJitting  2: 16 op, 306100.00 ns, 19.1313 us/op

WorkloadPilot    1: 16 op, 69300.00 ns, 4.3313 us/op
WorkloadPilot    2: 32 op, 136900.00 ns, 4.2781 us/op
WorkloadPilot    3: 64 op, 270500.00 ns, 4.2266 us/op
WorkloadPilot    4: 128 op, 562500.00 ns, 4.3945 us/op
WorkloadPilot    5: 256 op, 1450900.00 ns, 5.6676 us/op
WorkloadPilot    6: 512 op, 2861300.00 ns, 5.5885 us/op
WorkloadPilot    7: 1024 op, 4559700.00 ns, 4.4528 us/op
WorkloadPilot    8: 2048 op, 10425300.00 ns, 5.0905 us/op
WorkloadPilot    9: 4096 op, 17339200.00 ns, 4.2332 us/op
WorkloadPilot   10: 8192 op, 33010300.00 ns, 4.0296 us/op
WorkloadPilot   11: 16384 op, 113269800.00 ns, 6.9134 us/op
WorkloadPilot   12: 32768 op, 70469400.00 ns, 2.1506 us/op
WorkloadPilot   13: 65536 op, 45652300.00 ns, 696.5988 ns/op
WorkloadPilot   14: 131072 op, 91499400.00 ns, 698.0850 ns/op
WorkloadPilot   15: 262144 op, 182170200.00 ns, 694.9242 ns/op
WorkloadPilot   16: 524288 op, 361304800.00 ns, 689.1342 ns/op
WorkloadPilot   17: 1048576 op, 723243900.00 ns, 689.7391 ns/op

OverheadWarmup   1: 1048576 op, 1311400.00 ns, 1.2506 ns/op
OverheadWarmup   2: 1048576 op, 1331000.00 ns, 1.2693 ns/op
OverheadWarmup   3: 1048576 op, 1302800.00 ns, 1.2424 ns/op
OverheadWarmup   4: 1048576 op, 1325900.00 ns, 1.2645 ns/op
OverheadWarmup   5: 1048576 op, 1318600.00 ns, 1.2575 ns/op

OverheadActual   1: 1048576 op, 1304900.00 ns, 1.2444 ns/op
OverheadActual   2: 1048576 op, 1319000.00 ns, 1.2579 ns/op
OverheadActual   3: 1048576 op, 1291800.00 ns, 1.2320 ns/op
OverheadActual   4: 1048576 op, 1312500.00 ns, 1.2517 ns/op
OverheadActual   5: 1048576 op, 1310900.00 ns, 1.2502 ns/op
OverheadActual   6: 1048576 op, 1306100.00 ns, 1.2456 ns/op
OverheadActual   7: 1048576 op, 1321600.00 ns, 1.2604 ns/op
OverheadActual   8: 1048576 op, 1309300.00 ns, 1.2486 ns/op
OverheadActual   9: 1048576 op, 1325700.00 ns, 1.2643 ns/op
OverheadActual  10: 1048576 op, 1319900.00 ns, 1.2588 ns/op
OverheadActual  11: 1048576 op, 1306400.00 ns, 1.2459 ns/op
OverheadActual  12: 1048576 op, 1310600.00 ns, 1.2499 ns/op
OverheadActual  13: 1048576 op, 1306000.00 ns, 1.2455 ns/op
OverheadActual  14: 1048576 op, 1305000.00 ns, 1.2445 ns/op
OverheadActual  15: 1048576 op, 1309700.00 ns, 1.2490 ns/op

WorkloadWarmup   1: 1048576 op, 722030600.00 ns, 688.5820 ns/op
WorkloadWarmup   2: 1048576 op, 720406400.00 ns, 687.0331 ns/op
WorkloadWarmup   3: 1048576 op, 716532200.00 ns, 683.3384 ns/op

// BeforeActualRun
WorkloadActual   1: 1048576 op, 718780700.00 ns, 685.4827 ns/op
WorkloadActual   2: 1048576 op, 723939600.00 ns, 690.4026 ns/op
WorkloadActual   3: 1048576 op, 722948400.00 ns, 689.4573 ns/op
WorkloadActual   4: 1048576 op, 725655300.00 ns, 692.0388 ns/op
WorkloadActual   5: 1048576 op, 722296000.00 ns, 688.8351 ns/op

// AfterActualRun
WorkloadResult   1: 1048576 op, 717471000.00 ns, 684.2337 ns/op
WorkloadResult   2: 1048576 op, 722629900.00 ns, 689.1536 ns/op
WorkloadResult   3: 1048576 op, 721638700.00 ns, 688.2083 ns/op
WorkloadResult   4: 1048576 op, 724345600.00 ns, 690.7898 ns/op
WorkloadResult   5: 1048576 op, 720986300.00 ns, 687.5861 ns/op
// GC:  439 4 0 7356809216 1048576
// Threading:  0 0 1048576

// AfterAll
// Benchmark Process 14376 has exited with code 0.
// Launch: 3 / 3
// Execute: dotnet Heddle.Benchmarks.Dotnet-ShortRun-1.dll --anonymousPipes 3356 2304 --benchmarkName "Heddle.Benchmarks.Dotnet.Bench.TechniquePrecompiledBenchmarks.String(Workload: \"fortunes-encoded\")" --job ShortRun --benchmarkId 11 in E:\Work\Heddle\benchmarks\dotnet\bin\Release\net10.0\Heddle.Benchmarks.Dotnet-ShortRun-1\bin\Release\net10.0
// BeforeAnythingElse

// Benchmark Process Environment Information:
// BenchmarkDotNet v0.15.8
// Runtime=.NET 10.0.12 (10.0.12, 10.0.1226.42308), X64 RyuJIT x86-64-v4
// GC=Concurrent Workstation
// HardwareIntrinsics=AVX512 BITALG+VBMI2+VNNI+VPOPCNTDQ,AVX512 IFMA+VBMI,AVX512 F+BW+CD+DQ+VL,AVX2+BMI1+BMI2+F16C+FMA+LZCNT+MOVBE,AVX,SSE3+SSSE3+SSE4.1+SSE4.2+POPCNT,X86Base+SSE+SSE2,AES+PCLMUL,AvxVnni VectorSize=256
// Job: ShortRun(IterationCount=5, LaunchCount=3, WarmupCount=3)

OverheadJitting  1: 1 op, 129800.00 ns, 129.8000 us/op
WorkloadJitting  1: 1 op, 176400.00 ns, 176.4000 us/op

OverheadJitting  2: 16 op, 226200.00 ns, 14.1375 us/op
WorkloadJitting  2: 16 op, 304300.00 ns, 19.0188 us/op

WorkloadPilot    1: 16 op, 71700.00 ns, 4.4813 us/op
WorkloadPilot    2: 32 op, 130200.00 ns, 4.0688 us/op
WorkloadPilot    3: 64 op, 254600.00 ns, 3.9781 us/op
WorkloadPilot    4: 128 op, 541400.00 ns, 4.2297 us/op
WorkloadPilot    5: 256 op, 1422200.00 ns, 5.5555 us/op
WorkloadPilot    6: 512 op, 2871000.00 ns, 5.6074 us/op
WorkloadPilot    7: 1024 op, 4965900.00 ns, 4.8495 us/op
WorkloadPilot    8: 2048 op, 10412400.00 ns, 5.0842 us/op
WorkloadPilot    9: 4096 op, 17311200.00 ns, 4.2264 us/op
WorkloadPilot   10: 8192 op, 32938900.00 ns, 4.0209 us/op
WorkloadPilot   11: 16384 op, 105728500.00 ns, 6.4532 us/op
WorkloadPilot   12: 32768 op, 83955000.00 ns, 2.5621 us/op
WorkloadPilot   13: 65536 op, 45868000.00 ns, 699.8901 ns/op
WorkloadPilot   14: 131072 op, 90966900.00 ns, 694.0224 ns/op
WorkloadPilot   15: 262144 op, 182629900.00 ns, 696.6778 ns/op
WorkloadPilot   16: 524288 op, 365703100.00 ns, 697.5233 ns/op
WorkloadPilot   17: 1048576 op, 722443300.00 ns, 688.9756 ns/op

OverheadWarmup   1: 1048576 op, 1315200.00 ns, 1.2543 ns/op
OverheadWarmup   2: 1048576 op, 1321400.00 ns, 1.2602 ns/op
OverheadWarmup   3: 1048576 op, 1323500.00 ns, 1.2622 ns/op
OverheadWarmup   4: 1048576 op, 1332700.00 ns, 1.2710 ns/op
OverheadWarmup   5: 1048576 op, 1305700.00 ns, 1.2452 ns/op
OverheadWarmup   6: 1048576 op, 1319100.00 ns, 1.2580 ns/op
OverheadWarmup   7: 1048576 op, 1321200.00 ns, 1.2600 ns/op
OverheadWarmup   8: 1048576 op, 1315400.00 ns, 1.2545 ns/op

OverheadActual   1: 1048576 op, 1305900.00 ns, 1.2454 ns/op
OverheadActual   2: 1048576 op, 1316400.00 ns, 1.2554 ns/op
OverheadActual   3: 1048576 op, 1321400.00 ns, 1.2602 ns/op
OverheadActual   4: 1048576 op, 1327900.00 ns, 1.2664 ns/op
OverheadActual   5: 1048576 op, 1336400.00 ns, 1.2745 ns/op
OverheadActual   6: 1048576 op, 1318300.00 ns, 1.2572 ns/op
OverheadActual   7: 1048576 op, 1331400.00 ns, 1.2697 ns/op
OverheadActual   8: 1048576 op, 1311200.00 ns, 1.2505 ns/op
OverheadActual   9: 1048576 op, 1324200.00 ns, 1.2629 ns/op
OverheadActual  10: 1048576 op, 1309600.00 ns, 1.2489 ns/op
OverheadActual  11: 1048576 op, 1318600.00 ns, 1.2575 ns/op
OverheadActual  12: 1048576 op, 1312400.00 ns, 1.2516 ns/op
OverheadActual  13: 1048576 op, 1328800.00 ns, 1.2672 ns/op
OverheadActual  14: 1048576 op, 1321000.00 ns, 1.2598 ns/op
OverheadActual  15: 1048576 op, 1316100.00 ns, 1.2551 ns/op

WorkloadWarmup   1: 1048576 op, 724225200.00 ns, 690.6750 ns/op
WorkloadWarmup   2: 1048576 op, 721946300.00 ns, 688.5016 ns/op
WorkloadWarmup   3: 1048576 op, 715804500.00 ns, 682.6444 ns/op

// BeforeActualRun
WorkloadActual   1: 1048576 op, 734356800.00 ns, 700.3372 ns/op
WorkloadActual   2: 1048576 op, 730005800.00 ns, 696.1878 ns/op
WorkloadActual   3: 1048576 op, 725763200.00 ns, 692.1417 ns/op
WorkloadActual   4: 1048576 op, 729714000.00 ns, 695.9095 ns/op
WorkloadActual   5: 1048576 op, 723470100.00 ns, 689.9549 ns/op

// AfterActualRun
WorkloadResult   1: 1048576 op, 733038200.00 ns, 699.0797 ns/op
WorkloadResult   2: 1048576 op, 728687200.00 ns, 694.9303 ns/op
WorkloadResult   3: 1048576 op, 724444600.00 ns, 690.8842 ns/op
WorkloadResult   4: 1048576 op, 728395400.00 ns, 694.6520 ns/op
WorkloadResult   5: 1048576 op, 722151500.00 ns, 688.6973 ns/op
// GC:  439 4 0 7356809216 1048576
// Threading:  0 0 1048576

// AfterAll
// Benchmark Process 29648 has exited with code 0.

Mean = 687.636 ns, StdErr = 1.526 ns (0.22%), N = 15, StdDev = 5.911 ns
Min = 677.919 ns, Q1 = 682.898 ns, Median = 688.208 ns, Q3 = 690.837 ns, Max = 699.080 ns
IQR = 7.939 ns, LowerFence = 670.989 ns, UpperFence = 702.746 ns
ConfidenceInterval = [681.317 ns; 693.956 ns] (CI 99.9%), Margin = 6.320 ns (0.92% of Mean)
Skewness = 0.2, Kurtosis = 1.97, MValue = 2

// ** Remained 12 (50.0%) benchmark(s) to run. Estimated finish 2026-09-16 12:13 (0h 5m from now) **
Setup power plan (GUID: 8c5e7fda-e8bf-4a96-9a85-a6e23a8c635c FriendlyName: High performance)
// **************************
// Benchmark: TechniquePrecompiledBenchmarks.Utf8: ShortRun(IterationCount=5, LaunchCount=3, WarmupCount=3) [Workload=fragment-heavy]
// *** Execute ***
// Launch: 1 / 3
// Execute: dotnet Heddle.Benchmarks.Dotnet-ShortRun-1.dll --anonymousPipes 3596 3572 --benchmarkName "Heddle.Benchmarks.Dotnet.Bench.TechniquePrecompiledBenchmarks.Utf8(Workload: \"fragment-heavy\")" --job ShortRun --benchmarkId 12 in E:\Work\Heddle\benchmarks\dotnet\bin\Release\net10.0\Heddle.Benchmarks.Dotnet-ShortRun-1\bin\Release\net10.0
// BeforeAnythingElse

// Benchmark Process Environment Information:
// BenchmarkDotNet v0.15.8
// Runtime=.NET 10.0.12 (10.0.12, 10.0.1226.42308), X64 RyuJIT x86-64-v4
// GC=Concurrent Workstation
// HardwareIntrinsics=AVX512 BITALG+VBMI2+VNNI+VPOPCNTDQ,AVX512 IFMA+VBMI,AVX512 F+BW+CD+DQ+VL,AVX2+BMI1+BMI2+F16C+FMA+LZCNT+MOVBE,AVX,SSE3+SSSE3+SSE4.1+SSE4.2+POPCNT,X86Base+SSE+SSE2,AES+PCLMUL,AvxVnni VectorSize=256
// Job: ShortRun(IterationCount=5, LaunchCount=3, WarmupCount=3)

OverheadJitting  1: 1 op, 143200.00 ns, 143.2000 us/op
WorkloadJitting  1: 1 op, 242800.00 ns, 242.8000 us/op

OverheadJitting  2: 16 op, 225000.00 ns, 14.0625 us/op
WorkloadJitting  2: 16 op, 782300.00 ns, 48.8938 us/op

WorkloadPilot    1: 16 op, 593100.00 ns, 37.0688 us/op
WorkloadPilot    2: 32 op, 1195800.00 ns, 37.3688 us/op
WorkloadPilot    3: 64 op, 2321500.00 ns, 36.2734 us/op
WorkloadPilot    4: 128 op, 4661100.00 ns, 36.4148 us/op
WorkloadPilot    5: 256 op, 9175600.00 ns, 35.8422 us/op
WorkloadPilot    6: 512 op, 18949600.00 ns, 37.0109 us/op
WorkloadPilot    7: 1024 op, 37442000.00 ns, 36.5645 us/op
WorkloadPilot    8: 2048 op, 70546500.00 ns, 34.4465 us/op
WorkloadPilot    9: 4096 op, 26833700.00 ns, 6.5512 us/op
WorkloadPilot   10: 8192 op, 46876000.00 ns, 5.7222 us/op
WorkloadPilot   11: 16384 op, 90429900.00 ns, 5.5194 us/op
WorkloadPilot   12: 32768 op, 181934900.00 ns, 5.5522 us/op
WorkloadPilot   13: 65536 op, 362348500.00 ns, 5.5290 us/op
WorkloadPilot   14: 131072 op, 724309900.00 ns, 5.5260 us/op

OverheadWarmup   1: 131072 op, 167800.00 ns, 1.2802 ns/op
OverheadWarmup   2: 131072 op, 165800.00 ns, 1.2650 ns/op
OverheadWarmup   3: 131072 op, 162900.00 ns, 1.2428 ns/op
OverheadWarmup   4: 131072 op, 163700.00 ns, 1.2489 ns/op
OverheadWarmup   5: 131072 op, 164900.00 ns, 1.2581 ns/op
OverheadWarmup   6: 131072 op, 164000.00 ns, 1.2512 ns/op
OverheadWarmup   7: 131072 op, 163500.00 ns, 1.2474 ns/op
OverheadWarmup   8: 131072 op, 163200.00 ns, 1.2451 ns/op
OverheadWarmup   9: 131072 op, 163000.00 ns, 1.2436 ns/op
OverheadWarmup  10: 131072 op, 164100.00 ns, 1.2520 ns/op

OverheadActual   1: 131072 op, 164000.00 ns, 1.2512 ns/op
OverheadActual   2: 131072 op, 163900.00 ns, 1.2505 ns/op
OverheadActual   3: 131072 op, 164600.00 ns, 1.2558 ns/op
OverheadActual   4: 131072 op, 165200.00 ns, 1.2604 ns/op
OverheadActual   5: 131072 op, 163400.00 ns, 1.2466 ns/op
OverheadActual   6: 131072 op, 326700.00 ns, 2.4925 ns/op
OverheadActual   7: 131072 op, 164900.00 ns, 1.2581 ns/op
OverheadActual   8: 131072 op, 172500.00 ns, 1.3161 ns/op
OverheadActual   9: 131072 op, 164900.00 ns, 1.2581 ns/op
OverheadActual  10: 131072 op, 163900.00 ns, 1.2505 ns/op
OverheadActual  11: 131072 op, 163400.00 ns, 1.2466 ns/op
OverheadActual  12: 131072 op, 164500.00 ns, 1.2550 ns/op
OverheadActual  13: 131072 op, 164400.00 ns, 1.2543 ns/op
OverheadActual  14: 131072 op, 163600.00 ns, 1.2482 ns/op
OverheadActual  15: 131072 op, 163900.00 ns, 1.2505 ns/op

WorkloadWarmup   1: 131072 op, 725863300.00 ns, 5.5379 us/op
WorkloadWarmup   2: 131072 op, 724889900.00 ns, 5.5305 us/op
WorkloadWarmup   3: 131072 op, 722542100.00 ns, 5.5126 us/op

// BeforeActualRun
WorkloadActual   1: 131072 op, 727809100.00 ns, 5.5527 us/op
WorkloadActual   2: 131072 op, 729445300.00 ns, 5.5652 us/op
WorkloadActual   3: 131072 op, 725277400.00 ns, 5.5334 us/op
WorkloadActual   4: 131072 op, 724995700.00 ns, 5.5313 us/op
WorkloadActual   5: 131072 op, 740660900.00 ns, 5.6508 us/op

// AfterActualRun
WorkloadResult   1: 131072 op, 727644700.00 ns, 5.5515 us/op
WorkloadResult   2: 131072 op, 729280900.00 ns, 5.5640 us/op
WorkloadResult   3: 131072 op, 725113000.00 ns, 5.5322 us/op
WorkloadResult   4: 131072 op, 724831300.00 ns, 5.5300 us/op
// GC:  65 0 0 1088421888 131072
// Threading:  0 0 131072

// AfterAll
// Benchmark Process 20972 has exited with code 0.
// Launch: 2 / 3
// Execute: dotnet Heddle.Benchmarks.Dotnet-ShortRun-1.dll --anonymousPipes 3160 1668 --benchmarkName "Heddle.Benchmarks.Dotnet.Bench.TechniquePrecompiledBenchmarks.Utf8(Workload: \"fragment-heavy\")" --job ShortRun --benchmarkId 12 in E:\Work\Heddle\benchmarks\dotnet\bin\Release\net10.0\Heddle.Benchmarks.Dotnet-ShortRun-1\bin\Release\net10.0
// BeforeAnythingElse

// Benchmark Process Environment Information:
// BenchmarkDotNet v0.15.8
// Runtime=.NET 10.0.12 (10.0.12, 10.0.1226.42308), X64 RyuJIT x86-64-v4
// GC=Concurrent Workstation
// HardwareIntrinsics=AVX512 BITALG+VBMI2+VNNI+VPOPCNTDQ,AVX512 IFMA+VBMI,AVX512 F+BW+CD+DQ+VL,AVX2+BMI1+BMI2+F16C+FMA+LZCNT+MOVBE,AVX,SSE3+SSSE3+SSE4.1+SSE4.2+POPCNT,X86Base+SSE+SSE2,AES+PCLMUL,AvxVnni VectorSize=256
// Job: ShortRun(IterationCount=5, LaunchCount=3, WarmupCount=3)

OverheadJitting  1: 1 op, 146500.00 ns, 146.5000 us/op
WorkloadJitting  1: 1 op, 234100.00 ns, 234.1000 us/op

OverheadJitting  2: 16 op, 228200.00 ns, 14.2625 us/op
WorkloadJitting  2: 16 op, 795600.00 ns, 49.7250 us/op

WorkloadPilot    1: 16 op, 598200.00 ns, 37.3875 us/op
WorkloadPilot    2: 32 op, 1223600.00 ns, 38.2375 us/op
WorkloadPilot    3: 64 op, 2387700.00 ns, 37.3078 us/op
WorkloadPilot    4: 128 op, 4746400.00 ns, 37.0813 us/op
WorkloadPilot    5: 256 op, 9411200.00 ns, 36.7625 us/op
WorkloadPilot    6: 512 op, 19335300.00 ns, 37.7643 us/op
WorkloadPilot    7: 1024 op, 37242200.00 ns, 36.3693 us/op
WorkloadPilot    8: 2048 op, 69435500.00 ns, 33.9041 us/op
WorkloadPilot    9: 4096 op, 27087500.00 ns, 6.6132 us/op
WorkloadPilot   10: 8192 op, 48456000.00 ns, 5.9150 us/op
WorkloadPilot   11: 16384 op, 91695400.00 ns, 5.5966 us/op
WorkloadPilot   12: 32768 op, 183764400.00 ns, 5.6080 us/op
WorkloadPilot   13: 65536 op, 365863900.00 ns, 5.5826 us/op
WorkloadPilot   14: 131072 op, 736681700.00 ns, 5.6204 us/op

OverheadWarmup   1: 131072 op, 165900.00 ns, 1.2657 ns/op
OverheadWarmup   2: 131072 op, 163900.00 ns, 1.2505 ns/op
OverheadWarmup   3: 131072 op, 165400.00 ns, 1.2619 ns/op
OverheadWarmup   4: 131072 op, 165500.00 ns, 1.2627 ns/op
OverheadWarmup   5: 131072 op, 164900.00 ns, 1.2581 ns/op
OverheadWarmup   6: 131072 op, 165300.00 ns, 1.2611 ns/op
OverheadWarmup   7: 131072 op, 163200.00 ns, 1.2451 ns/op

OverheadActual   1: 131072 op, 165000.00 ns, 1.2589 ns/op
OverheadActual   2: 131072 op, 166800.00 ns, 1.2726 ns/op
OverheadActual   3: 131072 op, 164300.00 ns, 1.2535 ns/op
OverheadActual   4: 131072 op, 164500.00 ns, 1.2550 ns/op
OverheadActual   5: 131072 op, 165400.00 ns, 1.2619 ns/op
OverheadActual   6: 131072 op, 164000.00 ns, 1.2512 ns/op
OverheadActual   7: 131072 op, 165800.00 ns, 1.2650 ns/op
OverheadActual   8: 131072 op, 163500.00 ns, 1.2474 ns/op
OverheadActual   9: 131072 op, 169800.00 ns, 1.2955 ns/op
OverheadActual  10: 131072 op, 165300.00 ns, 1.2611 ns/op
OverheadActual  11: 131072 op, 163400.00 ns, 1.2466 ns/op
OverheadActual  12: 131072 op, 163200.00 ns, 1.2451 ns/op
OverheadActual  13: 131072 op, 163700.00 ns, 1.2489 ns/op
OverheadActual  14: 131072 op, 180100.00 ns, 1.3741 ns/op
OverheadActual  15: 131072 op, 163000.00 ns, 1.2436 ns/op

WorkloadWarmup   1: 131072 op, 736099900.00 ns, 5.6160 us/op
WorkloadWarmup   2: 131072 op, 732617600.00 ns, 5.5894 us/op
WorkloadWarmup   3: 131072 op, 736848900.00 ns, 5.6217 us/op

// BeforeActualRun
WorkloadActual   1: 131072 op, 735686700.00 ns, 5.6128 us/op
WorkloadActual   2: 131072 op, 750809700.00 ns, 5.7282 us/op
WorkloadActual   3: 131072 op, 736627000.00 ns, 5.6200 us/op
WorkloadActual   4: 131072 op, 735371900.00 ns, 5.6104 us/op
WorkloadActual   5: 131072 op, 734093100.00 ns, 5.6007 us/op

// AfterActualRun
WorkloadResult   1: 131072 op, 735522200.00 ns, 5.6116 us/op
WorkloadResult   2: 131072 op, 736462500.00 ns, 5.6188 us/op
WorkloadResult   3: 131072 op, 735207400.00 ns, 5.6092 us/op
WorkloadResult   4: 131072 op, 733928600.00 ns, 5.5994 us/op
// GC:  65 0 0 1088421888 131072
// Threading:  0 0 131072

// AfterAll
// Benchmark Process 6992 has exited with code 0.
// Launch: 3 / 3
// Execute: dotnet Heddle.Benchmarks.Dotnet-ShortRun-1.dll --anonymousPipes 3356 2332 --benchmarkName "Heddle.Benchmarks.Dotnet.Bench.TechniquePrecompiledBenchmarks.Utf8(Workload: \"fragment-heavy\")" --job ShortRun --benchmarkId 12 in E:\Work\Heddle\benchmarks\dotnet\bin\Release\net10.0\Heddle.Benchmarks.Dotnet-ShortRun-1\bin\Release\net10.0
// BeforeAnythingElse

// Benchmark Process Environment Information:
// BenchmarkDotNet v0.15.8
// Runtime=.NET 10.0.12 (10.0.12, 10.0.1226.42308), X64 RyuJIT x86-64-v4
// GC=Concurrent Workstation
// HardwareIntrinsics=AVX512 BITALG+VBMI2+VNNI+VPOPCNTDQ,AVX512 IFMA+VBMI,AVX512 F+BW+CD+DQ+VL,AVX2+BMI1+BMI2+F16C+FMA+LZCNT+MOVBE,AVX,SSE3+SSSE3+SSE4.1+SSE4.2+POPCNT,X86Base+SSE+SSE2,AES+PCLMUL,AvxVnni VectorSize=256
// Job: ShortRun(IterationCount=5, LaunchCount=3, WarmupCount=3)

OverheadJitting  1: 1 op, 142500.00 ns, 142.5000 us/op
WorkloadJitting  1: 1 op, 227200.00 ns, 227.2000 us/op

OverheadJitting  2: 16 op, 226400.00 ns, 14.1500 us/op
WorkloadJitting  2: 16 op, 772500.00 ns, 48.2813 us/op

WorkloadPilot    1: 16 op, 590300.00 ns, 36.8938 us/op
WorkloadPilot    2: 32 op, 1200100.00 ns, 37.5031 us/op
WorkloadPilot    3: 64 op, 2329300.00 ns, 36.3953 us/op
WorkloadPilot    4: 128 op, 4674700.00 ns, 36.5211 us/op
WorkloadPilot    5: 256 op, 9181700.00 ns, 35.8660 us/op
WorkloadPilot    6: 512 op, 19180500.00 ns, 37.4619 us/op
WorkloadPilot    7: 1024 op, 36885000.00 ns, 36.0205 us/op
WorkloadPilot    8: 2048 op, 69327100.00 ns, 33.8511 us/op
WorkloadPilot    9: 4096 op, 26467500.00 ns, 6.4618 us/op
WorkloadPilot   10: 8192 op, 47852300.00 ns, 5.8413 us/op
WorkloadPilot   11: 16384 op, 91605400.00 ns, 5.5911 us/op
WorkloadPilot   12: 32768 op, 182088400.00 ns, 5.5569 us/op
WorkloadPilot   13: 65536 op, 363501500.00 ns, 5.5466 us/op
WorkloadPilot   14: 131072 op, 728992700.00 ns, 5.5618 us/op

OverheadWarmup   1: 131072 op, 166300.00 ns, 1.2688 ns/op
OverheadWarmup   2: 131072 op, 165900.00 ns, 1.2657 ns/op
OverheadWarmup   3: 131072 op, 163200.00 ns, 1.2451 ns/op
OverheadWarmup   4: 131072 op, 164500.00 ns, 1.2550 ns/op
OverheadWarmup   5: 131072 op, 166300.00 ns, 1.2688 ns/op
OverheadWarmup   6: 131072 op, 167000.00 ns, 1.2741 ns/op
OverheadWarmup   7: 131072 op, 163500.00 ns, 1.2474 ns/op
OverheadWarmup   8: 131072 op, 167400.00 ns, 1.2772 ns/op
OverheadWarmup   9: 131072 op, 167000.00 ns, 1.2741 ns/op

OverheadActual   1: 131072 op, 164200.00 ns, 1.2527 ns/op
OverheadActual   2: 131072 op, 166900.00 ns, 1.2733 ns/op
OverheadActual   3: 131072 op, 165400.00 ns, 1.2619 ns/op
OverheadActual   4: 131072 op, 166100.00 ns, 1.2672 ns/op
OverheadActual   5: 131072 op, 188600.00 ns, 1.4389 ns/op
OverheadActual   6: 131072 op, 165600.00 ns, 1.2634 ns/op
OverheadActual   7: 131072 op, 167000.00 ns, 1.2741 ns/op
OverheadActual   8: 131072 op, 165600.00 ns, 1.2634 ns/op
OverheadActual   9: 131072 op, 164400.00 ns, 1.2543 ns/op
OverheadActual  10: 131072 op, 165500.00 ns, 1.2627 ns/op
OverheadActual  11: 131072 op, 165100.00 ns, 1.2596 ns/op
OverheadActual  12: 131072 op, 164700.00 ns, 1.2566 ns/op
OverheadActual  13: 131072 op, 178800.00 ns, 1.3641 ns/op
OverheadActual  14: 131072 op, 167000.00 ns, 1.2741 ns/op
OverheadActual  15: 131072 op, 166200.00 ns, 1.2680 ns/op

WorkloadWarmup   1: 131072 op, 731100500.00 ns, 5.5779 us/op
WorkloadWarmup   2: 131072 op, 727419200.00 ns, 5.5498 us/op
WorkloadWarmup   3: 131072 op, 734495900.00 ns, 5.6038 us/op

// BeforeActualRun
WorkloadActual   1: 131072 op, 728582300.00 ns, 5.5586 us/op
WorkloadActual   2: 131072 op, 728910900.00 ns, 5.5611 us/op
WorkloadActual   3: 131072 op, 728230600.00 ns, 5.5560 us/op
WorkloadActual   4: 131072 op, 730872000.00 ns, 5.5761 us/op
WorkloadActual   5: 131072 op, 729290500.00 ns, 5.5640 us/op

// AfterActualRun
WorkloadResult   1: 131072 op, 728416700.00 ns, 5.5574 us/op
WorkloadResult   2: 131072 op, 728745300.00 ns, 5.5599 us/op
WorkloadResult   3: 131072 op, 728065000.00 ns, 5.5547 us/op
WorkloadResult   4: 131072 op, 729124900.00 ns, 5.5628 us/op
// GC:  65 0 0 1088421888 131072
// Threading:  0 0 131072

// AfterAll
// Benchmark Process 26300 has exited with code 0.

Mean = 5.571 μs, StdErr = 0.009 μs (0.16%), N = 12, StdDev = 0.031 μs
Min = 5.530 μs, Q1 = 5.554 μs, Median = 5.561 μs, Q3 = 5.602 μs, Max = 5.619 μs
IQR = 0.048 μs, LowerFence = 5.482 μs, UpperFence = 5.674 μs
ConfidenceInterval = [5.531 μs; 5.610 μs] (CI 99.9%), Margin = 0.039 μs (0.71% of Mean)
Skewness = 0.32, Kurtosis = 1.48, MValue = 2

// ** Remained 11 (45.8%) benchmark(s) to run. Estimated finish 2026-09-16 12:13 (0h 5m from now) **
Setup power plan (GUID: 8c5e7fda-e8bf-4a96-9a85-a6e23a8c635c FriendlyName: High performance)
// **************************
// Benchmark: TechniquePrecompiledBenchmarks.TextWriter: ShortRun(IterationCount=5, LaunchCount=3, WarmupCount=3) [Workload=fragment-heavy]
// *** Execute ***
// Launch: 1 / 3
// Execute: dotnet Heddle.Benchmarks.Dotnet-ShortRun-1.dll --anonymousPipes 3812 3620 --benchmarkName "Heddle.Benchmarks.Dotnet.Bench.TechniquePrecompiledBenchmarks.TextWriter(Workload: \"fragment-heavy\")" --job ShortRun --benchmarkId 13 in E:\Work\Heddle\benchmarks\dotnet\bin\Release\net10.0\Heddle.Benchmarks.Dotnet-ShortRun-1\bin\Release\net10.0
// BeforeAnythingElse

// Benchmark Process Environment Information:
// BenchmarkDotNet v0.15.8
// Runtime=.NET 10.0.12 (10.0.12, 10.0.1226.42308), X64 RyuJIT x86-64-v4
// GC=Concurrent Workstation
// HardwareIntrinsics=AVX512 BITALG+VBMI2+VNNI+VPOPCNTDQ,AVX512 IFMA+VBMI,AVX512 F+BW+CD+DQ+VL,AVX2+BMI1+BMI2+F16C+FMA+LZCNT+MOVBE,AVX,SSE3+SSSE3+SSE4.1+SSE4.2+POPCNT,X86Base+SSE+SSE2,AES+PCLMUL,AvxVnni VectorSize=256
// Job: ShortRun(IterationCount=5, LaunchCount=3, WarmupCount=3)

OverheadJitting  1: 1 op, 143600.00 ns, 143.6000 us/op
WorkloadJitting  1: 1 op, 230500.00 ns, 230.5000 us/op

OverheadJitting  2: 16 op, 225100.00 ns, 14.0688 us/op
WorkloadJitting  2: 16 op, 741900.00 ns, 46.3688 us/op

WorkloadPilot    1: 16 op, 557400.00 ns, 34.8375 us/op
WorkloadPilot    2: 32 op, 1177000.00 ns, 36.7813 us/op
WorkloadPilot    3: 64 op, 2262000.00 ns, 35.3438 us/op
WorkloadPilot    4: 128 op, 4435500.00 ns, 34.6523 us/op
WorkloadPilot    5: 256 op, 8639800.00 ns, 33.7492 us/op
WorkloadPilot    6: 512 op, 17822500.00 ns, 34.8096 us/op
WorkloadPilot    7: 1024 op, 34514900.00 ns, 33.7060 us/op
WorkloadPilot    8: 2048 op, 64454400.00 ns, 31.4719 us/op
WorkloadPilot    9: 4096 op, 24501300.00 ns, 5.9818 us/op
WorkloadPilot   10: 8192 op, 42074400.00 ns, 5.1360 us/op
WorkloadPilot   11: 16384 op, 79999700.00 ns, 4.8828 us/op
WorkloadPilot   12: 32768 op, 159345700.00 ns, 4.8628 us/op
WorkloadPilot   13: 65536 op, 320583100.00 ns, 4.8917 us/op
WorkloadPilot   14: 131072 op, 637197000.00 ns, 4.8614 us/op

OverheadWarmup   1: 131072 op, 164900.00 ns, 1.2581 ns/op
OverheadWarmup   2: 131072 op, 164600.00 ns, 1.2558 ns/op
OverheadWarmup   3: 131072 op, 161800.00 ns, 1.2344 ns/op
OverheadWarmup   4: 131072 op, 164400.00 ns, 1.2543 ns/op
OverheadWarmup   5: 131072 op, 162800.00 ns, 1.2421 ns/op
OverheadWarmup   6: 131072 op, 164000.00 ns, 1.2512 ns/op
OverheadWarmup   7: 131072 op, 164400.00 ns, 1.2543 ns/op
OverheadWarmup   8: 131072 op, 162700.00 ns, 1.2413 ns/op

OverheadActual   1: 131072 op, 164300.00 ns, 1.2535 ns/op
OverheadActual   2: 131072 op, 165800.00 ns, 1.2650 ns/op
OverheadActual   3: 131072 op, 164200.00 ns, 1.2527 ns/op
OverheadActual   4: 131072 op, 164500.00 ns, 1.2550 ns/op
OverheadActual   5: 131072 op, 166100.00 ns, 1.2672 ns/op
OverheadActual   6: 131072 op, 165800.00 ns, 1.2650 ns/op
OverheadActual   7: 131072 op, 162400.00 ns, 1.2390 ns/op
OverheadActual   8: 131072 op, 166900.00 ns, 1.2733 ns/op
OverheadActual   9: 131072 op, 164400.00 ns, 1.2543 ns/op
OverheadActual  10: 131072 op, 162900.00 ns, 1.2428 ns/op
OverheadActual  11: 131072 op, 163800.00 ns, 1.2497 ns/op
OverheadActual  12: 131072 op, 163700.00 ns, 1.2489 ns/op
OverheadActual  13: 131072 op, 306000.00 ns, 2.3346 ns/op
OverheadActual  14: 131072 op, 164500.00 ns, 1.2550 ns/op
OverheadActual  15: 131072 op, 165100.00 ns, 1.2596 ns/op

WorkloadWarmup   1: 131072 op, 648204600.00 ns, 4.9454 us/op
WorkloadWarmup   2: 131072 op, 647769800.00 ns, 4.9421 us/op
WorkloadWarmup   3: 131072 op, 639831200.00 ns, 4.8815 us/op

// BeforeActualRun
WorkloadActual   1: 131072 op, 639011600.00 ns, 4.8753 us/op
WorkloadActual   2: 131072 op, 638873400.00 ns, 4.8742 us/op
WorkloadActual   3: 131072 op, 638313200.00 ns, 4.8699 us/op
WorkloadActual   4: 131072 op, 638483100.00 ns, 4.8712 us/op
WorkloadActual   5: 131072 op, 641554700.00 ns, 4.8947 us/op

// AfterActualRun
WorkloadResult   1: 131072 op, 638847100.00 ns, 4.8740 us/op
WorkloadResult   2: 131072 op, 638708900.00 ns, 4.8730 us/op
WorkloadResult   3: 131072 op, 638148700.00 ns, 4.8687 us/op
WorkloadResult   4: 131072 op, 638318600.00 ns, 4.8700 us/op
// GC:  65 0 0 1087373312 131072
// Threading:  0 0 131072

// AfterAll
// Benchmark Process 10952 has exited with code 0.
// Launch: 2 / 3
// Execute: dotnet Heddle.Benchmarks.Dotnet-ShortRun-1.dll --anonymousPipes 2648 3796 --benchmarkName "Heddle.Benchmarks.Dotnet.Bench.TechniquePrecompiledBenchmarks.TextWriter(Workload: \"fragment-heavy\")" --job ShortRun --benchmarkId 13 in E:\Work\Heddle\benchmarks\dotnet\bin\Release\net10.0\Heddle.Benchmarks.Dotnet-ShortRun-1\bin\Release\net10.0
// BeforeAnythingElse

// Benchmark Process Environment Information:
// BenchmarkDotNet v0.15.8
// Runtime=.NET 10.0.12 (10.0.12, 10.0.1226.42308), X64 RyuJIT x86-64-v4
// GC=Concurrent Workstation
// HardwareIntrinsics=AVX512 BITALG+VBMI2+VNNI+VPOPCNTDQ,AVX512 IFMA+VBMI,AVX512 F+BW+CD+DQ+VL,AVX2+BMI1+BMI2+F16C+FMA+LZCNT+MOVBE,AVX,SSE3+SSSE3+SSE4.1+SSE4.2+POPCNT,X86Base+SSE+SSE2,AES+PCLMUL,AvxVnni VectorSize=256
// Job: ShortRun(IterationCount=5, LaunchCount=3, WarmupCount=3)

OverheadJitting  1: 1 op, 142400.00 ns, 142.4000 us/op
WorkloadJitting  1: 1 op, 224400.00 ns, 224.4000 us/op

OverheadJitting  2: 16 op, 226400.00 ns, 14.1500 us/op
WorkloadJitting  2: 16 op, 748600.00 ns, 46.7875 us/op

WorkloadPilot    1: 16 op, 543100.00 ns, 33.9438 us/op
WorkloadPilot    2: 32 op, 1170000.00 ns, 36.5625 us/op
WorkloadPilot    3: 64 op, 2235800.00 ns, 34.9344 us/op
WorkloadPilot    4: 128 op, 4397500.00 ns, 34.3555 us/op
WorkloadPilot    5: 256 op, 8601300.00 ns, 33.5988 us/op
WorkloadPilot    6: 512 op, 17686800.00 ns, 34.5445 us/op
WorkloadPilot    7: 1024 op, 34239100.00 ns, 33.4366 us/op
WorkloadPilot    8: 2048 op, 62745400.00 ns, 30.6374 us/op
WorkloadPilot    9: 4096 op, 23445000.00 ns, 5.7239 us/op
WorkloadPilot   10: 8192 op, 42548500.00 ns, 5.1939 us/op
WorkloadPilot   11: 16384 op, 80329000.00 ns, 4.9029 us/op
WorkloadPilot   12: 32768 op, 164056100.00 ns, 5.0066 us/op
WorkloadPilot   13: 65536 op, 321011300.00 ns, 4.8982 us/op
WorkloadPilot   14: 131072 op, 640591400.00 ns, 4.8873 us/op

OverheadWarmup   1: 131072 op, 165000.00 ns, 1.2589 ns/op
OverheadWarmup   2: 131072 op, 164000.00 ns, 1.2512 ns/op
OverheadWarmup   3: 131072 op, 162500.00 ns, 1.2398 ns/op
OverheadWarmup   4: 131072 op, 164600.00 ns, 1.2558 ns/op
OverheadWarmup   5: 131072 op, 161100.00 ns, 1.2291 ns/op
OverheadWarmup   6: 131072 op, 164100.00 ns, 1.2520 ns/op
OverheadWarmup   7: 131072 op, 161900.00 ns, 1.2352 ns/op

OverheadActual   1: 131072 op, 181000.00 ns, 1.3809 ns/op
OverheadActual   2: 131072 op, 169500.00 ns, 1.2932 ns/op
OverheadActual   3: 131072 op, 163500.00 ns, 1.2474 ns/op
OverheadActual   4: 131072 op, 164800.00 ns, 1.2573 ns/op
OverheadActual   5: 131072 op, 166800.00 ns, 1.2726 ns/op
OverheadActual   6: 131072 op, 165700.00 ns, 1.2642 ns/op
OverheadActual   7: 131072 op, 162200.00 ns, 1.2375 ns/op
OverheadActual   8: 131072 op, 164900.00 ns, 1.2581 ns/op
OverheadActual   9: 131072 op, 165800.00 ns, 1.2650 ns/op
OverheadActual  10: 131072 op, 165900.00 ns, 1.2657 ns/op
OverheadActual  11: 131072 op, 163800.00 ns, 1.2497 ns/op
OverheadActual  12: 131072 op, 165600.00 ns, 1.2634 ns/op
OverheadActual  13: 131072 op, 163300.00 ns, 1.2459 ns/op
OverheadActual  14: 131072 op, 165600.00 ns, 1.2634 ns/op
OverheadActual  15: 131072 op, 162600.00 ns, 1.2405 ns/op

WorkloadWarmup   1: 131072 op, 647700400.00 ns, 4.9416 us/op
WorkloadWarmup   2: 131072 op, 640765300.00 ns, 4.8887 us/op
WorkloadWarmup   3: 131072 op, 644768200.00 ns, 4.9192 us/op

// BeforeActualRun
WorkloadActual   1: 131072 op, 642158000.00 ns, 4.8993 us/op
WorkloadActual   2: 131072 op, 642485700.00 ns, 4.9018 us/op
WorkloadActual   3: 131072 op, 643288700.00 ns, 4.9079 us/op
WorkloadActual   4: 131072 op, 642329100.00 ns, 4.9006 us/op
WorkloadActual   5: 131072 op, 641244500.00 ns, 4.8923 us/op

// AfterActualRun
WorkloadResult   1: 131072 op, 641992400.00 ns, 4.8980 us/op
WorkloadResult   2: 131072 op, 642320100.00 ns, 4.9005 us/op
WorkloadResult   3: 131072 op, 642163500.00 ns, 4.8993 us/op
WorkloadResult   4: 131072 op, 641078900.00 ns, 4.8910 us/op
// GC:  65 0 0 1087373312 131072
// Threading:  0 0 131072

// AfterAll
// Benchmark Process 21904 has exited with code 0.
// Launch: 3 / 3
// Execute: dotnet Heddle.Benchmarks.Dotnet-ShortRun-1.dll --anonymousPipes 3156 3812 --benchmarkName "Heddle.Benchmarks.Dotnet.Bench.TechniquePrecompiledBenchmarks.TextWriter(Workload: \"fragment-heavy\")" --job ShortRun --benchmarkId 13 in E:\Work\Heddle\benchmarks\dotnet\bin\Release\net10.0\Heddle.Benchmarks.Dotnet-ShortRun-1\bin\Release\net10.0
// BeforeAnythingElse

// Benchmark Process Environment Information:
// BenchmarkDotNet v0.15.8
// Runtime=.NET 10.0.12 (10.0.12, 10.0.1226.42308), X64 RyuJIT x86-64-v4
// GC=Concurrent Workstation
// HardwareIntrinsics=AVX512 BITALG+VBMI2+VNNI+VPOPCNTDQ,AVX512 IFMA+VBMI,AVX512 F+BW+CD+DQ+VL,AVX2+BMI1+BMI2+F16C+FMA+LZCNT+MOVBE,AVX,SSE3+SSSE3+SSE4.1+SSE4.2+POPCNT,X86Base+SSE+SSE2,AES+PCLMUL,AvxVnni VectorSize=256
// Job: ShortRun(IterationCount=5, LaunchCount=3, WarmupCount=3)

OverheadJitting  1: 1 op, 141100.00 ns, 141.1000 us/op
WorkloadJitting  1: 1 op, 237800.00 ns, 237.8000 us/op

OverheadJitting  2: 16 op, 224000.00 ns, 14.0000 us/op
WorkloadJitting  2: 16 op, 747300.00 ns, 46.7063 us/op

WorkloadPilot    1: 16 op, 548400.00 ns, 34.2750 us/op
WorkloadPilot    2: 32 op, 1178400.00 ns, 36.8250 us/op
WorkloadPilot    3: 64 op, 2249000.00 ns, 35.1406 us/op
WorkloadPilot    4: 128 op, 4391000.00 ns, 34.3047 us/op
WorkloadPilot    5: 256 op, 8594800.00 ns, 33.5734 us/op
WorkloadPilot    6: 512 op, 17926700.00 ns, 35.0131 us/op
WorkloadPilot    7: 1024 op, 34451100.00 ns, 33.6437 us/op
WorkloadPilot    8: 2048 op, 62532600.00 ns, 30.5335 us/op
WorkloadPilot    9: 4096 op, 23519100.00 ns, 5.7420 us/op
WorkloadPilot   10: 8192 op, 44488900.00 ns, 5.4308 us/op
WorkloadPilot   11: 16384 op, 83764900.00 ns, 5.1126 us/op
WorkloadPilot   12: 32768 op, 167019500.00 ns, 5.0970 us/op
WorkloadPilot   13: 65536 op, 332848200.00 ns, 5.0789 us/op
WorkloadPilot   14: 131072 op, 666884800.00 ns, 5.0879 us/op

OverheadWarmup   1: 131072 op, 166300.00 ns, 1.2688 ns/op
OverheadWarmup   2: 131072 op, 163600.00 ns, 1.2482 ns/op
OverheadWarmup   3: 131072 op, 162800.00 ns, 1.2421 ns/op
OverheadWarmup   4: 131072 op, 164600.00 ns, 1.2558 ns/op
OverheadWarmup   5: 131072 op, 164400.00 ns, 1.2543 ns/op
OverheadWarmup   6: 131072 op, 163900.00 ns, 1.2505 ns/op
OverheadWarmup   7: 131072 op, 164000.00 ns, 1.2512 ns/op
OverheadWarmup   8: 131072 op, 162700.00 ns, 1.2413 ns/op

OverheadActual   1: 131072 op, 164600.00 ns, 1.2558 ns/op
OverheadActual   2: 131072 op, 162100.00 ns, 1.2367 ns/op
OverheadActual   3: 131072 op, 167300.00 ns, 1.2764 ns/op
OverheadActual   4: 131072 op, 161900.00 ns, 1.2352 ns/op
OverheadActual   5: 131072 op, 161300.00 ns, 1.2306 ns/op
OverheadActual   6: 131072 op, 164500.00 ns, 1.2550 ns/op
OverheadActual   7: 131072 op, 161400.00 ns, 1.2314 ns/op
OverheadActual   8: 131072 op, 161700.00 ns, 1.2337 ns/op
OverheadActual   9: 131072 op, 161700.00 ns, 1.2337 ns/op
OverheadActual  10: 131072 op, 162000.00 ns, 1.2360 ns/op
OverheadActual  11: 131072 op, 162200.00 ns, 1.2375 ns/op
OverheadActual  12: 131072 op, 165300.00 ns, 1.2611 ns/op
OverheadActual  13: 131072 op, 162200.00 ns, 1.2375 ns/op
OverheadActual  14: 131072 op, 162200.00 ns, 1.2375 ns/op
OverheadActual  15: 131072 op, 165700.00 ns, 1.2642 ns/op

WorkloadWarmup   1: 131072 op, 668380500.00 ns, 5.0993 us/op
WorkloadWarmup   2: 131072 op, 666881600.00 ns, 5.0879 us/op
WorkloadWarmup   3: 131072 op, 664826200.00 ns, 5.0722 us/op

// BeforeActualRun
WorkloadActual   1: 131072 op, 667369300.00 ns, 5.0916 us/op
WorkloadActual   2: 131072 op, 666002100.00 ns, 5.0812 us/op
WorkloadActual   3: 131072 op, 663312300.00 ns, 5.0607 us/op
WorkloadActual   4: 131072 op, 664407500.00 ns, 5.0690 us/op
WorkloadActual   5: 131072 op, 667238600.00 ns, 5.0906 us/op

// AfterActualRun
WorkloadResult   1: 131072 op, 667207100.00 ns, 5.0904 us/op
WorkloadResult   2: 131072 op, 665839900.00 ns, 5.0800 us/op
WorkloadResult   3: 131072 op, 663150100.00 ns, 5.0594 us/op
WorkloadResult   4: 131072 op, 664245300.00 ns, 5.0678 us/op
WorkloadResult   5: 131072 op, 667076400.00 ns, 5.0894 us/op
// GC:  65 0 0 1087373312 131072
// Threading:  0 0 131072

// AfterAll
// Benchmark Process 11708 has exited with code 0.

Mean = 4.959 μs, StdErr = 0.027 μs (0.55%), N = 13, StdDev = 0.099 μs
Min = 4.869 μs, Q1 = 4.874 μs, Median = 4.899 μs, Q3 = 5.068 μs, Max = 5.090 μs
IQR = 0.194 μs, LowerFence = 4.583 μs, UpperFence = 5.358 μs
ConfidenceInterval = [4.840 μs; 5.077 μs] (CI 99.9%), Margin = 0.118 μs (2.38% of Mean)
Skewness = 0.4, Kurtosis = 1.09, MValue = 2

// ** Remained 10 (41.7%) benchmark(s) to run. Estimated finish 2026-09-16 12:13 (0h 4m from now) **
Setup power plan (GUID: 8c5e7fda-e8bf-4a96-9a85-a6e23a8c635c FriendlyName: High performance)
// **************************
// Benchmark: TechniquePrecompiledBenchmarks.String: ShortRun(IterationCount=5, LaunchCount=3, WarmupCount=3) [Workload=fragment-heavy]
// *** Execute ***
// Launch: 1 / 3
// Execute: dotnet Heddle.Benchmarks.Dotnet-ShortRun-1.dll --anonymousPipes 3656 2304 --benchmarkName "Heddle.Benchmarks.Dotnet.Bench.TechniquePrecompiledBenchmarks.String(Workload: \"fragment-heavy\")" --job ShortRun --benchmarkId 14 in E:\Work\Heddle\benchmarks\dotnet\bin\Release\net10.0\Heddle.Benchmarks.Dotnet-ShortRun-1\bin\Release\net10.0
// BeforeAnythingElse

// Benchmark Process Environment Information:
// BenchmarkDotNet v0.15.8
// Runtime=.NET 10.0.12 (10.0.12, 10.0.1226.42308), X64 RyuJIT x86-64-v4
// GC=Concurrent Workstation
// HardwareIntrinsics=AVX512 BITALG+VBMI2+VNNI+VPOPCNTDQ,AVX512 IFMA+VBMI,AVX512 F+BW+CD+DQ+VL,AVX2+BMI1+BMI2+F16C+FMA+LZCNT+MOVBE,AVX,SSE3+SSSE3+SSE4.1+SSE4.2+POPCNT,X86Base+SSE+SSE2,AES+PCLMUL,AvxVnni VectorSize=256
// Job: ShortRun(IterationCount=5, LaunchCount=3, WarmupCount=3)

OverheadJitting  1: 1 op, 155600.00 ns, 155.6000 us/op
WorkloadJitting  1: 1 op, 210700.00 ns, 210.7000 us/op

OverheadJitting  2: 16 op, 223800.00 ns, 13.9875 us/op
WorkloadJitting  2: 16 op, 726000.00 ns, 45.3750 us/op

WorkloadPilot    1: 16 op, 537800.00 ns, 33.6125 us/op
WorkloadPilot    2: 32 op, 1174000.00 ns, 36.6875 us/op
WorkloadPilot    3: 64 op, 2187300.00 ns, 34.1766 us/op
WorkloadPilot    4: 128 op, 4347500.00 ns, 33.9648 us/op
WorkloadPilot    5: 256 op, 9071500.00 ns, 35.4355 us/op
WorkloadPilot    6: 512 op, 18151400.00 ns, 35.4520 us/op
WorkloadPilot    7: 1024 op, 32095600.00 ns, 31.3434 us/op
WorkloadPilot    8: 2048 op, 64084200.00 ns, 31.2911 us/op
WorkloadPilot    9: 4096 op, 163905500.00 ns, 40.0160 us/op
WorkloadPilot   10: 8192 op, 85687800.00 ns, 10.4599 us/op
WorkloadPilot   11: 16384 op, 86612400.00 ns, 5.2864 us/op
WorkloadPilot   12: 32768 op, 169950100.00 ns, 5.1865 us/op
WorkloadPilot   13: 65536 op, 340935400.00 ns, 5.2023 us/op
WorkloadPilot   14: 131072 op, 680474000.00 ns, 5.1916 us/op

OverheadWarmup   1: 131072 op, 168700.00 ns, 1.2871 ns/op
OverheadWarmup   2: 131072 op, 163300.00 ns, 1.2459 ns/op
OverheadWarmup   3: 131072 op, 163500.00 ns, 1.2474 ns/op
OverheadWarmup   4: 131072 op, 162400.00 ns, 1.2390 ns/op
OverheadWarmup   5: 131072 op, 166500.00 ns, 1.2703 ns/op
OverheadWarmup   6: 131072 op, 163900.00 ns, 1.2505 ns/op

OverheadActual   1: 131072 op, 166700.00 ns, 1.2718 ns/op
OverheadActual   2: 131072 op, 164900.00 ns, 1.2581 ns/op
OverheadActual   3: 131072 op, 168000.00 ns, 1.2817 ns/op
OverheadActual   4: 131072 op, 166000.00 ns, 1.2665 ns/op
OverheadActual   5: 131072 op, 164900.00 ns, 1.2581 ns/op
OverheadActual   6: 131072 op, 163200.00 ns, 1.2451 ns/op
OverheadActual   7: 131072 op, 164700.00 ns, 1.2566 ns/op
OverheadActual   8: 131072 op, 163600.00 ns, 1.2482 ns/op
OverheadActual   9: 131072 op, 163400.00 ns, 1.2466 ns/op
OverheadActual  10: 131072 op, 164400.00 ns, 1.2543 ns/op
OverheadActual  11: 131072 op, 162900.00 ns, 1.2428 ns/op
OverheadActual  12: 131072 op, 163100.00 ns, 1.2444 ns/op
OverheadActual  13: 131072 op, 162200.00 ns, 1.2375 ns/op
OverheadActual  14: 131072 op, 255400.00 ns, 1.9485 ns/op
OverheadActual  15: 131072 op, 163400.00 ns, 1.2466 ns/op

WorkloadWarmup   1: 131072 op, 678510000.00 ns, 5.1766 us/op
WorkloadWarmup   2: 131072 op, 681435100.00 ns, 5.1989 us/op
WorkloadWarmup   3: 131072 op, 679674300.00 ns, 5.1855 us/op

// BeforeActualRun
WorkloadActual   1: 131072 op, 680881700.00 ns, 5.1947 us/op
WorkloadActual   2: 131072 op, 681856000.00 ns, 5.2021 us/op
WorkloadActual   3: 131072 op, 680193200.00 ns, 5.1895 us/op
WorkloadActual   4: 131072 op, 685641200.00 ns, 5.2310 us/op
WorkloadActual   5: 131072 op, 681960300.00 ns, 5.2029 us/op

// AfterActualRun
WorkloadResult   1: 131072 op, 680717300.00 ns, 5.1935 us/op
WorkloadResult   2: 131072 op, 681691600.00 ns, 5.2009 us/op
WorkloadResult   3: 131072 op, 680028800.00 ns, 5.1882 us/op
WorkloadResult   4: 131072 op, 681795900.00 ns, 5.2017 us/op
// GC:  265 12 0 4435476480 131072
// Threading:  0 0 131072

// AfterAll
// Benchmark Process 17496 has exited with code 0.
// Launch: 2 / 3
// Execute: dotnet Heddle.Benchmarks.Dotnet-ShortRun-1.dll --anonymousPipes 3452 2764 --benchmarkName "Heddle.Benchmarks.Dotnet.Bench.TechniquePrecompiledBenchmarks.String(Workload: \"fragment-heavy\")" --job ShortRun --benchmarkId 14 in E:\Work\Heddle\benchmarks\dotnet\bin\Release\net10.0\Heddle.Benchmarks.Dotnet-ShortRun-1\bin\Release\net10.0
// BeforeAnythingElse

// Benchmark Process Environment Information:
// BenchmarkDotNet v0.15.8
// Runtime=.NET 10.0.12 (10.0.12, 10.0.1226.42308), X64 RyuJIT x86-64-v4
// GC=Concurrent Workstation
// HardwareIntrinsics=AVX512 BITALG+VBMI2+VNNI+VPOPCNTDQ,AVX512 IFMA+VBMI,AVX512 F+BW+CD+DQ+VL,AVX2+BMI1+BMI2+F16C+FMA+LZCNT+MOVBE,AVX,SSE3+SSSE3+SSE4.1+SSE4.2+POPCNT,X86Base+SSE+SSE2,AES+PCLMUL,AvxVnni VectorSize=256
// Job: ShortRun(IterationCount=5, LaunchCount=3, WarmupCount=3)

OverheadJitting  1: 1 op, 146800.00 ns, 146.8000 us/op
WorkloadJitting  1: 1 op, 240000.00 ns, 240.0000 us/op

OverheadJitting  2: 16 op, 229600.00 ns, 14.3500 us/op
WorkloadJitting  2: 16 op, 736400.00 ns, 46.0250 us/op

WorkloadPilot    1: 16 op, 540100.00 ns, 33.7563 us/op
WorkloadPilot    2: 32 op, 1167900.00 ns, 36.4969 us/op
WorkloadPilot    3: 64 op, 2209400.00 ns, 34.5219 us/op
WorkloadPilot    4: 128 op, 4354700.00 ns, 34.0211 us/op
WorkloadPilot    5: 256 op, 9251000.00 ns, 36.1367 us/op
WorkloadPilot    6: 512 op, 18415900.00 ns, 35.9686 us/op
WorkloadPilot    7: 1024 op, 32476300.00 ns, 31.7151 us/op
WorkloadPilot    8: 2048 op, 89722000.00 ns, 43.8096 us/op
WorkloadPilot    9: 4096 op, 93733700.00 ns, 22.8842 us/op
WorkloadPilot   10: 8192 op, 46029700.00 ns, 5.6189 us/op
WorkloadPilot   11: 16384 op, 89687600.00 ns, 5.4741 us/op
WorkloadPilot   12: 32768 op, 178558800.00 ns, 5.4492 us/op
WorkloadPilot   13: 65536 op, 355596400.00 ns, 5.4260 us/op
WorkloadPilot   14: 131072 op, 712070800.00 ns, 5.4327 us/op

OverheadWarmup   1: 131072 op, 165000.00 ns, 1.2589 ns/op
OverheadWarmup   2: 131072 op, 164800.00 ns, 1.2573 ns/op
OverheadWarmup   3: 131072 op, 161500.00 ns, 1.2321 ns/op
OverheadWarmup   4: 131072 op, 164300.00 ns, 1.2535 ns/op
OverheadWarmup   5: 131072 op, 164600.00 ns, 1.2558 ns/op
OverheadWarmup   6: 131072 op, 163300.00 ns, 1.2459 ns/op
OverheadWarmup   7: 131072 op, 164900.00 ns, 1.2581 ns/op
OverheadWarmup   8: 131072 op, 164500.00 ns, 1.2550 ns/op

OverheadActual   1: 131072 op, 163500.00 ns, 1.2474 ns/op
OverheadActual   2: 131072 op, 163000.00 ns, 1.2436 ns/op
OverheadActual   3: 131072 op, 164000.00 ns, 1.2512 ns/op
OverheadActual   4: 131072 op, 164800.00 ns, 1.2573 ns/op
OverheadActual   5: 131072 op, 164300.00 ns, 1.2535 ns/op
OverheadActual   6: 131072 op, 166000.00 ns, 1.2665 ns/op
OverheadActual   7: 131072 op, 163000.00 ns, 1.2436 ns/op
OverheadActual   8: 131072 op, 168900.00 ns, 1.2886 ns/op
OverheadActual   9: 131072 op, 165300.00 ns, 1.2611 ns/op
OverheadActual  10: 131072 op, 163100.00 ns, 1.2444 ns/op
OverheadActual  11: 131072 op, 163700.00 ns, 1.2489 ns/op
OverheadActual  12: 131072 op, 163400.00 ns, 1.2466 ns/op
OverheadActual  13: 131072 op, 163400.00 ns, 1.2466 ns/op
OverheadActual  14: 131072 op, 164300.00 ns, 1.2535 ns/op
OverheadActual  15: 131072 op, 163900.00 ns, 1.2505 ns/op

WorkloadWarmup   1: 131072 op, 708084500.00 ns, 5.4023 us/op
WorkloadWarmup   2: 131072 op, 707216200.00 ns, 5.3956 us/op
WorkloadWarmup   3: 131072 op, 706105000.00 ns, 5.3872 us/op

// BeforeActualRun
WorkloadActual   1: 131072 op, 712685300.00 ns, 5.4374 us/op
WorkloadActual   2: 131072 op, 719465700.00 ns, 5.4891 us/op
WorkloadActual   3: 131072 op, 715206400.00 ns, 5.4566 us/op
WorkloadActual   4: 131072 op, 720449100.00 ns, 5.4966 us/op
WorkloadActual   5: 131072 op, 711716300.00 ns, 5.4300 us/op

// AfterActualRun
WorkloadResult   1: 131072 op, 712521400.00 ns, 5.4361 us/op
WorkloadResult   2: 131072 op, 719301800.00 ns, 5.4878 us/op
WorkloadResult   3: 131072 op, 715042500.00 ns, 5.4553 us/op
WorkloadResult   4: 131072 op, 720285200.00 ns, 5.4953 us/op
WorkloadResult   5: 131072 op, 711552400.00 ns, 5.4287 us/op
// GC:  265 12 0 4435476480 131072
// Threading:  0 0 131072

// AfterAll
// Benchmark Process 30180 has exited with code 0.
// Launch: 3 / 3
// Execute: dotnet Heddle.Benchmarks.Dotnet-ShortRun-1.dll --anonymousPipes 2332 3236 --benchmarkName "Heddle.Benchmarks.Dotnet.Bench.TechniquePrecompiledBenchmarks.String(Workload: \"fragment-heavy\")" --job ShortRun --benchmarkId 14 in E:\Work\Heddle\benchmarks\dotnet\bin\Release\net10.0\Heddle.Benchmarks.Dotnet-ShortRun-1\bin\Release\net10.0
// BeforeAnythingElse

// Benchmark Process Environment Information:
// BenchmarkDotNet v0.15.8
// Runtime=.NET 10.0.12 (10.0.12, 10.0.1226.42308), X64 RyuJIT x86-64-v4
// GC=Concurrent Workstation
// HardwareIntrinsics=AVX512 BITALG+VBMI2+VNNI+VPOPCNTDQ,AVX512 IFMA+VBMI,AVX512 F+BW+CD+DQ+VL,AVX2+BMI1+BMI2+F16C+FMA+LZCNT+MOVBE,AVX,SSE3+SSSE3+SSE4.1+SSE4.2+POPCNT,X86Base+SSE+SSE2,AES+PCLMUL,AvxVnni VectorSize=256
// Job: ShortRun(IterationCount=5, LaunchCount=3, WarmupCount=3)

OverheadJitting  1: 1 op, 149200.00 ns, 149.2000 us/op
WorkloadJitting  1: 1 op, 217700.00 ns, 217.7000 us/op

OverheadJitting  2: 16 op, 223700.00 ns, 13.9813 us/op
WorkloadJitting  2: 16 op, 727600.00 ns, 45.4750 us/op

WorkloadPilot    1: 16 op, 541000.00 ns, 33.8125 us/op
WorkloadPilot    2: 32 op, 1191900.00 ns, 37.2469 us/op
WorkloadPilot    3: 64 op, 2207900.00 ns, 34.4984 us/op
WorkloadPilot    4: 128 op, 4368400.00 ns, 34.1281 us/op
WorkloadPilot    5: 256 op, 9328100.00 ns, 36.4379 us/op
WorkloadPilot    6: 512 op, 18315200.00 ns, 35.7719 us/op
WorkloadPilot    7: 1024 op, 32315000.00 ns, 31.5576 us/op
WorkloadPilot    8: 2048 op, 74206800.00 ns, 36.2338 us/op
WorkloadPilot    9: 4096 op, 98118600.00 ns, 23.9547 us/op
WorkloadPilot   10: 8192 op, 47177500.00 ns, 5.7590 us/op
WorkloadPilot   11: 16384 op, 85451100.00 ns, 5.2155 us/op
WorkloadPilot   12: 32768 op, 171855700.00 ns, 5.2446 us/op
WorkloadPilot   13: 65536 op, 341331300.00 ns, 5.2083 us/op
WorkloadPilot   14: 131072 op, 684788300.00 ns, 5.2245 us/op

OverheadWarmup   1: 131072 op, 165500.00 ns, 1.2627 ns/op
OverheadWarmup   2: 131072 op, 164600.00 ns, 1.2558 ns/op
OverheadWarmup   3: 131072 op, 163700.00 ns, 1.2489 ns/op
OverheadWarmup   4: 131072 op, 162700.00 ns, 1.2413 ns/op
OverheadWarmup   5: 131072 op, 165000.00 ns, 1.2589 ns/op
OverheadWarmup   6: 131072 op, 163000.00 ns, 1.2436 ns/op
OverheadWarmup   7: 131072 op, 166100.00 ns, 1.2672 ns/op
OverheadWarmup   8: 131072 op, 163600.00 ns, 1.2482 ns/op

OverheadActual   1: 131072 op, 162900.00 ns, 1.2428 ns/op
OverheadActual   2: 131072 op, 164600.00 ns, 1.2558 ns/op
OverheadActual   3: 131072 op, 161300.00 ns, 1.2306 ns/op
OverheadActual   4: 131072 op, 164600.00 ns, 1.2558 ns/op
OverheadActual   5: 131072 op, 162900.00 ns, 1.2428 ns/op
OverheadActual   6: 131072 op, 161300.00 ns, 1.2306 ns/op
OverheadActual   7: 131072 op, 164200.00 ns, 1.2527 ns/op
OverheadActual   8: 131072 op, 161500.00 ns, 1.2321 ns/op
OverheadActual   9: 131072 op, 164800.00 ns, 1.2573 ns/op
OverheadActual  10: 131072 op, 163300.00 ns, 1.2459 ns/op
OverheadActual  11: 131072 op, 162500.00 ns, 1.2398 ns/op
OverheadActual  12: 131072 op, 165100.00 ns, 1.2596 ns/op
OverheadActual  13: 131072 op, 164100.00 ns, 1.2520 ns/op
OverheadActual  14: 131072 op, 162800.00 ns, 1.2421 ns/op
OverheadActual  15: 131072 op, 164000.00 ns, 1.2512 ns/op

WorkloadWarmup   1: 131072 op, 683866500.00 ns, 5.2175 us/op
WorkloadWarmup   2: 131072 op, 678963600.00 ns, 5.1801 us/op
WorkloadWarmup   3: 131072 op, 678118900.00 ns, 5.1736 us/op

// BeforeActualRun
WorkloadActual   1: 131072 op, 684089300.00 ns, 5.2192 us/op
WorkloadActual   2: 131072 op, 693231800.00 ns, 5.2889 us/op
WorkloadActual   3: 131072 op, 685020300.00 ns, 5.2263 us/op
WorkloadActual   4: 131072 op, 687421800.00 ns, 5.2446 us/op
WorkloadActual   5: 131072 op, 692787500.00 ns, 5.2855 us/op

// AfterActualRun
WorkloadResult   1: 131072 op, 683926000.00 ns, 5.2179 us/op
WorkloadResult   2: 131072 op, 693068500.00 ns, 5.2877 us/op
WorkloadResult   3: 131072 op, 684857000.00 ns, 5.2250 us/op
WorkloadResult   4: 131072 op, 687258500.00 ns, 5.2434 us/op
WorkloadResult   5: 131072 op, 692624200.00 ns, 5.2843 us/op
// GC:  265 12 0 4435476480 131072
// Threading:  0 0 131072

// AfterAll
// Benchmark Process 4404 has exited with code 0.

Mean = 5.310 μs, StdErr = 0.032 μs (0.61%), N = 14, StdDev = 0.121 μs
Min = 5.188 μs, Q1 = 5.206 μs, Median = 5.264 μs, Q3 = 5.434 μs, Max = 5.495 μs
IQR = 0.229 μs, LowerFence = 4.863 μs, UpperFence = 5.777 μs
ConfidenceInterval = [5.174 μs; 5.447 μs] (CI 99.9%), Margin = 0.137 μs (2.57% of Mean)
Skewness = 0.44, Kurtosis = 1.29, MValue = 2

// ** Remained 9 (37.5%) benchmark(s) to run. Estimated finish 2026-09-16 12:13 (0h 4m from now) **
Setup power plan (GUID: 8c5e7fda-e8bf-4a96-9a85-a6e23a8c635c FriendlyName: High performance)
// **************************
// Benchmark: TechniquePrecompiledBenchmarks.Utf8: ShortRun(IterationCount=5, LaunchCount=3, WarmupCount=3) [Workload=large-loop]
// *** Execute ***
// Launch: 1 / 3
// Execute: dotnet Heddle.Benchmarks.Dotnet-ShortRun-1.dll --anonymousPipes 4688 4352 --benchmarkName "Heddle.Benchmarks.Dotnet.Bench.TechniquePrecompiledBenchmarks.Utf8(Workload: \"large-loop\")" --job ShortRun --benchmarkId 15 in E:\Work\Heddle\benchmarks\dotnet\bin\Release\net10.0\Heddle.Benchmarks.Dotnet-ShortRun-1\bin\Release\net10.0
// BeforeAnythingElse

// Benchmark Process Environment Information:
// BenchmarkDotNet v0.15.8
// Runtime=.NET 10.0.12 (10.0.12, 10.0.1226.42308), X64 RyuJIT x86-64-v4
// GC=Concurrent Workstation
// HardwareIntrinsics=AVX512 BITALG+VBMI2+VNNI+VPOPCNTDQ,AVX512 IFMA+VBMI,AVX512 F+BW+CD+DQ+VL,AVX2+BMI1+BMI2+F16C+FMA+LZCNT+MOVBE,AVX,SSE3+SSSE3+SSE4.1+SSE4.2+POPCNT,X86Base+SSE+SSE2,AES+PCLMUL,AvxVnni VectorSize=256
// Job: ShortRun(IterationCount=5, LaunchCount=3, WarmupCount=3)

OverheadJitting  1: 1 op, 137100.00 ns, 137.1000 us/op
WorkloadJitting  1: 1 op, 1161600.00 ns, 1.1616 ms/op

OverheadJitting  2: 16 op, 228800.00 ns, 14.3000 us/op
WorkloadJitting  2: 16 op, 17842300.00 ns, 1.1151 ms/op

WorkloadPilot    1: 16 op, 15957200.00 ns, 997.3250 us/op
WorkloadPilot    2: 32 op, 32504800.00 ns, 1.0158 ms/op
WorkloadPilot    3: 64 op, 61590500.00 ns, 962.3516 us/op
WorkloadPilot    4: 128 op, 122513600.00 ns, 957.1375 us/op
WorkloadPilot    5: 256 op, 121648900.00 ns, 475.1910 us/op
WorkloadPilot    6: 512 op, 89840300.00 ns, 175.4693 us/op
WorkloadPilot    7: 1024 op, 177730700.00 ns, 173.5651 us/op
WorkloadPilot    8: 2048 op, 354618800.00 ns, 173.1537 us/op
WorkloadPilot    9: 4096 op, 709147100.00 ns, 173.1316 us/op

OverheadWarmup   1: 4096 op, 7100.00 ns, 1.7334 ns/op
OverheadWarmup   2: 4096 op, 5600.00 ns, 1.3672 ns/op
OverheadWarmup   3: 4096 op, 5200.00 ns, 1.2695 ns/op
OverheadWarmup   4: 4096 op, 5200.00 ns, 1.2695 ns/op
OverheadWarmup   5: 4096 op, 5100.00 ns, 1.2451 ns/op
OverheadWarmup   6: 4096 op, 5200.00 ns, 1.2695 ns/op
OverheadWarmup   7: 4096 op, 5200.00 ns, 1.2695 ns/op

OverheadActual   1: 4096 op, 5500.00 ns, 1.3428 ns/op
OverheadActual   2: 4096 op, 5400.00 ns, 1.3184 ns/op
OverheadActual   3: 4096 op, 5500.00 ns, 1.3428 ns/op
OverheadActual   4: 4096 op, 5300.00 ns, 1.2939 ns/op
OverheadActual   5: 4096 op, 5500.00 ns, 1.3428 ns/op
OverheadActual   6: 4096 op, 5300.00 ns, 1.2939 ns/op
OverheadActual   7: 4096 op, 5300.00 ns, 1.2939 ns/op
OverheadActual   8: 4096 op, 5300.00 ns, 1.2939 ns/op
OverheadActual   9: 4096 op, 5500.00 ns, 1.3428 ns/op
OverheadActual  10: 4096 op, 5500.00 ns, 1.3428 ns/op
OverheadActual  11: 4096 op, 5200.00 ns, 1.2695 ns/op
OverheadActual  12: 4096 op, 5400.00 ns, 1.3184 ns/op
OverheadActual  13: 4096 op, 5200.00 ns, 1.2695 ns/op
OverheadActual  14: 4096 op, 5200.00 ns, 1.2695 ns/op
OverheadActual  15: 4096 op, 5100.00 ns, 1.2451 ns/op

WorkloadWarmup   1: 4096 op, 708366900.00 ns, 172.9411 us/op
WorkloadWarmup   2: 4096 op, 705552300.00 ns, 172.2540 us/op
WorkloadWarmup   3: 4096 op, 705848900.00 ns, 172.3264 us/op

// BeforeActualRun
WorkloadActual   1: 4096 op, 709175900.00 ns, 173.1386 us/op
WorkloadActual   2: 4096 op, 709594900.00 ns, 173.2409 us/op
WorkloadActual   3: 4096 op, 711870800.00 ns, 173.7966 us/op
WorkloadActual   4: 4096 op, 712092400.00 ns, 173.8507 us/op
WorkloadActual   5: 4096 op, 709288100.00 ns, 173.1660 us/op

// AfterActualRun
WorkloadResult   1: 4096 op, 709170600.00 ns, 173.1374 us/op
WorkloadResult   2: 4096 op, 709589600.00 ns, 173.2396 us/op
WorkloadResult   3: 4096 op, 711865500.00 ns, 173.7953 us/op
WorkloadResult   4: 4096 op, 712087100.00 ns, 173.8494 us/op
WorkloadResult   5: 4096 op, 709282800.00 ns, 173.1647 us/op
// GC:  161 0 0 2706964480 4096
// Threading:  0 0 4096

// AfterAll
// Benchmark Process 30060 has exited with code 0.
// Launch: 2 / 3
// Execute: dotnet Heddle.Benchmarks.Dotnet-ShortRun-1.dll --anonymousPipes 4640 4644 --benchmarkName "Heddle.Benchmarks.Dotnet.Bench.TechniquePrecompiledBenchmarks.Utf8(Workload: \"large-loop\")" --job ShortRun --benchmarkId 15 in E:\Work\Heddle\benchmarks\dotnet\bin\Release\net10.0\Heddle.Benchmarks.Dotnet-ShortRun-1\bin\Release\net10.0
// BeforeAnythingElse

// Benchmark Process Environment Information:
// BenchmarkDotNet v0.15.8
// Runtime=.NET 10.0.12 (10.0.12, 10.0.1226.42308), X64 RyuJIT x86-64-v4
// GC=Concurrent Workstation
// HardwareIntrinsics=AVX512 BITALG+VBMI2+VNNI+VPOPCNTDQ,AVX512 IFMA+VBMI,AVX512 F+BW+CD+DQ+VL,AVX2+BMI1+BMI2+F16C+FMA+LZCNT+MOVBE,AVX,SSE3+SSSE3+SSE4.1+SSE4.2+POPCNT,X86Base+SSE+SSE2,AES+PCLMUL,AvxVnni VectorSize=256
// Job: ShortRun(IterationCount=5, LaunchCount=3, WarmupCount=3)

OverheadJitting  1: 1 op, 129500.00 ns, 129.5000 us/op
WorkloadJitting  1: 1 op, 1170600.00 ns, 1.1706 ms/op

OverheadJitting  2: 16 op, 246400.00 ns, 15.4000 us/op
WorkloadJitting  2: 16 op, 17685800.00 ns, 1.1054 ms/op

WorkloadPilot    1: 16 op, 16130500.00 ns, 1.0082 ms/op
WorkloadPilot    2: 32 op, 32230300.00 ns, 1.0072 ms/op
WorkloadPilot    3: 64 op, 60748900.00 ns, 949.2016 us/op
WorkloadPilot    4: 128 op, 119410800.00 ns, 932.8969 us/op
WorkloadPilot    5: 256 op, 115564800.00 ns, 451.4250 us/op
WorkloadPilot    6: 512 op, 86429500.00 ns, 168.8076 us/op
WorkloadPilot    7: 1024 op, 173207400.00 ns, 169.1479 us/op
WorkloadPilot    8: 2048 op, 343513200.00 ns, 167.7311 us/op
WorkloadPilot    9: 4096 op, 691185900.00 ns, 168.7466 us/op

OverheadWarmup   1: 4096 op, 6700.00 ns, 1.6357 ns/op
OverheadWarmup   2: 4096 op, 5300.00 ns, 1.2939 ns/op
OverheadWarmup   3: 4096 op, 5200.00 ns, 1.2695 ns/op
OverheadWarmup   4: 4096 op, 5400.00 ns, 1.3184 ns/op
OverheadWarmup   5: 4096 op, 5300.00 ns, 1.2939 ns/op
OverheadWarmup   6: 4096 op, 5300.00 ns, 1.2939 ns/op
OverheadWarmup   7: 4096 op, 5200.00 ns, 1.2695 ns/op

OverheadActual   1: 4096 op, 5500.00 ns, 1.3428 ns/op
OverheadActual   2: 4096 op, 5300.00 ns, 1.2939 ns/op
OverheadActual   3: 4096 op, 5100.00 ns, 1.2451 ns/op
OverheadActual   4: 4096 op, 5500.00 ns, 1.3428 ns/op
OverheadActual   5: 4096 op, 5100.00 ns, 1.2451 ns/op
OverheadActual   6: 4096 op, 5300.00 ns, 1.2939 ns/op
OverheadActual   7: 4096 op, 5100.00 ns, 1.2451 ns/op
OverheadActual   8: 4096 op, 5400.00 ns, 1.3184 ns/op
OverheadActual   9: 4096 op, 5200.00 ns, 1.2695 ns/op
OverheadActual  10: 4096 op, 5600.00 ns, 1.3672 ns/op
OverheadActual  11: 4096 op, 5100.00 ns, 1.2451 ns/op
OverheadActual  12: 4096 op, 5400.00 ns, 1.3184 ns/op
OverheadActual  13: 4096 op, 5200.00 ns, 1.2695 ns/op
OverheadActual  14: 4096 op, 5200.00 ns, 1.2695 ns/op
OverheadActual  15: 4096 op, 5300.00 ns, 1.2939 ns/op

WorkloadWarmup   1: 4096 op, 687241800.00 ns, 167.7836 us/op
WorkloadWarmup   2: 4096 op, 681598100.00 ns, 166.4058 us/op
WorkloadWarmup   3: 4096 op, 680349500.00 ns, 166.1010 us/op

// BeforeActualRun
WorkloadActual   1: 4096 op, 682797500.00 ns, 166.6986 us/op
WorkloadActual   2: 4096 op, 685000300.00 ns, 167.2364 us/op
WorkloadActual   3: 4096 op, 685738500.00 ns, 167.4166 us/op
WorkloadActual   4: 4096 op, 683891400.00 ns, 166.9657 us/op
WorkloadActual   5: 4096 op, 686187100.00 ns, 167.5261 us/op

// AfterActualRun
WorkloadResult   1: 4096 op, 682792200.00 ns, 166.6973 us/op
WorkloadResult   2: 4096 op, 684995000.00 ns, 167.2351 us/op
WorkloadResult   3: 4096 op, 685733200.00 ns, 167.4153 us/op
WorkloadResult   4: 4096 op, 683886100.00 ns, 166.9644 us/op
WorkloadResult   5: 4096 op, 686181800.00 ns, 167.5249 us/op
// GC:  161 0 0 2706964480 4096
// Threading:  0 0 4096

// AfterAll
// Benchmark Process 26388 has exited with code 0.
// Launch: 3 / 3
// Execute: dotnet Heddle.Benchmarks.Dotnet-ShortRun-1.dll --anonymousPipes 3592 3656 --benchmarkName "Heddle.Benchmarks.Dotnet.Bench.TechniquePrecompiledBenchmarks.Utf8(Workload: \"large-loop\")" --job ShortRun --benchmarkId 15 in E:\Work\Heddle\benchmarks\dotnet\bin\Release\net10.0\Heddle.Benchmarks.Dotnet-ShortRun-1\bin\Release\net10.0
// BeforeAnythingElse

// Benchmark Process Environment Information:
// BenchmarkDotNet v0.15.8
// Runtime=.NET 10.0.12 (10.0.12, 10.0.1226.42308), X64 RyuJIT x86-64-v4
// GC=Concurrent Workstation
// HardwareIntrinsics=AVX512 BITALG+VBMI2+VNNI+VPOPCNTDQ,AVX512 IFMA+VBMI,AVX512 F+BW+CD+DQ+VL,AVX2+BMI1+BMI2+F16C+FMA+LZCNT+MOVBE,AVX,SSE3+SSSE3+SSE4.1+SSE4.2+POPCNT,X86Base+SSE+SSE2,AES+PCLMUL,AvxVnni VectorSize=256
// Job: ShortRun(IterationCount=5, LaunchCount=3, WarmupCount=3)

OverheadJitting  1: 1 op, 129400.00 ns, 129.4000 us/op
WorkloadJitting  1: 1 op, 1181300.00 ns, 1.1813 ms/op

OverheadJitting  2: 16 op, 231300.00 ns, 14.4563 us/op
WorkloadJitting  2: 16 op, 17737000.00 ns, 1.1086 ms/op

WorkloadPilot    1: 16 op, 16377300.00 ns, 1.0236 ms/op
WorkloadPilot    2: 32 op, 33078900.00 ns, 1.0337 ms/op
WorkloadPilot    3: 64 op, 62011000.00 ns, 968.9219 us/op
WorkloadPilot    4: 128 op, 123123500.00 ns, 961.9023 us/op
WorkloadPilot    5: 256 op, 117432800.00 ns, 458.7219 us/op
WorkloadPilot    6: 512 op, 87517700.00 ns, 170.9330 us/op
WorkloadPilot    7: 1024 op, 174216500.00 ns, 170.1333 us/op
WorkloadPilot    8: 2048 op, 350256000.00 ns, 171.0234 us/op
WorkloadPilot    9: 4096 op, 693996200.00 ns, 169.4327 us/op

OverheadWarmup   1: 4096 op, 7000.00 ns, 1.7090 ns/op
OverheadWarmup   2: 4096 op, 5500.00 ns, 1.3428 ns/op
OverheadWarmup   3: 4096 op, 5400.00 ns, 1.3184 ns/op
OverheadWarmup   4: 4096 op, 5200.00 ns, 1.2695 ns/op
OverheadWarmup   5: 4096 op, 5500.00 ns, 1.3428 ns/op
OverheadWarmup   6: 4096 op, 5300.00 ns, 1.2939 ns/op
OverheadWarmup   7: 4096 op, 5500.00 ns, 1.3428 ns/op
OverheadWarmup   8: 4096 op, 5300.00 ns, 1.2939 ns/op

OverheadActual   1: 4096 op, 5200.00 ns, 1.2695 ns/op
OverheadActual   2: 4096 op, 5400.00 ns, 1.3184 ns/op
OverheadActual   3: 4096 op, 5400.00 ns, 1.3184 ns/op
OverheadActual   4: 4096 op, 5300.00 ns, 1.2939 ns/op
OverheadActual   5: 4096 op, 5400.00 ns, 1.3184 ns/op
OverheadActual   6: 4096 op, 5400.00 ns, 1.3184 ns/op
OverheadActual   7: 4096 op, 5300.00 ns, 1.2939 ns/op
OverheadActual   8: 4096 op, 5200.00 ns, 1.2695 ns/op
OverheadActual   9: 4096 op, 5800.00 ns, 1.4160 ns/op
OverheadActual  10: 4096 op, 5200.00 ns, 1.2695 ns/op
OverheadActual  11: 4096 op, 5300.00 ns, 1.2939 ns/op
OverheadActual  12: 4096 op, 5200.00 ns, 1.2695 ns/op
OverheadActual  13: 4096 op, 5200.00 ns, 1.2695 ns/op
OverheadActual  14: 4096 op, 5300.00 ns, 1.2939 ns/op
OverheadActual  15: 4096 op, 5100.00 ns, 1.2451 ns/op

WorkloadWarmup   1: 4096 op, 697273200.00 ns, 170.2327 us/op
WorkloadWarmup   2: 4096 op, 692295700.00 ns, 169.0175 us/op
WorkloadWarmup   3: 4096 op, 691533900.00 ns, 168.8315 us/op

// BeforeActualRun
WorkloadActual   1: 4096 op, 693623900.00 ns, 169.3418 us/op
WorkloadActual   2: 4096 op, 695195300.00 ns, 169.7254 us/op
WorkloadActual   3: 4096 op, 694883600.00 ns, 169.6493 us/op
WorkloadActual   4: 4096 op, 695640200.00 ns, 169.8340 us/op
WorkloadActual   5: 4096 op, 694382200.00 ns, 169.5269 us/op

// AfterActualRun
WorkloadResult   1: 4096 op, 693618600.00 ns, 169.3405 us/op
WorkloadResult   2: 4096 op, 695190000.00 ns, 169.7241 us/op
WorkloadResult   3: 4096 op, 694878300.00 ns, 169.6480 us/op
WorkloadResult   4: 4096 op, 695634900.00 ns, 169.8327 us/op
WorkloadResult   5: 4096 op, 694376900.00 ns, 169.5256 us/op
// GC:  161 0 0 2706964480 4096
// Threading:  0 0 4096

// AfterAll
// Benchmark Process 16728 has exited with code 0.

Mean = 170.073 μs, StdErr = 0.693 μs (0.41%), N = 15, StdDev = 2.685 μs
Min = 166.697 μs, Q1 = 167.470 μs, Median = 169.648 μs, Q3 = 173.151 μs, Max = 173.849 μs
IQR = 5.681 μs, LowerFence = 158.949 μs, UpperFence = 181.672 μs
ConfidenceInterval = [167.202 μs; 172.944 μs] (CI 99.9%), Margin = 2.871 μs (1.69% of Mean)
Skewness = 0.23, Kurtosis = 1.35, MValue = 2

// ** Remained 8 (33.3%) benchmark(s) to run. Estimated finish 2026-09-16 12:13 (0h 3m from now) **
Setup power plan (GUID: 8c5e7fda-e8bf-4a96-9a85-a6e23a8c635c FriendlyName: High performance)
// **************************
// Benchmark: TechniquePrecompiledBenchmarks.TextWriter: ShortRun(IterationCount=5, LaunchCount=3, WarmupCount=3) [Workload=large-loop]
// *** Execute ***
// Launch: 1 / 3
// Execute: dotnet Heddle.Benchmarks.Dotnet-ShortRun-1.dll --anonymousPipes 4644 4640 --benchmarkName "Heddle.Benchmarks.Dotnet.Bench.TechniquePrecompiledBenchmarks.TextWriter(Workload: \"large-loop\")" --job ShortRun --benchmarkId 16 in E:\Work\Heddle\benchmarks\dotnet\bin\Release\net10.0\Heddle.Benchmarks.Dotnet-ShortRun-1\bin\Release\net10.0
// BeforeAnythingElse

// Benchmark Process Environment Information:
// BenchmarkDotNet v0.15.8
// Runtime=.NET 10.0.12 (10.0.12, 10.0.1226.42308), X64 RyuJIT x86-64-v4
// GC=Concurrent Workstation
// HardwareIntrinsics=AVX512 BITALG+VBMI2+VNNI+VPOPCNTDQ,AVX512 IFMA+VBMI,AVX512 F+BW+CD+DQ+VL,AVX2+BMI1+BMI2+F16C+FMA+LZCNT+MOVBE,AVX,SSE3+SSSE3+SSE4.1+SSE4.2+POPCNT,X86Base+SSE+SSE2,AES+PCLMUL,AvxVnni VectorSize=256
// Job: ShortRun(IterationCount=5, LaunchCount=3, WarmupCount=3)

OverheadJitting  1: 1 op, 139600.00 ns, 139.6000 us/op
WorkloadJitting  1: 1 op, 1077500.00 ns, 1.0775 ms/op

OverheadJitting  2: 16 op, 231300.00 ns, 14.4563 us/op
WorkloadJitting  2: 16 op, 15500800.00 ns, 968.8000 us/op

WorkloadPilot    1: 16 op, 13832300.00 ns, 864.5188 us/op
WorkloadPilot    2: 32 op, 28261300.00 ns, 883.1656 us/op
WorkloadPilot    3: 64 op, 52999200.00 ns, 828.1125 us/op
WorkloadPilot    4: 128 op, 107188200.00 ns, 837.4078 us/op
WorkloadPilot    5: 256 op, 54596300.00 ns, 213.2668 us/op
WorkloadPilot    6: 512 op, 72350500.00 ns, 141.3096 us/op
WorkloadPilot    7: 1024 op, 144230500.00 ns, 140.8501 us/op
WorkloadPilot    8: 2048 op, 285677600.00 ns, 139.4910 us/op
WorkloadPilot    9: 4096 op, 571910100.00 ns, 139.6265 us/op

OverheadWarmup   1: 4096 op, 7000.00 ns, 1.7090 ns/op
OverheadWarmup   2: 4096 op, 5500.00 ns, 1.3428 ns/op
OverheadWarmup   3: 4096 op, 5400.00 ns, 1.3184 ns/op
OverheadWarmup   4: 4096 op, 5200.00 ns, 1.2695 ns/op
OverheadWarmup   5: 4096 op, 5400.00 ns, 1.3184 ns/op
OverheadWarmup   6: 4096 op, 5300.00 ns, 1.2939 ns/op
OverheadWarmup   7: 4096 op, 5300.00 ns, 1.2939 ns/op
OverheadWarmup   8: 4096 op, 5100.00 ns, 1.2451 ns/op

OverheadActual   1: 4096 op, 5400.00 ns, 1.3184 ns/op
OverheadActual   2: 4096 op, 5200.00 ns, 1.2695 ns/op
OverheadActual   3: 4096 op, 5400.00 ns, 1.3184 ns/op
OverheadActual   4: 4096 op, 5200.00 ns, 1.2695 ns/op
OverheadActual   5: 4096 op, 5400.00 ns, 1.3184 ns/op
OverheadActual   6: 4096 op, 5300.00 ns, 1.2939 ns/op
OverheadActual   7: 4096 op, 5200.00 ns, 1.2695 ns/op
OverheadActual   8: 4096 op, 5200.00 ns, 1.2695 ns/op
OverheadActual   9: 4096 op, 5900.00 ns, 1.4404 ns/op
OverheadActual  10: 4096 op, 5200.00 ns, 1.2695 ns/op
OverheadActual  11: 4096 op, 5200.00 ns, 1.2695 ns/op
OverheadActual  12: 4096 op, 5100.00 ns, 1.2451 ns/op
OverheadActual  13: 4096 op, 5200.00 ns, 1.2695 ns/op
OverheadActual  14: 4096 op, 5100.00 ns, 1.2451 ns/op
OverheadActual  15: 4096 op, 5400.00 ns, 1.3184 ns/op

WorkloadWarmup   1: 4096 op, 573484700.00 ns, 140.0109 us/op
WorkloadWarmup   2: 4096 op, 572143700.00 ns, 139.6835 us/op
WorkloadWarmup   3: 4096 op, 569481900.00 ns, 139.0337 us/op

// BeforeActualRun
WorkloadActual   1: 4096 op, 568353000.00 ns, 138.7581 us/op
WorkloadActual   2: 4096 op, 574229400.00 ns, 140.1927 us/op
WorkloadActual   3: 4096 op, 571289000.00 ns, 139.4749 us/op
WorkloadActual   4: 4096 op, 571793900.00 ns, 139.5981 us/op
WorkloadActual   5: 4096 op, 570595900.00 ns, 139.3056 us/op

// AfterActualRun
WorkloadResult   1: 4096 op, 568347800.00 ns, 138.7568 us/op
WorkloadResult   2: 4096 op, 571283800.00 ns, 139.4736 us/op
WorkloadResult   3: 4096 op, 571788700.00 ns, 139.5969 us/op
WorkloadResult   4: 4096 op, 570590700.00 ns, 139.3044 us/op
// GC:  161 0 0 2706931712 4096
// Threading:  0 0 4096

// AfterAll
// Benchmark Process 24564 has exited with code 0.
// Launch: 2 / 3
// Execute: dotnet Heddle.Benchmarks.Dotnet-ShortRun-1.dll --anonymousPipes 3620 1384 --benchmarkName "Heddle.Benchmarks.Dotnet.Bench.TechniquePrecompiledBenchmarks.TextWriter(Workload: \"large-loop\")" --job ShortRun --benchmarkId 16 in E:\Work\Heddle\benchmarks\dotnet\bin\Release\net10.0\Heddle.Benchmarks.Dotnet-ShortRun-1\bin\Release\net10.0
// BeforeAnythingElse

// Benchmark Process Environment Information:
// BenchmarkDotNet v0.15.8
// Runtime=.NET 10.0.12 (10.0.12, 10.0.1226.42308), X64 RyuJIT x86-64-v4
// GC=Concurrent Workstation
// HardwareIntrinsics=AVX512 BITALG+VBMI2+VNNI+VPOPCNTDQ,AVX512 IFMA+VBMI,AVX512 F+BW+CD+DQ+VL,AVX2+BMI1+BMI2+F16C+FMA+LZCNT+MOVBE,AVX,SSE3+SSSE3+SSE4.1+SSE4.2+POPCNT,X86Base+SSE+SSE2,AES+PCLMUL,AvxVnni VectorSize=256
// Job: ShortRun(IterationCount=5, LaunchCount=3, WarmupCount=3)

OverheadJitting  1: 1 op, 193600.00 ns, 193.6000 us/op
WorkloadJitting  1: 1 op, 1056800.00 ns, 1.0568 ms/op

OverheadJitting  2: 16 op, 228600.00 ns, 14.2875 us/op
WorkloadJitting  2: 16 op, 15632700.00 ns, 977.0438 us/op

WorkloadPilot    1: 16 op, 14026700.00 ns, 876.6688 us/op
WorkloadPilot    2: 32 op, 28611800.00 ns, 894.1188 us/op
WorkloadPilot    3: 64 op, 54112100.00 ns, 845.5016 us/op
WorkloadPilot    4: 128 op, 110104600.00 ns, 860.1922 us/op
WorkloadPilot    5: 256 op, 53291900.00 ns, 208.1715 us/op
WorkloadPilot    6: 512 op, 71387300.00 ns, 139.4283 us/op
WorkloadPilot    7: 1024 op, 142623300.00 ns, 139.2806 us/op
WorkloadPilot    8: 2048 op, 287074600.00 ns, 140.1731 us/op
WorkloadPilot    9: 4096 op, 570844300.00 ns, 139.3663 us/op

OverheadWarmup   1: 4096 op, 7300.00 ns, 1.7822 ns/op
OverheadWarmup   2: 4096 op, 5100.00 ns, 1.2451 ns/op
OverheadWarmup   3: 4096 op, 5500.00 ns, 1.3428 ns/op
OverheadWarmup   4: 4096 op, 5500.00 ns, 1.3428 ns/op
OverheadWarmup   5: 4096 op, 5100.00 ns, 1.2451 ns/op
OverheadWarmup   6: 4096 op, 5200.00 ns, 1.2695 ns/op

OverheadActual   1: 4096 op, 5500.00 ns, 1.3428 ns/op
OverheadActual   2: 4096 op, 5500.00 ns, 1.3428 ns/op
OverheadActual   3: 4096 op, 5500.00 ns, 1.3428 ns/op
OverheadActual   4: 4096 op, 5400.00 ns, 1.3184 ns/op
OverheadActual   5: 4096 op, 5400.00 ns, 1.3184 ns/op
OverheadActual   6: 4096 op, 5600.00 ns, 1.3672 ns/op
OverheadActual   7: 4096 op, 5200.00 ns, 1.2695 ns/op
OverheadActual   8: 4096 op, 5400.00 ns, 1.3184 ns/op
OverheadActual   9: 4096 op, 5500.00 ns, 1.3428 ns/op
OverheadActual  10: 4096 op, 5200.00 ns, 1.2695 ns/op
OverheadActual  11: 4096 op, 5900.00 ns, 1.4404 ns/op
OverheadActual  12: 4096 op, 5200.00 ns, 1.2695 ns/op
OverheadActual  13: 4096 op, 5200.00 ns, 1.2695 ns/op
OverheadActual  14: 4096 op, 5200.00 ns, 1.2695 ns/op
OverheadActual  15: 4096 op, 5100.00 ns, 1.2451 ns/op

WorkloadWarmup   1: 4096 op, 569750300.00 ns, 139.0992 us/op
WorkloadWarmup   2: 4096 op, 565851400.00 ns, 138.1473 us/op
WorkloadWarmup   3: 4096 op, 565193800.00 ns, 137.9868 us/op

// BeforeActualRun
WorkloadActual   1: 4096 op, 565389700.00 ns, 138.0346 us/op
WorkloadActual   2: 4096 op, 568778300.00 ns, 138.8619 us/op
WorkloadActual   3: 4096 op, 571363400.00 ns, 139.4930 us/op
WorkloadActual   4: 4096 op, 569171400.00 ns, 138.9579 us/op
WorkloadActual   5: 4096 op, 569797600.00 ns, 139.1107 us/op

// AfterActualRun
WorkloadResult   1: 4096 op, 565384300.00 ns, 138.0333 us/op
WorkloadResult   2: 4096 op, 568772900.00 ns, 138.8606 us/op
WorkloadResult   3: 4096 op, 569166000.00 ns, 138.9565 us/op
WorkloadResult   4: 4096 op, 569792200.00 ns, 139.1094 us/op
// GC:  161 0 0 2706931712 4096
// Threading:  0 0 4096

// AfterAll
// Benchmark Process 3560 has exited with code 0.
// Launch: 3 / 3
// Execute: dotnet Heddle.Benchmarks.Dotnet-ShortRun-1.dll --anonymousPipes 3356 4644 --benchmarkName "Heddle.Benchmarks.Dotnet.Bench.TechniquePrecompiledBenchmarks.TextWriter(Workload: \"large-loop\")" --job ShortRun --benchmarkId 16 in E:\Work\Heddle\benchmarks\dotnet\bin\Release\net10.0\Heddle.Benchmarks.Dotnet-ShortRun-1\bin\Release\net10.0
// BeforeAnythingElse

// Benchmark Process Environment Information:
// BenchmarkDotNet v0.15.8
// Runtime=.NET 10.0.12 (10.0.12, 10.0.1226.42308), X64 RyuJIT x86-64-v4
// GC=Concurrent Workstation
// HardwareIntrinsics=AVX512 BITALG+VBMI2+VNNI+VPOPCNTDQ,AVX512 IFMA+VBMI,AVX512 F+BW+CD+DQ+VL,AVX2+BMI1+BMI2+F16C+FMA+LZCNT+MOVBE,AVX,SSE3+SSSE3+SSE4.1+SSE4.2+POPCNT,X86Base+SSE+SSE2,AES+PCLMUL,AvxVnni VectorSize=256
// Job: ShortRun(IterationCount=5, LaunchCount=3, WarmupCount=3)

OverheadJitting  1: 1 op, 137100.00 ns, 137.1000 us/op
WorkloadJitting  1: 1 op, 1077500.00 ns, 1.0775 ms/op

OverheadJitting  2: 16 op, 232800.00 ns, 14.5500 us/op
WorkloadJitting  2: 16 op, 15803000.00 ns, 987.6875 us/op

WorkloadPilot    1: 16 op, 14075700.00 ns, 879.7313 us/op
WorkloadPilot    2: 32 op, 28575000.00 ns, 892.9688 us/op
WorkloadPilot    3: 64 op, 52684100.00 ns, 823.1891 us/op
WorkloadPilot    4: 128 op, 46744600.00 ns, 365.1922 us/op
WorkloadPilot    5: 256 op, 38924600.00 ns, 152.0492 us/op
WorkloadPilot    6: 512 op, 74849100.00 ns, 146.1896 us/op
WorkloadPilot    7: 1024 op, 150049100.00 ns, 146.5323 us/op
WorkloadPilot    8: 2048 op, 298298600.00 ns, 145.6536 us/op
WorkloadPilot    9: 4096 op, 595439700.00 ns, 145.3710 us/op

OverheadWarmup   1: 4096 op, 6700.00 ns, 1.6357 ns/op
OverheadWarmup   2: 4096 op, 5400.00 ns, 1.3184 ns/op
OverheadWarmup   3: 4096 op, 5500.00 ns, 1.3428 ns/op
OverheadWarmup   4: 4096 op, 5500.00 ns, 1.3428 ns/op
OverheadWarmup   5: 4096 op, 5200.00 ns, 1.2695 ns/op
OverheadWarmup   6: 4096 op, 5400.00 ns, 1.3184 ns/op

OverheadActual   1: 4096 op, 5500.00 ns, 1.3428 ns/op
OverheadActual   2: 4096 op, 5400.00 ns, 1.3184 ns/op
OverheadActual   3: 4096 op, 5600.00 ns, 1.3672 ns/op
OverheadActual   4: 4096 op, 5400.00 ns, 1.3184 ns/op
OverheadActual   5: 4096 op, 5400.00 ns, 1.3184 ns/op
OverheadActual   6: 4096 op, 5200.00 ns, 1.2695 ns/op
OverheadActual   7: 4096 op, 5400.00 ns, 1.3184 ns/op
OverheadActual   8: 4096 op, 5300.00 ns, 1.2939 ns/op
OverheadActual   9: 4096 op, 5200.00 ns, 1.2695 ns/op
OverheadActual  10: 4096 op, 5200.00 ns, 1.2695 ns/op
OverheadActual  11: 4096 op, 5800.00 ns, 1.4160 ns/op
OverheadActual  12: 4096 op, 5500.00 ns, 1.3428 ns/op
OverheadActual  13: 4096 op, 5400.00 ns, 1.3184 ns/op
OverheadActual  14: 4096 op, 5300.00 ns, 1.2939 ns/op
OverheadActual  15: 4096 op, 5100.00 ns, 1.2451 ns/op

WorkloadWarmup   1: 4096 op, 594884200.00 ns, 145.2354 us/op
WorkloadWarmup   2: 4096 op, 591239900.00 ns, 144.3457 us/op
WorkloadWarmup   3: 4096 op, 592758500.00 ns, 144.7164 us/op

// BeforeActualRun
WorkloadActual   1: 4096 op, 592256100.00 ns, 144.5938 us/op
WorkloadActual   2: 4096 op, 595505000.00 ns, 145.3870 us/op
WorkloadActual   3: 4096 op, 595239600.00 ns, 145.3222 us/op
WorkloadActual   4: 4096 op, 595496900.00 ns, 145.3850 us/op
WorkloadActual   5: 4096 op, 595230700.00 ns, 145.3200 us/op

// AfterActualRun
WorkloadResult   1: 4096 op, 592250700.00 ns, 144.5925 us/op
WorkloadResult   2: 4096 op, 595499600.00 ns, 145.3856 us/op
WorkloadResult   3: 4096 op, 595234200.00 ns, 145.3208 us/op
WorkloadResult   4: 4096 op, 595491500.00 ns, 145.3837 us/op
WorkloadResult   5: 4096 op, 595225300.00 ns, 145.3187 us/op
// GC:  161 0 0 2706931712 4096
// Threading:  0 0 4096

// AfterAll
// Benchmark Process 26376 has exited with code 0.

Mean = 141.392 μs, StdErr = 0.877 μs (0.62%), N = 13, StdDev = 3.162 μs
Min = 138.033 μs, Q1 = 138.957 μs, Median = 139.474 μs, Q3 = 145.319 μs, Max = 145.386 μs
IQR = 6.362 μs, LowerFence = 129.413 μs, UpperFence = 154.862 μs
ConfidenceInterval = [137.605 μs; 145.179 μs] (CI 99.9%), Margin = 3.787 μs (2.68% of Mean)
Skewness = 0.39, Kurtosis = 1.09, MValue = 2

// ** Remained 7 (29.2%) benchmark(s) to run. Estimated finish 2026-09-16 12:12 (0h 3m from now) **
Setup power plan (GUID: 8c5e7fda-e8bf-4a96-9a85-a6e23a8c635c FriendlyName: High performance)
// **************************
// Benchmark: TechniquePrecompiledBenchmarks.String: ShortRun(IterationCount=5, LaunchCount=3, WarmupCount=3) [Workload=large-loop]
// *** Execute ***
// Launch: 1 / 3
// Execute: dotnet Heddle.Benchmarks.Dotnet-ShortRun-1.dll --anonymousPipes 3620 3776 --benchmarkName "Heddle.Benchmarks.Dotnet.Bench.TechniquePrecompiledBenchmarks.String(Workload: \"large-loop\")" --job ShortRun --benchmarkId 17 in E:\Work\Heddle\benchmarks\dotnet\bin\Release\net10.0\Heddle.Benchmarks.Dotnet-ShortRun-1\bin\Release\net10.0
// BeforeAnythingElse

// Benchmark Process Environment Information:
// BenchmarkDotNet v0.15.8
// Runtime=.NET 10.0.12 (10.0.12, 10.0.1226.42308), X64 RyuJIT x86-64-v4
// GC=Concurrent Workstation
// HardwareIntrinsics=AVX512 BITALG+VBMI2+VNNI+VPOPCNTDQ,AVX512 IFMA+VBMI,AVX512 F+BW+CD+DQ+VL,AVX2+BMI1+BMI2+F16C+FMA+LZCNT+MOVBE,AVX,SSE3+SSSE3+SSE4.1+SSE4.2+POPCNT,X86Base+SSE+SSE2,AES+PCLMUL,AvxVnni VectorSize=256
// Job: ShortRun(IterationCount=5, LaunchCount=3, WarmupCount=3)

OverheadJitting  1: 1 op, 137800.00 ns, 137.8000 us/op
WorkloadJitting  1: 1 op, 978800.00 ns, 978.8000 us/op

OverheadJitting  2: 16 op, 241800.00 ns, 15.1125 us/op
WorkloadJitting  2: 16 op, 34361700.00 ns, 2.1476 ms/op

WorkloadPilot    1: 16 op, 19569800.00 ns, 1.2231 ms/op
WorkloadPilot    2: 32 op, 41455600.00 ns, 1.2955 ms/op
WorkloadPilot    3: 64 op, 77587400.00 ns, 1.2123 ms/op
WorkloadPilot    4: 128 op, 176136800.00 ns, 1.3761 ms/op
WorkloadPilot    5: 256 op, 312018100.00 ns, 1.2188 ms/op
WorkloadPilot    6: 512 op, 621577700.00 ns, 1.2140 ms/op

OverheadWarmup   1: 512 op, 3400.00 ns, 6.6406 ns/op
OverheadWarmup   2: 512 op, 1000.00 ns, 1.9531 ns/op
OverheadWarmup   3: 512 op, 1000.00 ns, 1.9531 ns/op
OverheadWarmup   4: 512 op, 1000.00 ns, 1.9531 ns/op
OverheadWarmup   5: 512 op, 1000.00 ns, 1.9531 ns/op
OverheadWarmup   6: 512 op, 700.00 ns, 1.3672 ns/op

OverheadActual   1: 512 op, 800.00 ns, 1.5625 ns/op
OverheadActual   2: 512 op, 800.00 ns, 1.5625 ns/op
OverheadActual   3: 512 op, 900.00 ns, 1.7578 ns/op
OverheadActual   4: 512 op, 700.00 ns, 1.3672 ns/op
OverheadActual   5: 512 op, 700.00 ns, 1.3672 ns/op
OverheadActual   6: 512 op, 1000.00 ns, 1.9531 ns/op
OverheadActual   7: 512 op, 700.00 ns, 1.3672 ns/op
OverheadActual   8: 512 op, 700.00 ns, 1.3672 ns/op
OverheadActual   9: 512 op, 800.00 ns, 1.5625 ns/op
OverheadActual  10: 512 op, 700.00 ns, 1.3672 ns/op
OverheadActual  11: 512 op, 700.00 ns, 1.3672 ns/op
OverheadActual  12: 512 op, 700.00 ns, 1.3672 ns/op
OverheadActual  13: 512 op, 700.00 ns, 1.3672 ns/op
OverheadActual  14: 512 op, 700.00 ns, 1.3672 ns/op
OverheadActual  15: 512 op, 700.00 ns, 1.3672 ns/op
OverheadActual  16: 512 op, 700.00 ns, 1.3672 ns/op
OverheadActual  17: 512 op, 700.00 ns, 1.3672 ns/op
OverheadActual  18: 512 op, 700.00 ns, 1.3672 ns/op
OverheadActual  19: 512 op, 900.00 ns, 1.7578 ns/op
OverheadActual  20: 512 op, 1000.00 ns, 1.9531 ns/op

WorkloadWarmup   1: 512 op, 628854200.00 ns, 1.2282 ms/op
WorkloadWarmup   2: 512 op, 636680300.00 ns, 1.2435 ms/op
WorkloadWarmup   3: 512 op, 622075900.00 ns, 1.2150 ms/op

// BeforeActualRun
WorkloadActual   1: 512 op, 638046100.00 ns, 1.2462 ms/op
WorkloadActual   2: 512 op, 622904400.00 ns, 1.2166 ms/op
WorkloadActual   3: 512 op, 622235200.00 ns, 1.2153 ms/op
WorkloadActual   4: 512 op, 621641300.00 ns, 1.2141 ms/op
WorkloadActual   5: 512 op, 622585600.00 ns, 1.2160 ms/op

// AfterActualRun
WorkloadResult   1: 512 op, 622903700.00 ns, 1.2166 ms/op
WorkloadResult   2: 512 op, 622234500.00 ns, 1.2153 ms/op
WorkloadResult   3: 512 op, 621640600.00 ns, 1.2141 ms/op
WorkloadResult   4: 512 op, 622584900.00 ns, 1.2160 ms/op
// GC:  59 39 39 753047760 512
// Threading:  0 0 512

// AfterAll
// Benchmark Process 12360 has exited with code 0.
// Launch: 2 / 3
// Execute: dotnet Heddle.Benchmarks.Dotnet-ShortRun-1.dll --anonymousPipes 6848 9256 --benchmarkName "Heddle.Benchmarks.Dotnet.Bench.TechniquePrecompiledBenchmarks.String(Workload: \"large-loop\")" --job ShortRun --benchmarkId 17 in E:\Work\Heddle\benchmarks\dotnet\bin\Release\net10.0\Heddle.Benchmarks.Dotnet-ShortRun-1\bin\Release\net10.0
// BeforeAnythingElse

// Benchmark Process Environment Information:
// BenchmarkDotNet v0.15.8
// Runtime=.NET 10.0.12 (10.0.12, 10.0.1226.42308), X64 RyuJIT x86-64-v4
// GC=Concurrent Workstation
// HardwareIntrinsics=AVX512 BITALG+VBMI2+VNNI+VPOPCNTDQ,AVX512 IFMA+VBMI,AVX512 F+BW+CD+DQ+VL,AVX2+BMI1+BMI2+F16C+FMA+LZCNT+MOVBE,AVX,SSE3+SSSE3+SSE4.1+SSE4.2+POPCNT,X86Base+SSE+SSE2,AES+PCLMUL,AvxVnni VectorSize=256
// Job: ShortRun(IterationCount=5, LaunchCount=3, WarmupCount=3)

OverheadJitting  1: 1 op, 135000.00 ns, 135.0000 us/op
WorkloadJitting  1: 1 op, 971900.00 ns, 971.9000 us/op

OverheadJitting  2: 16 op, 232600.00 ns, 14.5375 us/op
WorkloadJitting  2: 16 op, 26806600.00 ns, 1.6754 ms/op

WorkloadPilot    1: 16 op, 19528600.00 ns, 1.2205 ms/op
WorkloadPilot    2: 32 op, 41431300.00 ns, 1.2947 ms/op
WorkloadPilot    3: 64 op, 75928600.00 ns, 1.1864 ms/op
WorkloadPilot    4: 128 op, 143171900.00 ns, 1.1185 ms/op
WorkloadPilot    5: 256 op, 300538600.00 ns, 1.1740 ms/op
WorkloadPilot    6: 512 op, 638385000.00 ns, 1.2468 ms/op

OverheadWarmup   1: 512 op, 2500.00 ns, 4.8828 ns/op
OverheadWarmup   2: 512 op, 800.00 ns, 1.5625 ns/op
OverheadWarmup   3: 512 op, 800.00 ns, 1.5625 ns/op
OverheadWarmup   4: 512 op, 700.00 ns, 1.3672 ns/op
OverheadWarmup   5: 512 op, 800.00 ns, 1.5625 ns/op
OverheadWarmup   6: 512 op, 800.00 ns, 1.5625 ns/op

OverheadActual   1: 512 op, 800.00 ns, 1.5625 ns/op
OverheadActual   2: 512 op, 800.00 ns, 1.5625 ns/op
OverheadActual   3: 512 op, 900.00 ns, 1.7578 ns/op
OverheadActual   4: 512 op, 700.00 ns, 1.3672 ns/op
OverheadActual   5: 512 op, 1000.00 ns, 1.9531 ns/op
OverheadActual   6: 512 op, 700.00 ns, 1.3672 ns/op
OverheadActual   7: 512 op, 1000.00 ns, 1.9531 ns/op
OverheadActual   8: 512 op, 700.00 ns, 1.3672 ns/op
OverheadActual   9: 512 op, 700.00 ns, 1.3672 ns/op
OverheadActual  10: 512 op, 700.00 ns, 1.3672 ns/op
OverheadActual  11: 512 op, 700.00 ns, 1.3672 ns/op
OverheadActual  12: 512 op, 700.00 ns, 1.3672 ns/op
OverheadActual  13: 512 op, 700.00 ns, 1.3672 ns/op
OverheadActual  14: 512 op, 700.00 ns, 1.3672 ns/op
OverheadActual  15: 512 op, 700.00 ns, 1.3672 ns/op
OverheadActual  16: 512 op, 700.00 ns, 1.3672 ns/op
OverheadActual  17: 512 op, 700.00 ns, 1.3672 ns/op
OverheadActual  18: 512 op, 700.00 ns, 1.3672 ns/op
OverheadActual  19: 512 op, 700.00 ns, 1.3672 ns/op

WorkloadWarmup   1: 512 op, 630557800.00 ns, 1.2316 ms/op
WorkloadWarmup   2: 512 op, 623315100.00 ns, 1.2174 ms/op
WorkloadWarmup   3: 512 op, 637713400.00 ns, 1.2455 ms/op

// BeforeActualRun
WorkloadActual   1: 512 op, 643064500.00 ns, 1.2560 ms/op
WorkloadActual   2: 512 op, 624178300.00 ns, 1.2191 ms/op
WorkloadActual   3: 512 op, 629163200.00 ns, 1.2288 ms/op
WorkloadActual   4: 512 op, 636992500.00 ns, 1.2441 ms/op
WorkloadActual   5: 512 op, 623713600.00 ns, 1.2182 ms/op

// AfterActualRun
WorkloadResult   1: 512 op, 643063800.00 ns, 1.2560 ms/op
WorkloadResult   2: 512 op, 624177600.00 ns, 1.2191 ms/op
WorkloadResult   3: 512 op, 629162500.00 ns, 1.2288 ms/op
WorkloadResult   4: 512 op, 636991800.00 ns, 1.2441 ms/op
WorkloadResult   5: 512 op, 623712900.00 ns, 1.2182 ms/op
// GC:  59 39 39 753047864 512
// Threading:  0 0 512

// AfterAll
// Benchmark Process 29996 has exited with code 0.
// Launch: 3 / 3
// Execute: dotnet Heddle.Benchmarks.Dotnet-ShortRun-1.dll --anonymousPipes 3704 9268 --benchmarkName "Heddle.Benchmarks.Dotnet.Bench.TechniquePrecompiledBenchmarks.String(Workload: \"large-loop\")" --job ShortRun --benchmarkId 17 in E:\Work\Heddle\benchmarks\dotnet\bin\Release\net10.0\Heddle.Benchmarks.Dotnet-ShortRun-1\bin\Release\net10.0
// BeforeAnythingElse

// Benchmark Process Environment Information:
// BenchmarkDotNet v0.15.8
// Runtime=.NET 10.0.12 (10.0.12, 10.0.1226.42308), X64 RyuJIT x86-64-v4
// GC=Concurrent Workstation
// HardwareIntrinsics=AVX512 BITALG+VBMI2+VNNI+VPOPCNTDQ,AVX512 IFMA+VBMI,AVX512 F+BW+CD+DQ+VL,AVX2+BMI1+BMI2+F16C+FMA+LZCNT+MOVBE,AVX,SSE3+SSSE3+SSE4.1+SSE4.2+POPCNT,X86Base+SSE+SSE2,AES+PCLMUL,AvxVnni VectorSize=256
// Job: ShortRun(IterationCount=5, LaunchCount=3, WarmupCount=3)

OverheadJitting  1: 1 op, 128700.00 ns, 128.7000 us/op
WorkloadJitting  1: 1 op, 967100.00 ns, 967.1000 us/op

OverheadJitting  2: 16 op, 225900.00 ns, 14.1188 us/op
WorkloadJitting  2: 16 op, 19250700.00 ns, 1.2032 ms/op

WorkloadPilot    1: 16 op, 19783500.00 ns, 1.2365 ms/op
WorkloadPilot    2: 32 op, 41554400.00 ns, 1.2986 ms/op
WorkloadPilot    3: 64 op, 75763600.00 ns, 1.1838 ms/op
WorkloadPilot    4: 128 op, 161510800.00 ns, 1.2618 ms/op
WorkloadPilot    5: 256 op, 297830200.00 ns, 1.1634 ms/op
WorkloadPilot    6: 512 op, 622629800.00 ns, 1.2161 ms/op

OverheadWarmup   1: 512 op, 2500.00 ns, 4.8828 ns/op
OverheadWarmup   2: 512 op, 800.00 ns, 1.5625 ns/op
OverheadWarmup   3: 512 op, 1000.00 ns, 1.9531 ns/op
OverheadWarmup   4: 512 op, 1000.00 ns, 1.9531 ns/op
OverheadWarmup   5: 512 op, 1000.00 ns, 1.9531 ns/op
OverheadWarmup   6: 512 op, 800.00 ns, 1.5625 ns/op

OverheadActual   1: 512 op, 1000.00 ns, 1.9531 ns/op
OverheadActual   2: 512 op, 1900.00 ns, 3.7109 ns/op
OverheadActual   3: 512 op, 1000.00 ns, 1.9531 ns/op
OverheadActual   4: 512 op, 800.00 ns, 1.5625 ns/op
OverheadActual   5: 512 op, 1000.00 ns, 1.9531 ns/op
OverheadActual   6: 512 op, 1000.00 ns, 1.9531 ns/op
OverheadActual   7: 512 op, 800.00 ns, 1.5625 ns/op
OverheadActual   8: 512 op, 1000.00 ns, 1.9531 ns/op
OverheadActual   9: 512 op, 700.00 ns, 1.3672 ns/op
OverheadActual  10: 512 op, 700.00 ns, 1.3672 ns/op
OverheadActual  11: 512 op, 700.00 ns, 1.3672 ns/op
OverheadActual  12: 512 op, 900.00 ns, 1.7578 ns/op
OverheadActual  13: 512 op, 1000.00 ns, 1.9531 ns/op
OverheadActual  14: 512 op, 800.00 ns, 1.5625 ns/op
OverheadActual  15: 512 op, 800.00 ns, 1.5625 ns/op
OverheadActual  16: 512 op, 800.00 ns, 1.5625 ns/op
OverheadActual  17: 512 op, 1000.00 ns, 1.9531 ns/op
OverheadActual  18: 512 op, 1000.00 ns, 1.9531 ns/op
OverheadActual  19: 512 op, 900.00 ns, 1.7578 ns/op
OverheadActual  20: 512 op, 800.00 ns, 1.5625 ns/op

WorkloadWarmup   1: 512 op, 634240100.00 ns, 1.2388 ms/op
WorkloadWarmup   2: 512 op, 625396500.00 ns, 1.2215 ms/op
WorkloadWarmup   3: 512 op, 623414700.00 ns, 1.2176 ms/op

// BeforeActualRun
WorkloadActual   1: 512 op, 615304500.00 ns, 1.2018 ms/op
WorkloadActual   2: 512 op, 620633800.00 ns, 1.2122 ms/op
WorkloadActual   3: 512 op, 622633700.00 ns, 1.2161 ms/op
WorkloadActual   4: 512 op, 620342300.00 ns, 1.2116 ms/op
WorkloadActual   5: 512 op, 622645600.00 ns, 1.2161 ms/op

// AfterActualRun
WorkloadResult   1: 512 op, 615303600.00 ns, 1.2018 ms/op
WorkloadResult   2: 512 op, 620632900.00 ns, 1.2122 ms/op
WorkloadResult   3: 512 op, 622632800.00 ns, 1.2161 ms/op
WorkloadResult   4: 512 op, 620341400.00 ns, 1.2116 ms/op
WorkloadResult   5: 512 op, 622644700.00 ns, 1.2161 ms/op
// GC:  59 39 39 753047760 512
// Threading:  0 0 512

// AfterAll
// Benchmark Process 23872 has exited with code 0.

Mean = 1.220 ms, StdErr = 0.004 ms (0.31%), N = 14, StdDev = 0.014 ms
Min = 1.202 ms, Q1 = 1.214 ms, Median = 1.216 ms, Q3 = 1.219 ms, Max = 1.256 ms
IQR = 0.004 ms, LowerFence = 1.208 ms, UpperFence = 1.226 ms
ConfidenceInterval = [1.205 ms; 1.236 ms] (CI 99.9%), Margin = 0.016 ms (1.29% of Mean)
Skewness = 1.32, Kurtosis = 3.86, MValue = 2

// ** Remained 6 (25.0%) benchmark(s) to run. Estimated finish 2026-09-16 12:12 (0h 2m from now) **
Setup power plan (GUID: 8c5e7fda-e8bf-4a96-9a85-a6e23a8c635c FriendlyName: High performance)
// **************************
// Benchmark: TechniquePrecompiledBenchmarks.Utf8: ShortRun(IterationCount=5, LaunchCount=3, WarmupCount=3) [Workload=mixed-page]
// *** Execute ***
// Launch: 1 / 3
// Execute: dotnet Heddle.Benchmarks.Dotnet-ShortRun-1.dll --anonymousPipes 3704 9264 --benchmarkName "Heddle.Benchmarks.Dotnet.Bench.TechniquePrecompiledBenchmarks.Utf8(Workload: \"mixed-page\")" --job ShortRun --benchmarkId 18 in E:\Work\Heddle\benchmarks\dotnet\bin\Release\net10.0\Heddle.Benchmarks.Dotnet-ShortRun-1\bin\Release\net10.0
// BeforeAnythingElse

// Benchmark Process Environment Information:
// BenchmarkDotNet v0.15.8
// Runtime=.NET 10.0.12 (10.0.12, 10.0.1226.42308), X64 RyuJIT x86-64-v4
// GC=Concurrent Workstation
// HardwareIntrinsics=AVX512 BITALG+VBMI2+VNNI+VPOPCNTDQ,AVX512 IFMA+VBMI,AVX512 F+BW+CD+DQ+VL,AVX2+BMI1+BMI2+F16C+FMA+LZCNT+MOVBE,AVX,SSE3+SSSE3+SSE4.1+SSE4.2+POPCNT,X86Base+SSE+SSE2,AES+PCLMUL,AvxVnni VectorSize=256
// Job: ShortRun(IterationCount=5, LaunchCount=3, WarmupCount=3)

OverheadJitting  1: 1 op, 141000.00 ns, 141.0000 us/op
WorkloadJitting  1: 1 op, 222500.00 ns, 222.5000 us/op

OverheadJitting  2: 16 op, 227900.00 ns, 14.2438 us/op
WorkloadJitting  2: 16 op, 502300.00 ns, 31.3938 us/op

WorkloadPilot    1: 16 op, 291600.00 ns, 18.2250 us/op
WorkloadPilot    2: 32 op, 588900.00 ns, 18.4031 us/op
WorkloadPilot    3: 64 op, 1101600.00 ns, 17.2125 us/op
WorkloadPilot    4: 128 op, 2136200.00 ns, 16.6891 us/op
WorkloadPilot    5: 256 op, 4270500.00 ns, 16.6816 us/op
WorkloadPilot    6: 512 op, 9017900.00 ns, 17.6131 us/op
WorkloadPilot    7: 1024 op, 17402200.00 ns, 16.9943 us/op
WorkloadPilot    8: 2048 op, 34694700.00 ns, 16.9408 us/op
WorkloadPilot    9: 4096 op, 73905700.00 ns, 18.0434 us/op
WorkloadPilot   10: 8192 op, 35495200.00 ns, 4.3329 us/op
WorkloadPilot   11: 16384 op, 69189300.00 ns, 4.2230 us/op
WorkloadPilot   12: 32768 op, 94977800.00 ns, 2.8985 us/op
WorkloadPilot   13: 65536 op, 187230800.00 ns, 2.8569 us/op
WorkloadPilot   14: 131072 op, 374671000.00 ns, 2.8585 us/op
WorkloadPilot   15: 262144 op, 743593400.00 ns, 2.8366 us/op

OverheadWarmup   1: 262144 op, 326800.00 ns, 1.2466 ns/op
OverheadWarmup   2: 262144 op, 325500.00 ns, 1.2417 ns/op
OverheadWarmup   3: 262144 op, 328100.00 ns, 1.2516 ns/op
OverheadWarmup   4: 262144 op, 323700.00 ns, 1.2348 ns/op
OverheadWarmup   5: 262144 op, 322100.00 ns, 1.2287 ns/op
OverheadWarmup   6: 262144 op, 347500.00 ns, 1.3256 ns/op
OverheadWarmup   7: 262144 op, 328100.00 ns, 1.2516 ns/op

OverheadActual   1: 262144 op, 326200.00 ns, 1.2444 ns/op
OverheadActual   2: 262144 op, 326000.00 ns, 1.2436 ns/op
OverheadActual   3: 262144 op, 326500.00 ns, 1.2455 ns/op
OverheadActual   4: 262144 op, 325300.00 ns, 1.2409 ns/op
OverheadActual   5: 262144 op, 324700.00 ns, 1.2386 ns/op
OverheadActual   6: 262144 op, 325900.00 ns, 1.2432 ns/op
OverheadActual   7: 262144 op, 325600.00 ns, 1.2421 ns/op
OverheadActual   8: 262144 op, 320500.00 ns, 1.2226 ns/op
OverheadActual   9: 262144 op, 326600.00 ns, 1.2459 ns/op
OverheadActual  10: 262144 op, 328100.00 ns, 1.2516 ns/op
OverheadActual  11: 262144 op, 326600.00 ns, 1.2459 ns/op
OverheadActual  12: 262144 op, 327200.00 ns, 1.2482 ns/op
OverheadActual  13: 262144 op, 326700.00 ns, 1.2463 ns/op
OverheadActual  14: 262144 op, 326100.00 ns, 1.2440 ns/op
OverheadActual  15: 262144 op, 324100.00 ns, 1.2363 ns/op

WorkloadWarmup   1: 262144 op, 743927700.00 ns, 2.8379 us/op
WorkloadWarmup   2: 262144 op, 745424000.00 ns, 2.8436 us/op
WorkloadWarmup   3: 262144 op, 739544700.00 ns, 2.8211 us/op

// BeforeActualRun
WorkloadActual   1: 262144 op, 744266200.00 ns, 2.8392 us/op
WorkloadActual   2: 262144 op, 743827000.00 ns, 2.8375 us/op
WorkloadActual   3: 262144 op, 747106200.00 ns, 2.8500 us/op
WorkloadActual   4: 262144 op, 743568000.00 ns, 2.8365 us/op
WorkloadActual   5: 262144 op, 748282500.00 ns, 2.8545 us/op

// AfterActualRun
WorkloadResult   1: 262144 op, 743940100.00 ns, 2.8379 us/op
WorkloadResult   2: 262144 op, 743500900.00 ns, 2.8362 us/op
WorkloadResult   3: 262144 op, 746780100.00 ns, 2.8487 us/op
WorkloadResult   4: 262144 op, 743241900.00 ns, 2.8352 us/op
WorkloadResult   5: 262144 op, 747956400.00 ns, 2.8532 us/op
// GC:  106 0 0 1784676352 262144
// Threading:  0 0 262144

// AfterAll
// Benchmark Process 25452 has exited with code 0.
// Launch: 2 / 3
// Execute: dotnet Heddle.Benchmarks.Dotnet-ShortRun-1.dll --anonymousPipes 9252 2304 --benchmarkName "Heddle.Benchmarks.Dotnet.Bench.TechniquePrecompiledBenchmarks.Utf8(Workload: \"mixed-page\")" --job ShortRun --benchmarkId 18 in E:\Work\Heddle\benchmarks\dotnet\bin\Release\net10.0\Heddle.Benchmarks.Dotnet-ShortRun-1\bin\Release\net10.0
// BeforeAnythingElse

// Benchmark Process Environment Information:
// BenchmarkDotNet v0.15.8
// Runtime=.NET 10.0.12 (10.0.12, 10.0.1226.42308), X64 RyuJIT x86-64-v4
// GC=Concurrent Workstation
// HardwareIntrinsics=AVX512 BITALG+VBMI2+VNNI+VPOPCNTDQ,AVX512 IFMA+VBMI,AVX512 F+BW+CD+DQ+VL,AVX2+BMI1+BMI2+F16C+FMA+LZCNT+MOVBE,AVX,SSE3+SSSE3+SSE4.1+SSE4.2+POPCNT,X86Base+SSE+SSE2,AES+PCLMUL,AvxVnni VectorSize=256
// Job: ShortRun(IterationCount=5, LaunchCount=3, WarmupCount=3)

OverheadJitting  1: 1 op, 162900.00 ns, 162.9000 us/op
WorkloadJitting  1: 1 op, 211700.00 ns, 211.7000 us/op

OverheadJitting  2: 16 op, 231700.00 ns, 14.4813 us/op
WorkloadJitting  2: 16 op, 493900.00 ns, 30.8688 us/op

WorkloadPilot    1: 16 op, 290700.00 ns, 18.1688 us/op
WorkloadPilot    2: 32 op, 579000.00 ns, 18.0938 us/op
WorkloadPilot    3: 64 op, 1096100.00 ns, 17.1266 us/op
WorkloadPilot    4: 128 op, 2138900.00 ns, 16.7102 us/op
WorkloadPilot    5: 256 op, 4307400.00 ns, 16.8258 us/op
WorkloadPilot    6: 512 op, 9060800.00 ns, 17.6969 us/op
WorkloadPilot    7: 1024 op, 17375400.00 ns, 16.9682 us/op
WorkloadPilot    8: 2048 op, 34710600.00 ns, 16.9485 us/op
WorkloadPilot    9: 4096 op, 69010200.00 ns, 16.8482 us/op
WorkloadPilot   10: 8192 op, 35958700.00 ns, 4.3895 us/op
WorkloadPilot   11: 16384 op, 68828900.00 ns, 4.2010 us/op
WorkloadPilot   12: 32768 op, 93751100.00 ns, 2.8611 us/op
WorkloadPilot   13: 65536 op, 183865900.00 ns, 2.8056 us/op
WorkloadPilot   14: 131072 op, 365577000.00 ns, 2.7891 us/op
WorkloadPilot   15: 262144 op, 728637800.00 ns, 2.7795 us/op

OverheadWarmup   1: 262144 op, 327400.00 ns, 1.2489 ns/op
OverheadWarmup   2: 262144 op, 325700.00 ns, 1.2424 ns/op
OverheadWarmup   3: 262144 op, 327200.00 ns, 1.2482 ns/op
OverheadWarmup   4: 262144 op, 327500.00 ns, 1.2493 ns/op
OverheadWarmup   5: 262144 op, 325800.00 ns, 1.2428 ns/op
OverheadWarmup   6: 262144 op, 325000.00 ns, 1.2398 ns/op
OverheadWarmup   7: 262144 op, 326300.00 ns, 1.2447 ns/op
OverheadWarmup   8: 262144 op, 326500.00 ns, 1.2455 ns/op
OverheadWarmup   9: 262144 op, 326200.00 ns, 1.2444 ns/op

OverheadActual   1: 262144 op, 325000.00 ns, 1.2398 ns/op
OverheadActual   2: 262144 op, 327300.00 ns, 1.2486 ns/op
OverheadActual   3: 262144 op, 327500.00 ns, 1.2493 ns/op
OverheadActual   4: 262144 op, 325500.00 ns, 1.2417 ns/op
OverheadActual   5: 262144 op, 328600.00 ns, 1.2535 ns/op
OverheadActual   6: 262144 op, 324900.00 ns, 1.2394 ns/op
OverheadActual   7: 262144 op, 326600.00 ns, 1.2459 ns/op
OverheadActual   8: 262144 op, 329100.00 ns, 1.2554 ns/op
OverheadActual   9: 262144 op, 326000.00 ns, 1.2436 ns/op
OverheadActual  10: 262144 op, 324000.00 ns, 1.2360 ns/op
OverheadActual  11: 262144 op, 326100.00 ns, 1.2440 ns/op
OverheadActual  12: 262144 op, 324300.00 ns, 1.2371 ns/op
OverheadActual  13: 262144 op, 326100.00 ns, 1.2440 ns/op
OverheadActual  14: 262144 op, 328800.00 ns, 1.2543 ns/op
OverheadActual  15: 262144 op, 490600.00 ns, 1.8715 ns/op

WorkloadWarmup   1: 262144 op, 734324100.00 ns, 2.8012 us/op
WorkloadWarmup   2: 262144 op, 728215200.00 ns, 2.7779 us/op
WorkloadWarmup   3: 262144 op, 730296900.00 ns, 2.7859 us/op

// BeforeActualRun
WorkloadActual   1: 262144 op, 729236300.00 ns, 2.7818 us/op
WorkloadActual   2: 262144 op, 734564600.00 ns, 2.8021 us/op
WorkloadActual   3: 262144 op, 734055000.00 ns, 2.8002 us/op
WorkloadActual   4: 262144 op, 731059700.00 ns, 2.7888 us/op
WorkloadActual   5: 262144 op, 731860800.00 ns, 2.7918 us/op

// AfterActualRun
WorkloadResult   1: 262144 op, 728910200.00 ns, 2.7806 us/op
WorkloadResult   2: 262144 op, 734238500.00 ns, 2.8009 us/op
WorkloadResult   3: 262144 op, 733728900.00 ns, 2.7990 us/op
WorkloadResult   4: 262144 op, 730733600.00 ns, 2.7875 us/op
WorkloadResult   5: 262144 op, 731534700.00 ns, 2.7906 us/op
// GC:  106 0 0 1784676352 262144
// Threading:  0 0 262144

// AfterAll
// Benchmark Process 29864 has exited with code 0.
// Launch: 3 / 3
// Execute: dotnet Heddle.Benchmarks.Dotnet-ShortRun-1.dll --anonymousPipes 9264 9292 --benchmarkName "Heddle.Benchmarks.Dotnet.Bench.TechniquePrecompiledBenchmarks.Utf8(Workload: \"mixed-page\")" --job ShortRun --benchmarkId 18 in E:\Work\Heddle\benchmarks\dotnet\bin\Release\net10.0\Heddle.Benchmarks.Dotnet-ShortRun-1\bin\Release\net10.0
// BeforeAnythingElse

// Benchmark Process Environment Information:
// BenchmarkDotNet v0.15.8
// Runtime=.NET 10.0.12 (10.0.12, 10.0.1226.42308), X64 RyuJIT x86-64-v4
// GC=Concurrent Workstation
// HardwareIntrinsics=AVX512 BITALG+VBMI2+VNNI+VPOPCNTDQ,AVX512 IFMA+VBMI,AVX512 F+BW+CD+DQ+VL,AVX2+BMI1+BMI2+F16C+FMA+LZCNT+MOVBE,AVX,SSE3+SSSE3+SSE4.1+SSE4.2+POPCNT,X86Base+SSE+SSE2,AES+PCLMUL,AvxVnni VectorSize=256
// Job: ShortRun(IterationCount=5, LaunchCount=3, WarmupCount=3)

OverheadJitting  1: 1 op, 135900.00 ns, 135.9000 us/op
WorkloadJitting  1: 1 op, 202600.00 ns, 202.6000 us/op

OverheadJitting  2: 16 op, 225100.00 ns, 14.0688 us/op
WorkloadJitting  2: 16 op, 497400.00 ns, 31.0875 us/op

WorkloadPilot    1: 16 op, 291500.00 ns, 18.2188 us/op
WorkloadPilot    2: 32 op, 588000.00 ns, 18.3750 us/op
WorkloadPilot    3: 64 op, 1106500.00 ns, 17.2891 us/op
WorkloadPilot    4: 128 op, 2150100.00 ns, 16.7977 us/op
WorkloadPilot    5: 256 op, 4286700.00 ns, 16.7449 us/op
WorkloadPilot    6: 512 op, 9218400.00 ns, 18.0047 us/op
WorkloadPilot    7: 1024 op, 17521200.00 ns, 17.1105 us/op
WorkloadPilot    8: 2048 op, 34596000.00 ns, 16.8926 us/op
WorkloadPilot    9: 4096 op, 72023700.00 ns, 17.5839 us/op
WorkloadPilot   10: 8192 op, 35575100.00 ns, 4.3427 us/op
WorkloadPilot   11: 16384 op, 68023600.00 ns, 4.1518 us/op
WorkloadPilot   12: 32768 op, 91556000.00 ns, 2.7941 us/op
WorkloadPilot   13: 65536 op, 180282900.00 ns, 2.7509 us/op
WorkloadPilot   14: 131072 op, 359040300.00 ns, 2.7393 us/op
WorkloadPilot   15: 262144 op, 718984700.00 ns, 2.7427 us/op

OverheadWarmup   1: 262144 op, 326700.00 ns, 1.2463 ns/op
OverheadWarmup   2: 262144 op, 326000.00 ns, 1.2436 ns/op
OverheadWarmup   3: 262144 op, 323700.00 ns, 1.2348 ns/op
OverheadWarmup   4: 262144 op, 326300.00 ns, 1.2447 ns/op
OverheadWarmup   5: 262144 op, 321300.00 ns, 1.2257 ns/op
OverheadWarmup   6: 262144 op, 326000.00 ns, 1.2436 ns/op
OverheadWarmup   7: 262144 op, 328500.00 ns, 1.2531 ns/op
OverheadWarmup   8: 262144 op, 325800.00 ns, 1.2428 ns/op

OverheadActual   1: 262144 op, 327500.00 ns, 1.2493 ns/op
OverheadActual   2: 262144 op, 324800.00 ns, 1.2390 ns/op
OverheadActual   3: 262144 op, 326200.00 ns, 1.2444 ns/op
OverheadActual   4: 262144 op, 329100.00 ns, 1.2554 ns/op
OverheadActual   5: 262144 op, 326600.00 ns, 1.2459 ns/op
OverheadActual   6: 262144 op, 479900.00 ns, 1.8307 ns/op
OverheadActual   7: 262144 op, 324700.00 ns, 1.2386 ns/op
OverheadActual   8: 262144 op, 328400.00 ns, 1.2527 ns/op
OverheadActual   9: 262144 op, 329200.00 ns, 1.2558 ns/op
OverheadActual  10: 262144 op, 321800.00 ns, 1.2276 ns/op
OverheadActual  11: 262144 op, 328300.00 ns, 1.2524 ns/op
OverheadActual  12: 262144 op, 330300.00 ns, 1.2600 ns/op
OverheadActual  13: 262144 op, 322400.00 ns, 1.2299 ns/op
OverheadActual  14: 262144 op, 326900.00 ns, 1.2470 ns/op
OverheadActual  15: 262144 op, 328800.00 ns, 1.2543 ns/op

WorkloadWarmup   1: 262144 op, 719863500.00 ns, 2.7461 us/op
WorkloadWarmup   2: 262144 op, 715684500.00 ns, 2.7301 us/op
WorkloadWarmup   3: 262144 op, 715965400.00 ns, 2.7312 us/op

// BeforeActualRun
WorkloadActual   1: 262144 op, 716252500.00 ns, 2.7323 us/op
WorkloadActual   2: 262144 op, 719920300.00 ns, 2.7463 us/op
WorkloadActual   3: 262144 op, 719540500.00 ns, 2.7448 us/op
WorkloadActual   4: 262144 op, 721903400.00 ns, 2.7538 us/op
WorkloadActual   5: 262144 op, 718264600.00 ns, 2.7400 us/op

// AfterActualRun
WorkloadResult   1: 262144 op, 715925000.00 ns, 2.7310 us/op
WorkloadResult   2: 262144 op, 719592800.00 ns, 2.7450 us/op
WorkloadResult   3: 262144 op, 719213000.00 ns, 2.7436 us/op
WorkloadResult   4: 262144 op, 721575900.00 ns, 2.7526 us/op
WorkloadResult   5: 262144 op, 717937100.00 ns, 2.7387 us/op
// GC:  106 0 0 1784676352 262144
// Threading:  0 0 262144

// AfterAll
// Benchmark Process 25340 has exited with code 0.

Mean = 2.792 μs, StdErr = 0.011 μs (0.40%), N = 15, StdDev = 0.043 μs
Min = 2.731 μs, Q1 = 2.749 μs, Median = 2.791 μs, Q3 = 2.836 μs, Max = 2.853 μs
IQR = 0.087 μs, LowerFence = 2.618 μs, UpperFence = 2.966 μs
ConfidenceInterval = [2.746 μs; 2.838 μs] (CI 99.9%), Margin = 0.046 μs (1.65% of Mean)
Skewness = 0.01, Kurtosis = 1.39, MValue = 2

// ** Remained 5 (20.8%) benchmark(s) to run. Estimated finish 2026-09-16 12:12 (0h 2m from now) **
Setup power plan (GUID: 8c5e7fda-e8bf-4a96-9a85-a6e23a8c635c FriendlyName: High performance)
// **************************
// Benchmark: TechniquePrecompiledBenchmarks.TextWriter: ShortRun(IterationCount=5, LaunchCount=3, WarmupCount=3) [Workload=mixed-page]
// *** Execute ***
// Launch: 1 / 3
// Execute: dotnet Heddle.Benchmarks.Dotnet-ShortRun-1.dll --anonymousPipes 3776 3596 --benchmarkName "Heddle.Benchmarks.Dotnet.Bench.TechniquePrecompiledBenchmarks.TextWriter(Workload: \"mixed-page\")" --job ShortRun --benchmarkId 19 in E:\Work\Heddle\benchmarks\dotnet\bin\Release\net10.0\Heddle.Benchmarks.Dotnet-ShortRun-1\bin\Release\net10.0
// BeforeAnythingElse

// Benchmark Process Environment Information:
// BenchmarkDotNet v0.15.8
// Runtime=.NET 10.0.12 (10.0.12, 10.0.1226.42308), X64 RyuJIT x86-64-v4
// GC=Concurrent Workstation
// HardwareIntrinsics=AVX512 BITALG+VBMI2+VNNI+VPOPCNTDQ,AVX512 IFMA+VBMI,AVX512 F+BW+CD+DQ+VL,AVX2+BMI1+BMI2+F16C+FMA+LZCNT+MOVBE,AVX,SSE3+SSSE3+SSE4.1+SSE4.2+POPCNT,X86Base+SSE+SSE2,AES+PCLMUL,AvxVnni VectorSize=256
// Job: ShortRun(IterationCount=5, LaunchCount=3, WarmupCount=3)

OverheadJitting  1: 1 op, 139300.00 ns, 139.3000 us/op
WorkloadJitting  1: 1 op, 219200.00 ns, 219.2000 us/op

OverheadJitting  2: 16 op, 245000.00 ns, 15.3125 us/op
WorkloadJitting  2: 16 op, 471900.00 ns, 29.4938 us/op

WorkloadPilot    1: 16 op, 259000.00 ns, 16.1875 us/op
WorkloadPilot    2: 32 op, 558900.00 ns, 17.4656 us/op
WorkloadPilot    3: 64 op, 1052000.00 ns, 16.4375 us/op
WorkloadPilot    4: 128 op, 2008200.00 ns, 15.6891 us/op
WorkloadPilot    5: 256 op, 3968500.00 ns, 15.5020 us/op
WorkloadPilot    6: 512 op, 8251000.00 ns, 16.1152 us/op
WorkloadPilot    7: 1024 op, 15852500.00 ns, 15.4810 us/op
WorkloadPilot    8: 2048 op, 31347300.00 ns, 15.3063 us/op
WorkloadPilot    9: 4096 op, 65482100.00 ns, 15.9868 us/op
WorkloadPilot   10: 8192 op, 31625700.00 ns, 3.8606 us/op
WorkloadPilot   11: 16384 op, 60923200.00 ns, 3.7185 us/op
WorkloadPilot   12: 32768 op, 85612400.00 ns, 2.6127 us/op
WorkloadPilot   13: 65536 op, 159083300.00 ns, 2.4274 us/op
WorkloadPilot   14: 131072 op, 318537000.00 ns, 2.4302 us/op
WorkloadPilot   15: 262144 op, 633011100.00 ns, 2.4147 us/op

OverheadWarmup   1: 262144 op, 329700.00 ns, 1.2577 ns/op
OverheadWarmup   2: 262144 op, 325400.00 ns, 1.2413 ns/op
OverheadWarmup   3: 262144 op, 324200.00 ns, 1.2367 ns/op
OverheadWarmup   4: 262144 op, 326300.00 ns, 1.2447 ns/op
OverheadWarmup   5: 262144 op, 327200.00 ns, 1.2482 ns/op
OverheadWarmup   6: 262144 op, 327400.00 ns, 1.2489 ns/op
OverheadWarmup   7: 262144 op, 326000.00 ns, 1.2436 ns/op
OverheadWarmup   8: 262144 op, 324500.00 ns, 1.2379 ns/op
OverheadWarmup   9: 262144 op, 326900.00 ns, 1.2470 ns/op
OverheadWarmup  10: 262144 op, 324400.00 ns, 1.2375 ns/op

OverheadActual   1: 262144 op, 326100.00 ns, 1.2440 ns/op
OverheadActual   2: 262144 op, 330100.00 ns, 1.2592 ns/op
OverheadActual   3: 262144 op, 328300.00 ns, 1.2524 ns/op
OverheadActual   4: 262144 op, 326600.00 ns, 1.2459 ns/op
OverheadActual   5: 262144 op, 328200.00 ns, 1.2520 ns/op
OverheadActual   6: 262144 op, 325100.00 ns, 1.2402 ns/op
OverheadActual   7: 262144 op, 328000.00 ns, 1.2512 ns/op
OverheadActual   8: 262144 op, 325000.00 ns, 1.2398 ns/op
OverheadActual   9: 262144 op, 328300.00 ns, 1.2524 ns/op
OverheadActual  10: 262144 op, 328700.00 ns, 1.2539 ns/op
OverheadActual  11: 262144 op, 325600.00 ns, 1.2421 ns/op
OverheadActual  12: 262144 op, 330500.00 ns, 1.2608 ns/op
OverheadActual  13: 262144 op, 325000.00 ns, 1.2398 ns/op
OverheadActual  14: 262144 op, 330400.00 ns, 1.2604 ns/op
OverheadActual  15: 262144 op, 325800.00 ns, 1.2428 ns/op

WorkloadWarmup   1: 262144 op, 636563700.00 ns, 2.4283 us/op
WorkloadWarmup   2: 262144 op, 632731200.00 ns, 2.4137 us/op
WorkloadWarmup   3: 262144 op, 632962800.00 ns, 2.4146 us/op

// BeforeActualRun
WorkloadActual   1: 262144 op, 631401700.00 ns, 2.4086 us/op
WorkloadActual   2: 262144 op, 634501400.00 ns, 2.4204 us/op
WorkloadActual   3: 262144 op, 635162700.00 ns, 2.4230 us/op
WorkloadActual   4: 262144 op, 633959500.00 ns, 2.4184 us/op
WorkloadActual   5: 262144 op, 634052600.00 ns, 2.4187 us/op

// AfterActualRun
WorkloadResult   1: 262144 op, 631073700.00 ns, 2.4074 us/op
WorkloadResult   2: 262144 op, 634173400.00 ns, 2.4192 us/op
WorkloadResult   3: 262144 op, 634834700.00 ns, 2.4217 us/op
WorkloadResult   4: 262144 op, 633631500.00 ns, 2.4171 us/op
WorkloadResult   5: 262144 op, 633724600.00 ns, 2.4175 us/op
// GC:  106 0 0 1782579200 262144
// Threading:  0 0 262144

// AfterAll
// Benchmark Process 26404 has exited with code 0.
// Launch: 2 / 3
// Execute: dotnet Heddle.Benchmarks.Dotnet-ShortRun-1.dll --anonymousPipes 10752 1428 --benchmarkName "Heddle.Benchmarks.Dotnet.Bench.TechniquePrecompiledBenchmarks.TextWriter(Workload: \"mixed-page\")" --job ShortRun --benchmarkId 19 in E:\Work\Heddle\benchmarks\dotnet\bin\Release\net10.0\Heddle.Benchmarks.Dotnet-ShortRun-1\bin\Release\net10.0
// BeforeAnythingElse

// Benchmark Process Environment Information:
// BenchmarkDotNet v0.15.8
// Runtime=.NET 10.0.12 (10.0.12, 10.0.1226.42308), X64 RyuJIT x86-64-v4
// GC=Concurrent Workstation
// HardwareIntrinsics=AVX512 BITALG+VBMI2+VNNI+VPOPCNTDQ,AVX512 IFMA+VBMI,AVX512 F+BW+CD+DQ+VL,AVX2+BMI1+BMI2+F16C+FMA+LZCNT+MOVBE,AVX,SSE3+SSSE3+SSE4.1+SSE4.2+POPCNT,X86Base+SSE+SSE2,AES+PCLMUL,AvxVnni VectorSize=256
// Job: ShortRun(IterationCount=5, LaunchCount=3, WarmupCount=3)

OverheadJitting  1: 1 op, 130900.00 ns, 130.9000 us/op
WorkloadJitting  1: 1 op, 233600.00 ns, 233.6000 us/op

OverheadJitting  2: 16 op, 251700.00 ns, 15.7313 us/op
WorkloadJitting  2: 16 op, 499100.00 ns, 31.1938 us/op

WorkloadPilot    1: 16 op, 269500.00 ns, 16.8438 us/op
WorkloadPilot    2: 32 op, 585100.00 ns, 18.2844 us/op
WorkloadPilot    3: 64 op, 1073600.00 ns, 16.7750 us/op
WorkloadPilot    4: 128 op, 2048300.00 ns, 16.0023 us/op
WorkloadPilot    5: 256 op, 4066900.00 ns, 15.8863 us/op
WorkloadPilot    6: 512 op, 8603600.00 ns, 16.8039 us/op
WorkloadPilot    7: 1024 op, 16321500.00 ns, 15.9390 us/op
WorkloadPilot    8: 2048 op, 32687800.00 ns, 15.9608 us/op
WorkloadPilot    9: 4096 op, 60137800.00 ns, 14.6821 us/op
WorkloadPilot   10: 8192 op, 31909600.00 ns, 3.8952 us/op
WorkloadPilot   11: 16384 op, 61599700.00 ns, 3.7597 us/op
WorkloadPilot   12: 32768 op, 82523700.00 ns, 2.5184 us/op
WorkloadPilot   13: 65536 op, 158557000.00 ns, 2.4194 us/op
WorkloadPilot   14: 131072 op, 316952200.00 ns, 2.4182 us/op
WorkloadPilot   15: 262144 op, 633273300.00 ns, 2.4157 us/op

OverheadWarmup   1: 262144 op, 326700.00 ns, 1.2463 ns/op
OverheadWarmup   2: 262144 op, 326000.00 ns, 1.2436 ns/op
OverheadWarmup   3: 262144 op, 323300.00 ns, 1.2333 ns/op
OverheadWarmup   4: 262144 op, 326000.00 ns, 1.2436 ns/op
OverheadWarmup   5: 262144 op, 330100.00 ns, 1.2592 ns/op
OverheadWarmup   6: 262144 op, 328100.00 ns, 1.2516 ns/op
OverheadWarmup   7: 262144 op, 327300.00 ns, 1.2486 ns/op
OverheadWarmup   8: 262144 op, 327600.00 ns, 1.2497 ns/op
OverheadWarmup   9: 262144 op, 325800.00 ns, 1.2428 ns/op

OverheadActual   1: 262144 op, 321700.00 ns, 1.2272 ns/op
OverheadActual   2: 262144 op, 326600.00 ns, 1.2459 ns/op
OverheadActual   3: 262144 op, 325700.00 ns, 1.2424 ns/op
OverheadActual   4: 262144 op, 327200.00 ns, 1.2482 ns/op
OverheadActual   5: 262144 op, 329800.00 ns, 1.2581 ns/op
OverheadActual   6: 262144 op, 325700.00 ns, 1.2424 ns/op
OverheadActual   7: 262144 op, 327000.00 ns, 1.2474 ns/op
OverheadActual   8: 262144 op, 325900.00 ns, 1.2432 ns/op
OverheadActual   9: 262144 op, 327200.00 ns, 1.2482 ns/op
OverheadActual  10: 262144 op, 324200.00 ns, 1.2367 ns/op
OverheadActual  11: 262144 op, 325200.00 ns, 1.2405 ns/op
OverheadActual  12: 262144 op, 328200.00 ns, 1.2520 ns/op
OverheadActual  13: 262144 op, 326800.00 ns, 1.2466 ns/op
OverheadActual  14: 262144 op, 327600.00 ns, 1.2497 ns/op
OverheadActual  15: 262144 op, 329300.00 ns, 1.2562 ns/op

WorkloadWarmup   1: 262144 op, 633109900.00 ns, 2.4151 us/op
WorkloadWarmup   2: 262144 op, 630928800.00 ns, 2.4068 us/op
WorkloadWarmup   3: 262144 op, 629960400.00 ns, 2.4031 us/op

// BeforeActualRun
WorkloadActual   1: 262144 op, 629733800.00 ns, 2.4022 us/op
WorkloadActual   2: 262144 op, 633039100.00 ns, 2.4149 us/op
WorkloadActual   3: 262144 op, 638820700.00 ns, 2.4369 us/op
WorkloadActual   4: 262144 op, 632485000.00 ns, 2.4127 us/op
WorkloadActual   5: 262144 op, 632046500.00 ns, 2.4111 us/op

// AfterActualRun
WorkloadResult   1: 262144 op, 629407000.00 ns, 2.4010 us/op
WorkloadResult   2: 262144 op, 632712300.00 ns, 2.4136 us/op
WorkloadResult   3: 262144 op, 632158200.00 ns, 2.4115 us/op
WorkloadResult   4: 262144 op, 631719700.00 ns, 2.4098 us/op
// GC:  106 0 0 1782579200 262144
// Threading:  0 0 262144

// AfterAll
// Benchmark Process 29628 has exited with code 0.
// Launch: 3 / 3
// Execute: dotnet Heddle.Benchmarks.Dotnet-ShortRun-1.dll --anonymousPipes 8808 10760 --benchmarkName "Heddle.Benchmarks.Dotnet.Bench.TechniquePrecompiledBenchmarks.TextWriter(Workload: \"mixed-page\")" --job ShortRun --benchmarkId 19 in E:\Work\Heddle\benchmarks\dotnet\bin\Release\net10.0\Heddle.Benchmarks.Dotnet-ShortRun-1\bin\Release\net10.0
// BeforeAnythingElse

// Benchmark Process Environment Information:
// BenchmarkDotNet v0.15.8
// Runtime=.NET 10.0.12 (10.0.12, 10.0.1226.42308), X64 RyuJIT x86-64-v4
// GC=Concurrent Workstation
// HardwareIntrinsics=AVX512 BITALG+VBMI2+VNNI+VPOPCNTDQ,AVX512 IFMA+VBMI,AVX512 F+BW+CD+DQ+VL,AVX2+BMI1+BMI2+F16C+FMA+LZCNT+MOVBE,AVX,SSE3+SSSE3+SSE4.1+SSE4.2+POPCNT,X86Base+SSE+SSE2,AES+PCLMUL,AvxVnni VectorSize=256
// Job: ShortRun(IterationCount=5, LaunchCount=3, WarmupCount=3)

OverheadJitting  1: 1 op, 152000.00 ns, 152.0000 us/op
WorkloadJitting  1: 1 op, 204800.00 ns, 204.8000 us/op

OverheadJitting  2: 16 op, 232200.00 ns, 14.5125 us/op
WorkloadJitting  2: 16 op, 473500.00 ns, 29.5938 us/op

WorkloadPilot    1: 16 op, 252900.00 ns, 15.8063 us/op
WorkloadPilot    2: 32 op, 568700.00 ns, 17.7719 us/op
WorkloadPilot    3: 64 op, 1029900.00 ns, 16.0922 us/op
WorkloadPilot    4: 128 op, 1964500.00 ns, 15.3477 us/op
WorkloadPilot    5: 256 op, 3916500.00 ns, 15.2988 us/op
WorkloadPilot    6: 512 op, 8248100.00 ns, 16.1096 us/op
WorkloadPilot    7: 1024 op, 15725500.00 ns, 15.3569 us/op
WorkloadPilot    8: 2048 op, 31201900.00 ns, 15.2353 us/op
WorkloadPilot    9: 4096 op, 62664400.00 ns, 15.2989 us/op
WorkloadPilot   10: 8192 op, 27514400.00 ns, 3.3587 us/op
WorkloadPilot   11: 16384 op, 53670300.00 ns, 3.2758 us/op
WorkloadPilot   12: 32768 op, 85880000.00 ns, 2.6208 us/op
WorkloadPilot   13: 65536 op, 159162400.00 ns, 2.4286 us/op
WorkloadPilot   14: 131072 op, 318793200.00 ns, 2.4322 us/op
WorkloadPilot   15: 262144 op, 636157500.00 ns, 2.4267 us/op

OverheadWarmup   1: 262144 op, 327500.00 ns, 1.2493 ns/op
OverheadWarmup   2: 262144 op, 325500.00 ns, 1.2417 ns/op
OverheadWarmup   3: 262144 op, 325300.00 ns, 1.2409 ns/op
OverheadWarmup   4: 262144 op, 329200.00 ns, 1.2558 ns/op
OverheadWarmup   5: 262144 op, 326100.00 ns, 1.2440 ns/op
OverheadWarmup   6: 262144 op, 328200.00 ns, 1.2520 ns/op
OverheadWarmup   7: 262144 op, 323600.00 ns, 1.2344 ns/op

OverheadActual   1: 262144 op, 328300.00 ns, 1.2524 ns/op
OverheadActual   2: 262144 op, 326800.00 ns, 1.2466 ns/op
OverheadActual   3: 262144 op, 325700.00 ns, 1.2424 ns/op
OverheadActual   4: 262144 op, 327200.00 ns, 1.2482 ns/op
OverheadActual   5: 262144 op, 327400.00 ns, 1.2489 ns/op
OverheadActual   6: 262144 op, 328300.00 ns, 1.2524 ns/op
OverheadActual   7: 262144 op, 330300.00 ns, 1.2600 ns/op
OverheadActual   8: 262144 op, 327900.00 ns, 1.2508 ns/op
OverheadActual   9: 262144 op, 329400.00 ns, 1.2566 ns/op
OverheadActual  10: 262144 op, 342200.00 ns, 1.3054 ns/op
OverheadActual  11: 262144 op, 324000.00 ns, 1.2360 ns/op
OverheadActual  12: 262144 op, 327900.00 ns, 1.2508 ns/op
OverheadActual  13: 262144 op, 326100.00 ns, 1.2440 ns/op
OverheadActual  14: 262144 op, 325000.00 ns, 1.2398 ns/op
OverheadActual  15: 262144 op, 344000.00 ns, 1.3123 ns/op

WorkloadWarmup   1: 262144 op, 638741800.00 ns, 2.4366 us/op
WorkloadWarmup   2: 262144 op, 637696300.00 ns, 2.4326 us/op
WorkloadWarmup   3: 262144 op, 635166700.00 ns, 2.4230 us/op

// BeforeActualRun
WorkloadActual   1: 262144 op, 638241900.00 ns, 2.4347 us/op
WorkloadActual   2: 262144 op, 644665100.00 ns, 2.4592 us/op
WorkloadActual   3: 262144 op, 641628400.00 ns, 2.4476 us/op
WorkloadActual   4: 262144 op, 637356300.00 ns, 2.4313 us/op
WorkloadActual   5: 262144 op, 637115000.00 ns, 2.4304 us/op

// AfterActualRun
WorkloadResult   1: 262144 op, 637914000.00 ns, 2.4334 us/op
WorkloadResult   2: 262144 op, 644337200.00 ns, 2.4580 us/op
WorkloadResult   3: 262144 op, 641300500.00 ns, 2.4464 us/op
WorkloadResult   4: 262144 op, 637028400.00 ns, 2.4301 us/op
WorkloadResult   5: 262144 op, 636787100.00 ns, 2.4292 us/op
// GC:  106 0 0 1782579200 262144
// Threading:  0 0 262144

// AfterAll
// Benchmark Process 23068 has exited with code 0.

Mean = 2.423 μs, StdErr = 0.004 μs (0.17%), N = 14, StdDev = 0.016 μs
Min = 2.401 μs, Q1 = 2.412 μs, Median = 2.418 μs, Q3 = 2.430 μs, Max = 2.458 μs
IQR = 0.018 μs, LowerFence = 2.385 μs, UpperFence = 2.457 μs
ConfidenceInterval = [2.405 μs; 2.440 μs] (CI 99.9%), Margin = 0.018 μs (0.73% of Mean)
Skewness = 0.79, Kurtosis = 2.68, MValue = 2

// ** Remained 4 (16.7%) benchmark(s) to run. Estimated finish 2026-09-16 12:12 (0h 1m from now) **
Setup power plan (GUID: 8c5e7fda-e8bf-4a96-9a85-a6e23a8c635c FriendlyName: High performance)
// **************************
// Benchmark: TechniquePrecompiledBenchmarks.String: ShortRun(IterationCount=5, LaunchCount=3, WarmupCount=3) [Workload=mixed-page]
// *** Execute ***
// Launch: 1 / 3
// Execute: dotnet Heddle.Benchmarks.Dotnet-ShortRun-1.dll --anonymousPipes 4456 3656 --benchmarkName "Heddle.Benchmarks.Dotnet.Bench.TechniquePrecompiledBenchmarks.String(Workload: \"mixed-page\")" --job ShortRun --benchmarkId 20 in E:\Work\Heddle\benchmarks\dotnet\bin\Release\net10.0\Heddle.Benchmarks.Dotnet-ShortRun-1\bin\Release\net10.0
// BeforeAnythingElse

// Benchmark Process Environment Information:
// BenchmarkDotNet v0.15.8
// Runtime=.NET 10.0.12 (10.0.12, 10.0.1226.42308), X64 RyuJIT x86-64-v4
// GC=Concurrent Workstation
// HardwareIntrinsics=AVX512 BITALG+VBMI2+VNNI+VPOPCNTDQ,AVX512 IFMA+VBMI,AVX512 F+BW+CD+DQ+VL,AVX2+BMI1+BMI2+F16C+FMA+LZCNT+MOVBE,AVX,SSE3+SSSE3+SSE4.1+SSE4.2+POPCNT,X86Base+SSE+SSE2,AES+PCLMUL,AvxVnni VectorSize=256
// Job: ShortRun(IterationCount=5, LaunchCount=3, WarmupCount=3)

OverheadJitting  1: 1 op, 139700.00 ns, 139.7000 us/op
WorkloadJitting  1: 1 op, 191100.00 ns, 191.1000 us/op

OverheadJitting  2: 16 op, 233800.00 ns, 14.6125 us/op
WorkloadJitting  2: 16 op, 449400.00 ns, 28.0875 us/op

WorkloadPilot    1: 16 op, 252100.00 ns, 15.7563 us/op
WorkloadPilot    2: 32 op, 563700.00 ns, 17.6156 us/op
WorkloadPilot    3: 64 op, 1001600.00 ns, 15.6500 us/op
WorkloadPilot    4: 128 op, 2229900.00 ns, 17.4211 us/op
WorkloadPilot    5: 256 op, 4734200.00 ns, 18.4930 us/op
WorkloadPilot    6: 512 op, 8406400.00 ns, 16.4188 us/op
WorkloadPilot    7: 1024 op, 14362600.00 ns, 14.0260 us/op
WorkloadPilot    8: 2048 op, 28038200.00 ns, 13.6905 us/op
WorkloadPilot    9: 4096 op, 66077500.00 ns, 16.1322 us/op
WorkloadPilot   10: 8192 op, 122481400.00 ns, 14.9513 us/op
WorkloadPilot   11: 16384 op, 60534600.00 ns, 3.6947 us/op
WorkloadPilot   12: 32768 op, 100452700.00 ns, 3.0656 us/op
WorkloadPilot   13: 65536 op, 180535700.00 ns, 2.7548 us/op
WorkloadPilot   14: 131072 op, 359993600.00 ns, 2.7465 us/op
WorkloadPilot   15: 262144 op, 722494400.00 ns, 2.7561 us/op

OverheadWarmup   1: 262144 op, 327200.00 ns, 1.2482 ns/op
OverheadWarmup   2: 262144 op, 325900.00 ns, 1.2432 ns/op
OverheadWarmup   3: 262144 op, 325000.00 ns, 1.2398 ns/op
OverheadWarmup   4: 262144 op, 326900.00 ns, 1.2470 ns/op
OverheadWarmup   5: 262144 op, 327600.00 ns, 1.2497 ns/op
OverheadWarmup   6: 262144 op, 329800.00 ns, 1.2581 ns/op
OverheadWarmup   7: 262144 op, 322000.00 ns, 1.2283 ns/op
OverheadWarmup   8: 262144 op, 328800.00 ns, 1.2543 ns/op
OverheadWarmup   9: 262144 op, 327000.00 ns, 1.2474 ns/op

OverheadActual   1: 262144 op, 323200.00 ns, 1.2329 ns/op
OverheadActual   2: 262144 op, 325500.00 ns, 1.2417 ns/op
OverheadActual   3: 262144 op, 322600.00 ns, 1.2306 ns/op
OverheadActual   4: 262144 op, 325900.00 ns, 1.2432 ns/op
OverheadActual   5: 262144 op, 324100.00 ns, 1.2363 ns/op
OverheadActual   6: 262144 op, 327100.00 ns, 1.2478 ns/op
OverheadActual   7: 262144 op, 324700.00 ns, 1.2386 ns/op
OverheadActual   8: 262144 op, 327000.00 ns, 1.2474 ns/op
OverheadActual   9: 262144 op, 326400.00 ns, 1.2451 ns/op
OverheadActual  10: 262144 op, 324500.00 ns, 1.2379 ns/op
OverheadActual  11: 262144 op, 327500.00 ns, 1.2493 ns/op
OverheadActual  12: 262144 op, 325700.00 ns, 1.2424 ns/op
OverheadActual  13: 262144 op, 326200.00 ns, 1.2444 ns/op
OverheadActual  14: 262144 op, 329400.00 ns, 1.2566 ns/op
OverheadActual  15: 262144 op, 325200.00 ns, 1.2405 ns/op

WorkloadWarmup   1: 262144 op, 713529000.00 ns, 2.7219 us/op
WorkloadWarmup   2: 262144 op, 704308300.00 ns, 2.6867 us/op
WorkloadWarmup   3: 262144 op, 710171300.00 ns, 2.7091 us/op

// BeforeActualRun
WorkloadActual   1: 262144 op, 709959700.00 ns, 2.7083 us/op
WorkloadActual   2: 262144 op, 719173400.00 ns, 2.7434 us/op
WorkloadActual   3: 262144 op, 718092300.00 ns, 2.7393 us/op
WorkloadActual   4: 262144 op, 717930500.00 ns, 2.7387 us/op
WorkloadActual   5: 262144 op, 718663600.00 ns, 2.7415 us/op

// AfterActualRun
WorkloadResult   1: 262144 op, 709634000.00 ns, 2.7070 us/op
WorkloadResult   2: 262144 op, 718847700.00 ns, 2.7422 us/op
WorkloadResult   3: 262144 op, 717766600.00 ns, 2.7381 us/op
WorkloadResult   4: 262144 op, 717604800.00 ns, 2.7374 us/op
WorkloadResult   5: 262144 op, 718337900.00 ns, 2.7402 us/op
// GC:  747 38 0 12532580352 262144
// Threading:  0 0 262144

// AfterAll
// Benchmark Process 25008 has exited with code 0.
// Launch: 2 / 3
// Execute: dotnet Heddle.Benchmarks.Dotnet-ShortRun-1.dll --anonymousPipes 9256 3660 --benchmarkName "Heddle.Benchmarks.Dotnet.Bench.TechniquePrecompiledBenchmarks.String(Workload: \"mixed-page\")" --job ShortRun --benchmarkId 20 in E:\Work\Heddle\benchmarks\dotnet\bin\Release\net10.0\Heddle.Benchmarks.Dotnet-ShortRun-1\bin\Release\net10.0
// BeforeAnythingElse

// Benchmark Process Environment Information:
// BenchmarkDotNet v0.15.8
// Runtime=.NET 10.0.12 (10.0.12, 10.0.1226.42308), X64 RyuJIT x86-64-v4
// GC=Concurrent Workstation
// HardwareIntrinsics=AVX512 BITALG+VBMI2+VNNI+VPOPCNTDQ,AVX512 IFMA+VBMI,AVX512 F+BW+CD+DQ+VL,AVX2+BMI1+BMI2+F16C+FMA+LZCNT+MOVBE,AVX,SSE3+SSSE3+SSE4.1+SSE4.2+POPCNT,X86Base+SSE+SSE2,AES+PCLMUL,AvxVnni VectorSize=256
// Job: ShortRun(IterationCount=5, LaunchCount=3, WarmupCount=3)

OverheadJitting  1: 1 op, 129700.00 ns, 129.7000 us/op
WorkloadJitting  1: 1 op, 193900.00 ns, 193.9000 us/op

OverheadJitting  2: 16 op, 237500.00 ns, 14.8438 us/op
WorkloadJitting  2: 16 op, 449900.00 ns, 28.1188 us/op

WorkloadPilot    1: 16 op, 437100.00 ns, 27.3188 us/op
WorkloadPilot    2: 32 op, 556000.00 ns, 17.3750 us/op
WorkloadPilot    3: 64 op, 1012000.00 ns, 15.8125 us/op
WorkloadPilot    4: 128 op, 2245400.00 ns, 17.5422 us/op
WorkloadPilot    5: 256 op, 4802000.00 ns, 18.7578 us/op
WorkloadPilot    6: 512 op, 8649300.00 ns, 16.8932 us/op
WorkloadPilot    7: 1024 op, 14303600.00 ns, 13.9684 us/op
WorkloadPilot    8: 2048 op, 28060400.00 ns, 13.7014 us/op
WorkloadPilot    9: 4096 op, 68675600.00 ns, 16.7665 us/op
WorkloadPilot   10: 8192 op, 108928800.00 ns, 13.2970 us/op
WorkloadPilot   11: 16384 op, 61282900.00 ns, 3.7404 us/op
WorkloadPilot   12: 32768 op, 98294400.00 ns, 2.9997 us/op
WorkloadPilot   13: 65536 op, 176206900.00 ns, 2.6887 us/op
WorkloadPilot   14: 131072 op, 351880300.00 ns, 2.6846 us/op
WorkloadPilot   15: 262144 op, 702507100.00 ns, 2.6799 us/op

OverheadWarmup   1: 262144 op, 332900.00 ns, 1.2699 ns/op
OverheadWarmup   2: 262144 op, 329400.00 ns, 1.2566 ns/op
OverheadWarmup   3: 262144 op, 325700.00 ns, 1.2424 ns/op
OverheadWarmup   4: 262144 op, 326200.00 ns, 1.2444 ns/op
OverheadWarmup   5: 262144 op, 325900.00 ns, 1.2432 ns/op
OverheadWarmup   6: 262144 op, 340800.00 ns, 1.3000 ns/op
OverheadWarmup   7: 262144 op, 327400.00 ns, 1.2489 ns/op

OverheadActual   1: 262144 op, 327400.00 ns, 1.2489 ns/op
OverheadActual   2: 262144 op, 329200.00 ns, 1.2558 ns/op
OverheadActual   3: 262144 op, 329600.00 ns, 1.2573 ns/op
OverheadActual   4: 262144 op, 328700.00 ns, 1.2539 ns/op
OverheadActual   5: 262144 op, 324900.00 ns, 1.2394 ns/op
OverheadActual   6: 262144 op, 328900.00 ns, 1.2547 ns/op
OverheadActual   7: 262144 op, 325700.00 ns, 1.2424 ns/op
OverheadActual   8: 262144 op, 327700.00 ns, 1.2501 ns/op
OverheadActual   9: 262144 op, 326600.00 ns, 1.2459 ns/op
OverheadActual  10: 262144 op, 328500.00 ns, 1.2531 ns/op
OverheadActual  11: 262144 op, 325700.00 ns, 1.2424 ns/op
OverheadActual  12: 262144 op, 324500.00 ns, 1.2379 ns/op
OverheadActual  13: 262144 op, 328400.00 ns, 1.2527 ns/op
OverheadActual  14: 262144 op, 325400.00 ns, 1.2413 ns/op
OverheadActual  15: 262144 op, 325600.00 ns, 1.2421 ns/op

WorkloadWarmup   1: 262144 op, 697236300.00 ns, 2.6597 us/op
WorkloadWarmup   2: 262144 op, 695238400.00 ns, 2.6521 us/op
WorkloadWarmup   3: 262144 op, 696052900.00 ns, 2.6552 us/op

// BeforeActualRun
WorkloadActual   1: 262144 op, 704375600.00 ns, 2.6870 us/op
WorkloadActual   2: 262144 op, 704875100.00 ns, 2.6889 us/op
WorkloadActual   3: 262144 op, 709343500.00 ns, 2.7059 us/op
WorkloadActual   4: 262144 op, 713421800.00 ns, 2.7215 us/op
WorkloadActual   5: 262144 op, 702484600.00 ns, 2.6798 us/op

// AfterActualRun
WorkloadResult   1: 262144 op, 704048200.00 ns, 2.6857 us/op
WorkloadResult   2: 262144 op, 704547700.00 ns, 2.6876 us/op
WorkloadResult   3: 262144 op, 709016100.00 ns, 2.7047 us/op
WorkloadResult   4: 262144 op, 713094400.00 ns, 2.7202 us/op
WorkloadResult   5: 262144 op, 702157200.00 ns, 2.6785 us/op
// GC:  747 38 0 12532580352 262144
// Threading:  0 0 262144

// AfterAll
// Benchmark Process 9924 has exited with code 0.
// Launch: 3 / 3
// Execute: dotnet Heddle.Benchmarks.Dotnet-ShortRun-1.dll --anonymousPipes 10760 9260 --benchmarkName "Heddle.Benchmarks.Dotnet.Bench.TechniquePrecompiledBenchmarks.String(Workload: \"mixed-page\")" --job ShortRun --benchmarkId 20 in E:\Work\Heddle\benchmarks\dotnet\bin\Release\net10.0\Heddle.Benchmarks.Dotnet-ShortRun-1\bin\Release\net10.0
// BeforeAnythingElse

// Benchmark Process Environment Information:
// BenchmarkDotNet v0.15.8
// Runtime=.NET 10.0.12 (10.0.12, 10.0.1226.42308), X64 RyuJIT x86-64-v4
// GC=Concurrent Workstation
// HardwareIntrinsics=AVX512 BITALG+VBMI2+VNNI+VPOPCNTDQ,AVX512 IFMA+VBMI,AVX512 F+BW+CD+DQ+VL,AVX2+BMI1+BMI2+F16C+FMA+LZCNT+MOVBE,AVX,SSE3+SSSE3+SSE4.1+SSE4.2+POPCNT,X86Base+SSE+SSE2,AES+PCLMUL,AvxVnni VectorSize=256
// Job: ShortRun(IterationCount=5, LaunchCount=3, WarmupCount=3)

OverheadJitting  1: 1 op, 129300.00 ns, 129.3000 us/op
WorkloadJitting  1: 1 op, 186100.00 ns, 186.1000 us/op

OverheadJitting  2: 16 op, 229700.00 ns, 14.3563 us/op
WorkloadJitting  2: 16 op, 443200.00 ns, 27.7000 us/op

WorkloadPilot    1: 16 op, 248700.00 ns, 15.5438 us/op
WorkloadPilot    2: 32 op, 559200.00 ns, 17.4750 us/op
WorkloadPilot    3: 64 op, 1012500.00 ns, 15.8203 us/op
WorkloadPilot    4: 128 op, 2251600.00 ns, 17.5906 us/op
WorkloadPilot    5: 256 op, 4842500.00 ns, 18.9160 us/op
WorkloadPilot    6: 512 op, 8636500.00 ns, 16.8682 us/op
WorkloadPilot    7: 1024 op, 14345000.00 ns, 14.0088 us/op
WorkloadPilot    8: 2048 op, 28588400.00 ns, 13.9592 us/op
WorkloadPilot    9: 4096 op, 65170300.00 ns, 15.9107 us/op
WorkloadPilot   10: 8192 op, 122131700.00 ns, 14.9087 us/op
WorkloadPilot   11: 16384 op, 61007600.00 ns, 3.7236 us/op
WorkloadPilot   12: 32768 op, 98621400.00 ns, 3.0097 us/op
WorkloadPilot   13: 65536 op, 178628100.00 ns, 2.7256 us/op
WorkloadPilot   14: 131072 op, 353240300.00 ns, 2.6950 us/op
WorkloadPilot   15: 262144 op, 707405800.00 ns, 2.6985 us/op

OverheadWarmup   1: 262144 op, 327100.00 ns, 1.2478 ns/op
OverheadWarmup   2: 262144 op, 326500.00 ns, 1.2455 ns/op
OverheadWarmup   3: 262144 op, 322100.00 ns, 1.2287 ns/op
OverheadWarmup   4: 262144 op, 326200.00 ns, 1.2444 ns/op
OverheadWarmup   5: 262144 op, 331400.00 ns, 1.2642 ns/op
OverheadWarmup   6: 262144 op, 324800.00 ns, 1.2390 ns/op
OverheadWarmup   7: 262144 op, 327800.00 ns, 1.2505 ns/op
OverheadWarmup   8: 262144 op, 324400.00 ns, 1.2375 ns/op

OverheadActual   1: 262144 op, 326000.00 ns, 1.2436 ns/op
OverheadActual   2: 262144 op, 322500.00 ns, 1.2302 ns/op
OverheadActual   3: 262144 op, 321400.00 ns, 1.2260 ns/op
OverheadActual   4: 262144 op, 326500.00 ns, 1.2455 ns/op
OverheadActual   5: 262144 op, 324300.00 ns, 1.2371 ns/op
OverheadActual   6: 262144 op, 322300.00 ns, 1.2295 ns/op
OverheadActual   7: 262144 op, 328400.00 ns, 1.2527 ns/op
OverheadActual   8: 262144 op, 329300.00 ns, 1.2562 ns/op
OverheadActual   9: 262144 op, 354100.00 ns, 1.3508 ns/op
OverheadActual  10: 262144 op, 324100.00 ns, 1.2363 ns/op
OverheadActual  11: 262144 op, 322900.00 ns, 1.2318 ns/op
OverheadActual  12: 262144 op, 324100.00 ns, 1.2363 ns/op
OverheadActual  13: 262144 op, 330200.00 ns, 1.2596 ns/op
OverheadActual  14: 262144 op, 323800.00 ns, 1.2352 ns/op
OverheadActual  15: 262144 op, 341800.00 ns, 1.3039 ns/op

WorkloadWarmup   1: 262144 op, 705185200.00 ns, 2.6901 us/op
WorkloadWarmup   2: 262144 op, 701362800.00 ns, 2.6755 us/op
WorkloadWarmup   3: 262144 op, 701292400.00 ns, 2.6752 us/op

// BeforeActualRun
WorkloadActual   1: 262144 op, 700698100.00 ns, 2.6730 us/op
WorkloadActual   2: 262144 op, 705679900.00 ns, 2.6920 us/op
WorkloadActual   3: 262144 op, 708385900.00 ns, 2.7023 us/op
WorkloadActual   4: 262144 op, 706749100.00 ns, 2.6960 us/op
WorkloadActual   5: 262144 op, 708283500.00 ns, 2.7019 us/op

// AfterActualRun
WorkloadResult   1: 262144 op, 700373800.00 ns, 2.6717 us/op
WorkloadResult   2: 262144 op, 705355600.00 ns, 2.6907 us/op
WorkloadResult   3: 262144 op, 708061600.00 ns, 2.7010 us/op
WorkloadResult   4: 262144 op, 706424800.00 ns, 2.6948 us/op
WorkloadResult   5: 262144 op, 707959200.00 ns, 2.7007 us/op
// GC:  747 38 0 12532580352 262144
// Threading:  0 0 262144

// AfterAll
// Benchmark Process 23976 has exited with code 0.

Mean = 2.707 μs, StdErr = 0.006 μs (0.22%), N = 15, StdDev = 0.024 μs
Min = 2.672 μs, Q1 = 2.689 μs, Median = 2.701 μs, Q3 = 2.729 μs, Max = 2.742 μs
IQR = 0.040 μs, LowerFence = 2.630 μs, UpperFence = 2.788 μs
ConfidenceInterval = [2.681 μs; 2.732 μs] (CI 99.9%), Margin = 0.025 μs (0.93% of Mean)
Skewness = 0.29, Kurtosis = 1.57, MValue = 2

// ** Remained 3 (12.5%) benchmark(s) to run. Estimated finish 2026-09-16 12:12 (0h 1m from now) **
Setup power plan (GUID: 8c5e7fda-e8bf-4a96-9a85-a6e23a8c635c FriendlyName: High performance)
// **************************
// Benchmark: TechniquePrecompiledBenchmarks.Utf8: ShortRun(IterationCount=5, LaunchCount=3, WarmupCount=3) [Workload=trivial-substitution]
// *** Execute ***
// Launch: 1 / 3
// Execute: dotnet Heddle.Benchmarks.Dotnet-ShortRun-1.dll --anonymousPipes 10760 9260 --benchmarkName "Heddle.Benchmarks.Dotnet.Bench.TechniquePrecompiledBenchmarks.Utf8(Workload: \"trivial-substitution\")" --job ShortRun --benchmarkId 21 in E:\Work\Heddle\benchmarks\dotnet\bin\Release\net10.0\Heddle.Benchmarks.Dotnet-ShortRun-1\bin\Release\net10.0
// BeforeAnythingElse

// Benchmark Process Environment Information:
// BenchmarkDotNet v0.15.8
// Runtime=.NET 10.0.12 (10.0.12, 10.0.1226.42308), X64 RyuJIT x86-64-v4
// GC=Concurrent Workstation
// HardwareIntrinsics=AVX512 BITALG+VBMI2+VNNI+VPOPCNTDQ,AVX512 IFMA+VBMI,AVX512 F+BW+CD+DQ+VL,AVX2+BMI1+BMI2+F16C+FMA+LZCNT+MOVBE,AVX,SSE3+SSSE3+SSE4.1+SSE4.2+POPCNT,X86Base+SSE+SSE2,AES+PCLMUL,AvxVnni VectorSize=256
// Job: ShortRun(IterationCount=5, LaunchCount=3, WarmupCount=3)

OverheadJitting  1: 1 op, 147500.00 ns, 147.5000 us/op
WorkloadJitting  1: 1 op, 195000.00 ns, 195.0000 us/op

OverheadJitting  2: 16 op, 224700.00 ns, 14.0438 us/op
WorkloadJitting  2: 16 op, 242700.00 ns, 15.1688 us/op

WorkloadPilot    1: 16 op, 17700.00 ns, 1.1063 us/op
WorkloadPilot    2: 32 op, 29300.00 ns, 915.6250 ns/op
WorkloadPilot    3: 64 op, 59600.00 ns, 931.2500 ns/op
WorkloadPilot    4: 128 op, 101700.00 ns, 794.5313 ns/op
WorkloadPilot    5: 256 op, 211400.00 ns, 825.7813 ns/op
WorkloadPilot    6: 512 op, 435200.00 ns, 850.0000 ns/op
WorkloadPilot    7: 1024 op, 849200.00 ns, 829.2969 ns/op
WorkloadPilot    8: 2048 op, 1602500.00 ns, 782.4707 ns/op
WorkloadPilot    9: 4096 op, 3177000.00 ns, 775.6348 ns/op
WorkloadPilot   10: 8192 op, 6474400.00 ns, 790.3320 ns/op
WorkloadPilot   11: 16384 op, 12718600.00 ns, 776.2817 ns/op
WorkloadPilot   12: 32768 op, 25182800.00 ns, 768.5181 ns/op
WorkloadPilot   13: 65536 op, 60217400.00 ns, 918.8446 ns/op
WorkloadPilot   14: 131072 op, 22387100.00 ns, 170.8000 ns/op
WorkloadPilot   15: 262144 op, 31026600.00 ns, 118.3571 ns/op
WorkloadPilot   16: 524288 op, 58334100.00 ns, 111.2635 ns/op
WorkloadPilot   17: 1048576 op, 115589500.00 ns, 110.2347 ns/op
WorkloadPilot   18: 2097152 op, 230904200.00 ns, 110.1037 ns/op
WorkloadPilot   19: 4194304 op, 459805000.00 ns, 109.6261 ns/op
WorkloadPilot   20: 8388608 op, 916933100.00 ns, 109.3069 ns/op

OverheadWarmup   1: 8388608 op, 10748700.00 ns, 1.2813 ns/op
OverheadWarmup   2: 8388608 op, 10819700.00 ns, 1.2898 ns/op
OverheadWarmup   3: 8388608 op, 10839600.00 ns, 1.2922 ns/op
OverheadWarmup   4: 8388608 op, 10731300.00 ns, 1.2793 ns/op
OverheadWarmup   5: 8388608 op, 10811500.00 ns, 1.2888 ns/op
OverheadWarmup   6: 8388608 op, 10813500.00 ns, 1.2891 ns/op
OverheadWarmup   7: 8388608 op, 10824700.00 ns, 1.2904 ns/op
OverheadWarmup   8: 8388608 op, 10725400.00 ns, 1.2786 ns/op

OverheadActual   1: 8388608 op, 10822000.00 ns, 1.2901 ns/op
OverheadActual   2: 8388608 op, 10863900.00 ns, 1.2951 ns/op
OverheadActual   3: 8388608 op, 10793600.00 ns, 1.2867 ns/op
OverheadActual   4: 8388608 op, 10828700.00 ns, 1.2909 ns/op
OverheadActual   5: 8388608 op, 10814700.00 ns, 1.2892 ns/op
OverheadActual   6: 8388608 op, 10731600.00 ns, 1.2793 ns/op
OverheadActual   7: 8388608 op, 10849600.00 ns, 1.2934 ns/op
OverheadActual   8: 8388608 op, 10802100.00 ns, 1.2877 ns/op
OverheadActual   9: 8388608 op, 10815900.00 ns, 1.2894 ns/op
OverheadActual  10: 8388608 op, 10789900.00 ns, 1.2863 ns/op
OverheadActual  11: 8388608 op, 10809400.00 ns, 1.2886 ns/op
OverheadActual  12: 8388608 op, 10807000.00 ns, 1.2883 ns/op
OverheadActual  13: 8388608 op, 10739700.00 ns, 1.2803 ns/op
OverheadActual  14: 8388608 op, 10427000.00 ns, 1.2430 ns/op
OverheadActual  15: 8388608 op, 10106800.00 ns, 1.2048 ns/op

WorkloadWarmup   1: 8388608 op, 919591400.00 ns, 109.6238 ns/op
WorkloadWarmup   2: 8388608 op, 917999100.00 ns, 109.4340 ns/op
WorkloadWarmup   3: 8388608 op, 916147700.00 ns, 109.2133 ns/op

// BeforeActualRun
WorkloadActual   1: 8388608 op, 917223700.00 ns, 109.3416 ns/op
WorkloadActual   2: 8388608 op, 915668400.00 ns, 109.1562 ns/op
WorkloadActual   3: 8388608 op, 915541900.00 ns, 109.1411 ns/op
WorkloadActual   4: 8388608 op, 915882700.00 ns, 109.1817 ns/op
WorkloadActual   5: 8388608 op, 915910400.00 ns, 109.1850 ns/op

// AfterActualRun
WorkloadResult   1: 8388608 op, 904861400.00 ns, 107.8679 ns/op
WorkloadResult   2: 8388608 op, 904734900.00 ns, 107.8528 ns/op
WorkloadResult   3: 8388608 op, 905075700.00 ns, 107.8934 ns/op
WorkloadResult   4: 8388608 op, 905103400.00 ns, 107.8967 ns/op
// GC:  48 0 0 805306368 8388608
// Threading:  0 0 8388608

// AfterAll
// Benchmark Process 4776 has exited with code 0.
// Launch: 2 / 3
// Execute: dotnet Heddle.Benchmarks.Dotnet-ShortRun-1.dll --anonymousPipes 2332 2564 --benchmarkName "Heddle.Benchmarks.Dotnet.Bench.TechniquePrecompiledBenchmarks.Utf8(Workload: \"trivial-substitution\")" --job ShortRun --benchmarkId 21 in E:\Work\Heddle\benchmarks\dotnet\bin\Release\net10.0\Heddle.Benchmarks.Dotnet-ShortRun-1\bin\Release\net10.0
// BeforeAnythingElse

// Benchmark Process Environment Information:
// BenchmarkDotNet v0.15.8
// Runtime=.NET 10.0.12 (10.0.12, 10.0.1226.42308), X64 RyuJIT x86-64-v4
// GC=Concurrent Workstation
// HardwareIntrinsics=AVX512 BITALG+VBMI2+VNNI+VPOPCNTDQ,AVX512 IFMA+VBMI,AVX512 F+BW+CD+DQ+VL,AVX2+BMI1+BMI2+F16C+FMA+LZCNT+MOVBE,AVX,SSE3+SSSE3+SSE4.1+SSE4.2+POPCNT,X86Base+SSE+SSE2,AES+PCLMUL,AvxVnni VectorSize=256
// Job: ShortRun(IterationCount=5, LaunchCount=3, WarmupCount=3)

OverheadJitting  1: 1 op, 140300.00 ns, 140.3000 us/op
WorkloadJitting  1: 1 op, 185700.00 ns, 185.7000 us/op

OverheadJitting  2: 16 op, 224500.00 ns, 14.0313 us/op
WorkloadJitting  2: 16 op, 242000.00 ns, 15.1250 us/op

WorkloadPilot    1: 16 op, 18100.00 ns, 1.1313 us/op
WorkloadPilot    2: 32 op, 28100.00 ns, 878.1250 ns/op
WorkloadPilot    3: 64 op, 55500.00 ns, 867.1875 ns/op
WorkloadPilot    4: 128 op, 101600.00 ns, 793.7500 ns/op
WorkloadPilot    5: 256 op, 211600.00 ns, 826.5625 ns/op
WorkloadPilot    6: 512 op, 433200.00 ns, 846.0938 ns/op
WorkloadPilot    7: 1024 op, 842200.00 ns, 822.4609 ns/op
WorkloadPilot    8: 2048 op, 1615800.00 ns, 788.9648 ns/op
WorkloadPilot    9: 4096 op, 3189700.00 ns, 778.7354 ns/op
WorkloadPilot   10: 8192 op, 6438800.00 ns, 785.9863 ns/op
WorkloadPilot   11: 16384 op, 12662600.00 ns, 772.8638 ns/op
WorkloadPilot   12: 32768 op, 25167100.00 ns, 768.0389 ns/op
WorkloadPilot   13: 65536 op, 53641500.00 ns, 818.5043 ns/op
WorkloadPilot   14: 131072 op, 37522100.00 ns, 286.2709 ns/op
WorkloadPilot   15: 262144 op, 32815600.00 ns, 125.1816 ns/op
WorkloadPilot   16: 524288 op, 60315600.00 ns, 115.0429 ns/op
WorkloadPilot   17: 1048576 op, 119830400.00 ns, 114.2792 ns/op
WorkloadPilot   18: 2097152 op, 239512500.00 ns, 114.2085 ns/op
WorkloadPilot   19: 4194304 op, 479180300.00 ns, 114.2455 ns/op
WorkloadPilot   20: 8388608 op, 955178200.00 ns, 113.8661 ns/op

OverheadWarmup   1: 8388608 op, 10627700.00 ns, 1.2669 ns/op
OverheadWarmup   2: 8388608 op, 10681000.00 ns, 1.2733 ns/op
OverheadWarmup   3: 8388608 op, 10740400.00 ns, 1.2804 ns/op
OverheadWarmup   4: 8388608 op, 10722400.00 ns, 1.2782 ns/op
OverheadWarmup   5: 8388608 op, 10683400.00 ns, 1.2736 ns/op
OverheadWarmup   6: 8388608 op, 10725300.00 ns, 1.2786 ns/op
OverheadWarmup   7: 8388608 op, 10736900.00 ns, 1.2799 ns/op
OverheadWarmup   8: 8388608 op, 10689200.00 ns, 1.2743 ns/op

OverheadActual   1: 8388608 op, 10749800.00 ns, 1.2815 ns/op
OverheadActual   2: 8388608 op, 10670100.00 ns, 1.2720 ns/op
OverheadActual   3: 8388608 op, 10744400.00 ns, 1.2808 ns/op
OverheadActual   4: 8388608 op, 10752300.00 ns, 1.2818 ns/op
OverheadActual   5: 8388608 op, 11046400.00 ns, 1.3168 ns/op
OverheadActual   6: 8388608 op, 10757700.00 ns, 1.2824 ns/op
OverheadActual   7: 8388608 op, 10759700.00 ns, 1.2827 ns/op
OverheadActual   8: 8388608 op, 10756100.00 ns, 1.2822 ns/op
OverheadActual   9: 8388608 op, 10782500.00 ns, 1.2854 ns/op
OverheadActual  10: 8388608 op, 10697300.00 ns, 1.2752 ns/op
OverheadActual  11: 8388608 op, 10761900.00 ns, 1.2829 ns/op
OverheadActual  12: 8388608 op, 11258200.00 ns, 1.3421 ns/op
OverheadActual  13: 8388608 op, 11423500.00 ns, 1.3618 ns/op
OverheadActual  14: 8388608 op, 10656400.00 ns, 1.2703 ns/op
OverheadActual  15: 8388608 op, 10648600.00 ns, 1.2694 ns/op

WorkloadWarmup   1: 8388608 op, 958423800.00 ns, 114.2530 ns/op
WorkloadWarmup   2: 8388608 op, 957812200.00 ns, 114.1801 ns/op
WorkloadWarmup   3: 8388608 op, 950362800.00 ns, 113.2921 ns/op

// BeforeActualRun
WorkloadActual   1: 8388608 op, 957691500.00 ns, 114.1657 ns/op
WorkloadActual   2: 8388608 op, 952640700.00 ns, 113.5636 ns/op
WorkloadActual   3: 8388608 op, 962022700.00 ns, 114.6820 ns/op
WorkloadActual   4: 8388608 op, 956159100.00 ns, 113.9830 ns/op
WorkloadActual   5: 8388608 op, 955941100.00 ns, 113.9571 ns/op

// AfterActualRun
WorkloadResult   1: 8388608 op, 946935400.00 ns, 112.8835 ns/op
WorkloadResult   2: 8388608 op, 941884600.00 ns, 112.2814 ns/op
WorkloadResult   3: 8388608 op, 945403000.00 ns, 112.7008 ns/op
WorkloadResult   4: 8388608 op, 945185000.00 ns, 112.6748 ns/op
// GC:  48 0 0 805306368 8388608
// Threading:  0 0 8388608

// AfterAll
// Benchmark Process 20748 has exited with code 0.
// Launch: 3 / 3
// Execute: dotnet Heddle.Benchmarks.Dotnet-ShortRun-1.dll --anonymousPipes 5272 10560 --benchmarkName "Heddle.Benchmarks.Dotnet.Bench.TechniquePrecompiledBenchmarks.Utf8(Workload: \"trivial-substitution\")" --job ShortRun --benchmarkId 21 in E:\Work\Heddle\benchmarks\dotnet\bin\Release\net10.0\Heddle.Benchmarks.Dotnet-ShortRun-1\bin\Release\net10.0
// BeforeAnythingElse

// Benchmark Process Environment Information:
// BenchmarkDotNet v0.15.8
// Runtime=.NET 10.0.12 (10.0.12, 10.0.1226.42308), X64 RyuJIT x86-64-v4
// GC=Concurrent Workstation
// HardwareIntrinsics=AVX512 BITALG+VBMI2+VNNI+VPOPCNTDQ,AVX512 IFMA+VBMI,AVX512 F+BW+CD+DQ+VL,AVX2+BMI1+BMI2+F16C+FMA+LZCNT+MOVBE,AVX,SSE3+SSSE3+SSE4.1+SSE4.2+POPCNT,X86Base+SSE+SSE2,AES+PCLMUL,AvxVnni VectorSize=256
// Job: ShortRun(IterationCount=5, LaunchCount=3, WarmupCount=3)

OverheadJitting  1: 1 op, 142000.00 ns, 142.0000 us/op
WorkloadJitting  1: 1 op, 181500.00 ns, 181.5000 us/op

OverheadJitting  2: 16 op, 223800.00 ns, 13.9875 us/op
WorkloadJitting  2: 16 op, 244100.00 ns, 15.2563 us/op

WorkloadPilot    1: 16 op, 18100.00 ns, 1.1313 us/op
WorkloadPilot    2: 32 op, 27800.00 ns, 868.7500 ns/op
WorkloadPilot    3: 64 op, 110200.00 ns, 1.7219 us/op
WorkloadPilot    4: 128 op, 191600.00 ns, 1.4969 us/op
WorkloadPilot    5: 256 op, 210800.00 ns, 823.4375 ns/op
WorkloadPilot    6: 512 op, 426500.00 ns, 833.0078 ns/op
WorkloadPilot    7: 1024 op, 832300.00 ns, 812.7930 ns/op
WorkloadPilot    8: 2048 op, 1618500.00 ns, 790.2832 ns/op
WorkloadPilot    9: 4096 op, 3254000.00 ns, 794.4336 ns/op
WorkloadPilot   10: 8192 op, 6468900.00 ns, 789.6606 ns/op
WorkloadPilot   11: 16384 op, 12667000.00 ns, 773.1323 ns/op
WorkloadPilot   12: 32768 op, 25194100.00 ns, 768.8629 ns/op
WorkloadPilot   13: 65536 op, 50412800.00 ns, 769.2383 ns/op
WorkloadPilot   14: 131072 op, 108481400.00 ns, 827.6474 ns/op
WorkloadPilot   15: 262144 op, 46387400.00 ns, 176.9539 ns/op
WorkloadPilot   16: 524288 op, 59691700.00 ns, 113.8529 ns/op
WorkloadPilot   17: 1048576 op, 118060000.00 ns, 112.5908 ns/op
WorkloadPilot   18: 2097152 op, 228319700.00 ns, 108.8713 ns/op
WorkloadPilot   19: 4194304 op, 454649200.00 ns, 108.3968 ns/op
WorkloadPilot   20: 8388608 op, 909446400.00 ns, 108.4145 ns/op

OverheadWarmup   1: 8388608 op, 10688000.00 ns, 1.2741 ns/op
OverheadWarmup   2: 8388608 op, 10745700.00 ns, 1.2810 ns/op
OverheadWarmup   3: 8388608 op, 10760500.00 ns, 1.2828 ns/op
OverheadWarmup   4: 8388608 op, 10765700.00 ns, 1.2834 ns/op
OverheadWarmup   5: 8388608 op, 10700300.00 ns, 1.2756 ns/op
OverheadWarmup   6: 8388608 op, 10766400.00 ns, 1.2835 ns/op
OverheadWarmup   7: 8388608 op, 10781100.00 ns, 1.2852 ns/op
OverheadWarmup   8: 8388608 op, 10759800.00 ns, 1.2827 ns/op

OverheadActual   1: 8388608 op, 10760300.00 ns, 1.2827 ns/op
OverheadActual   2: 8388608 op, 10749800.00 ns, 1.2815 ns/op
OverheadActual   3: 8388608 op, 10703500.00 ns, 1.2760 ns/op
OverheadActual   4: 8388608 op, 10785500.00 ns, 1.2857 ns/op
OverheadActual   5: 8388608 op, 10767500.00 ns, 1.2836 ns/op
OverheadActual   6: 8388608 op, 10669400.00 ns, 1.2719 ns/op
OverheadActual   7: 8388608 op, 10753600.00 ns, 1.2819 ns/op
OverheadActual   8: 8388608 op, 10670100.00 ns, 1.2720 ns/op
OverheadActual   9: 8388608 op, 10735600.00 ns, 1.2798 ns/op
OverheadActual  10: 8388608 op, 10708800.00 ns, 1.2766 ns/op
OverheadActual  11: 8388608 op, 10760700.00 ns, 1.2828 ns/op
OverheadActual  12: 8388608 op, 10863200.00 ns, 1.2950 ns/op
OverheadActual  13: 8388608 op, 7816600.00 ns, 0.9318 ns/op
OverheadActual  14: 8388608 op, 7698500.00 ns, 0.9177 ns/op
OverheadActual  15: 8388608 op, 8035300.00 ns, 0.9579 ns/op
OverheadActual  16: 8388608 op, 7679500.00 ns, 0.9155 ns/op
OverheadActual  17: 8388608 op, 7636300.00 ns, 0.9103 ns/op
OverheadActual  18: 8388608 op, 7654900.00 ns, 0.9125 ns/op
OverheadActual  19: 8388608 op, 7584600.00 ns, 0.9042 ns/op
OverheadActual  20: 8388608 op, 7620600.00 ns, 0.9084 ns/op

WorkloadWarmup   1: 8388608 op, 914679300.00 ns, 109.0383 ns/op
WorkloadWarmup   2: 8388608 op, 909021200.00 ns, 108.3638 ns/op
WorkloadWarmup   3: 8388608 op, 908755800.00 ns, 108.3321 ns/op

// BeforeActualRun
WorkloadActual   1: 8388608 op, 909240400.00 ns, 108.3899 ns/op
WorkloadActual   2: 8388608 op, 908382400.00 ns, 108.2876 ns/op
WorkloadActual   3: 8388608 op, 909592400.00 ns, 108.4319 ns/op
WorkloadActual   4: 8388608 op, 910439400.00 ns, 108.5328 ns/op
WorkloadActual   5: 8388608 op, 909463200.00 ns, 108.4165 ns/op

// AfterActualRun
WorkloadResult   1: 8388608 op, 898553600.00 ns, 107.1159 ns/op
WorkloadResult   2: 8388608 op, 897695600.00 ns, 107.0137 ns/op
WorkloadResult   3: 8388608 op, 898905600.00 ns, 107.1579 ns/op
WorkloadResult   4: 8388608 op, 898776400.00 ns, 107.1425 ns/op
// GC:  48 0 0 805306368 8388608
// Threading:  0 0 8388608

// AfterAll
// Benchmark Process 28324 has exited with code 0.

Mean = 109.207 ns, StdErr = 0.738 ns (0.68%), N = 12, StdDev = 2.557 ns
Min = 107.014 ns, Q1 = 107.154 ns, Median = 107.881 ns, Q3 = 112.380 ns, Max = 112.883 ns
IQR = 5.226 ns, LowerFence = 99.315 ns, UpperFence = 120.218 ns
ConfidenceInterval = [105.932 ns; 112.482 ns] (CI 99.9%), Margin = 3.275 ns (3.00% of Mean)
Skewness = 0.58, Kurtosis = 1.28, MValue = 3

// ** Remained 2 (8.3%) benchmark(s) to run. Estimated finish 2026-09-16 12:12 (0h 0m from now) **
Setup power plan (GUID: 8c5e7fda-e8bf-4a96-9a85-a6e23a8c635c FriendlyName: High performance)
// **************************
// Benchmark: TechniquePrecompiledBenchmarks.TextWriter: ShortRun(IterationCount=5, LaunchCount=3, WarmupCount=3) [Workload=trivial-substitution]
// *** Execute ***
// Launch: 1 / 3
// Execute: dotnet Heddle.Benchmarks.Dotnet-ShortRun-1.dll --anonymousPipes 9256 2332 --benchmarkName "Heddle.Benchmarks.Dotnet.Bench.TechniquePrecompiledBenchmarks.TextWriter(Workload: \"trivial-substitution\")" --job ShortRun --benchmarkId 22 in E:\Work\Heddle\benchmarks\dotnet\bin\Release\net10.0\Heddle.Benchmarks.Dotnet-ShortRun-1\bin\Release\net10.0
// BeforeAnythingElse

// Benchmark Process Environment Information:
// BenchmarkDotNet v0.15.8
// Runtime=.NET 10.0.12 (10.0.12, 10.0.1226.42308), X64 RyuJIT x86-64-v4
// GC=Concurrent Workstation
// HardwareIntrinsics=AVX512 BITALG+VBMI2+VNNI+VPOPCNTDQ,AVX512 IFMA+VBMI,AVX512 F+BW+CD+DQ+VL,AVX2+BMI1+BMI2+F16C+FMA+LZCNT+MOVBE,AVX,SSE3+SSSE3+SSE4.1+SSE4.2+POPCNT,X86Base+SSE+SSE2,AES+PCLMUL,AvxVnni VectorSize=256
// Job: ShortRun(IterationCount=5, LaunchCount=3, WarmupCount=3)

OverheadJitting  1: 1 op, 139500.00 ns, 139.5000 us/op
WorkloadJitting  1: 1 op, 182900.00 ns, 182.9000 us/op

OverheadJitting  2: 16 op, 223300.00 ns, 13.9563 us/op
WorkloadJitting  2: 16 op, 273100.00 ns, 17.0688 us/op

WorkloadPilot    1: 16 op, 18800.00 ns, 1.1750 us/op
WorkloadPilot    2: 32 op, 24700.00 ns, 771.8750 ns/op
WorkloadPilot    3: 64 op, 48000.00 ns, 750.0000 ns/op
WorkloadPilot    4: 128 op, 91000.00 ns, 710.9375 ns/op
WorkloadPilot    5: 256 op, 189000.00 ns, 738.2813 ns/op
WorkloadPilot    6: 512 op, 398100.00 ns, 777.5391 ns/op
WorkloadPilot    7: 1024 op, 804900.00 ns, 786.0352 ns/op
WorkloadPilot    8: 2048 op, 1496400.00 ns, 730.6641 ns/op
WorkloadPilot    9: 4096 op, 2862400.00 ns, 698.8281 ns/op
WorkloadPilot   10: 8192 op, 5790800.00 ns, 706.8848 ns/op
WorkloadPilot   11: 16384 op, 11211000.00 ns, 684.2651 ns/op
WorkloadPilot   12: 32768 op, 22470300.00 ns, 685.7391 ns/op
WorkloadPilot   13: 65536 op, 44672100.00 ns, 681.6422 ns/op
WorkloadPilot   14: 131072 op, 31604300.00 ns, 241.1217 ns/op
WorkloadPilot   15: 262144 op, 25643000.00 ns, 97.8203 ns/op
WorkloadPilot   16: 524288 op, 47095500.00 ns, 89.8275 ns/op
WorkloadPilot   17: 1048576 op, 92058300.00 ns, 87.7936 ns/op
WorkloadPilot   18: 2097152 op, 183457900.00 ns, 87.4795 ns/op
WorkloadPilot   19: 4194304 op, 367992400.00 ns, 87.7362 ns/op
WorkloadPilot   20: 8388608 op, 734419800.00 ns, 87.5497 ns/op

OverheadWarmup   1: 8388608 op, 10751500.00 ns, 1.2817 ns/op
OverheadWarmup   2: 8388608 op, 10787700.00 ns, 1.2860 ns/op
OverheadWarmup   3: 8388608 op, 10807300.00 ns, 1.2883 ns/op
OverheadWarmup   4: 8388608 op, 10832100.00 ns, 1.2913 ns/op
OverheadWarmup   5: 8388608 op, 10823200.00 ns, 1.2902 ns/op
OverheadWarmup   6: 8388608 op, 10807800.00 ns, 1.2884 ns/op
OverheadWarmup   7: 8388608 op, 10792600.00 ns, 1.2866 ns/op
OverheadWarmup   8: 8388608 op, 10850500.00 ns, 1.2935 ns/op
OverheadWarmup   9: 8388608 op, 10812200.00 ns, 1.2889 ns/op

OverheadActual   1: 8388608 op, 10838800.00 ns, 1.2921 ns/op
OverheadActual   2: 8388608 op, 10726800.00 ns, 1.2787 ns/op
OverheadActual   3: 8388608 op, 10780300.00 ns, 1.2851 ns/op
OverheadActual   4: 8388608 op, 10818000.00 ns, 1.2896 ns/op
OverheadActual   5: 8388608 op, 10826400.00 ns, 1.2906 ns/op
OverheadActual   6: 8388608 op, 10818200.00 ns, 1.2896 ns/op
OverheadActual   7: 8388608 op, 10768700.00 ns, 1.2837 ns/op
OverheadActual   8: 8388608 op, 10797200.00 ns, 1.2871 ns/op
OverheadActual   9: 8388608 op, 10820500.00 ns, 1.2899 ns/op
OverheadActual  10: 8388608 op, 10819400.00 ns, 1.2898 ns/op
OverheadActual  11: 8388608 op, 10850900.00 ns, 1.2935 ns/op
OverheadActual  12: 8388608 op, 10741200.00 ns, 1.2805 ns/op
OverheadActual  13: 8388608 op, 10805000.00 ns, 1.2881 ns/op
OverheadActual  14: 8388608 op, 10776900.00 ns, 1.2847 ns/op
OverheadActual  15: 8388608 op, 10793700.00 ns, 1.2867 ns/op

WorkloadWarmup   1: 8388608 op, 736143100.00 ns, 87.7551 ns/op
WorkloadWarmup   2: 8388608 op, 732990300.00 ns, 87.3793 ns/op
WorkloadWarmup   3: 8388608 op, 729541700.00 ns, 86.9681 ns/op

// BeforeActualRun
WorkloadActual   1: 8388608 op, 731459800.00 ns, 87.1968 ns/op
WorkloadActual   2: 8388608 op, 729976800.00 ns, 87.0200 ns/op
WorkloadActual   3: 8388608 op, 731664600.00 ns, 87.2212 ns/op
WorkloadActual   4: 8388608 op, 730453900.00 ns, 87.0769 ns/op
WorkloadActual   5: 8388608 op, 732581600.00 ns, 87.3305 ns/op

// AfterActualRun
WorkloadResult   1: 8388608 op, 720654800.00 ns, 85.9087 ns/op
WorkloadResult   2: 8388608 op, 719171800.00 ns, 85.7320 ns/op
WorkloadResult   3: 8388608 op, 720859600.00 ns, 85.9332 ns/op
WorkloadResult   4: 8388608 op, 719648900.00 ns, 85.7888 ns/op
WorkloadResult   5: 8388608 op, 721776600.00 ns, 86.0425 ns/op
// GC:  44 0 0 738197504 8388608
// Threading:  0 0 8388608

// AfterAll
// Benchmark Process 4036 has exited with code 0.
// Launch: 2 / 3
// Execute: dotnet Heddle.Benchmarks.Dotnet-ShortRun-1.dll --anonymousPipes 1368 1372 --benchmarkName "Heddle.Benchmarks.Dotnet.Bench.TechniquePrecompiledBenchmarks.TextWriter(Workload: \"trivial-substitution\")" --job ShortRun --benchmarkId 22 in E:\Work\Heddle\benchmarks\dotnet\bin\Release\net10.0\Heddle.Benchmarks.Dotnet-ShortRun-1\bin\Release\net10.0
// BeforeAnythingElse

// Benchmark Process Environment Information:
// BenchmarkDotNet v0.15.8
// Runtime=.NET 10.0.12 (10.0.12, 10.0.1226.42308), X64 RyuJIT x86-64-v4
// GC=Concurrent Workstation
// HardwareIntrinsics=AVX512 BITALG+VBMI2+VNNI+VPOPCNTDQ,AVX512 IFMA+VBMI,AVX512 F+BW+CD+DQ+VL,AVX2+BMI1+BMI2+F16C+FMA+LZCNT+MOVBE,AVX,SSE3+SSSE3+SSE4.1+SSE4.2+POPCNT,X86Base+SSE+SSE2,AES+PCLMUL,AvxVnni VectorSize=256
// Job: ShortRun(IterationCount=5, LaunchCount=3, WarmupCount=3)

OverheadJitting  1: 1 op, 136500.00 ns, 136.5000 us/op
WorkloadJitting  1: 1 op, 187300.00 ns, 187.3000 us/op

OverheadJitting  2: 16 op, 221300.00 ns, 13.8313 us/op
WorkloadJitting  2: 16 op, 239600.00 ns, 14.9750 us/op

WorkloadPilot    1: 16 op, 14600.00 ns, 912.5000 ns/op
WorkloadPilot    2: 32 op, 23100.00 ns, 721.8750 ns/op
WorkloadPilot    3: 64 op, 47600.00 ns, 743.7500 ns/op
WorkloadPilot    4: 128 op, 89000.00 ns, 695.3125 ns/op
WorkloadPilot    5: 256 op, 193900.00 ns, 757.4219 ns/op
WorkloadPilot    6: 512 op, 402000.00 ns, 785.1563 ns/op
WorkloadPilot    7: 1024 op, 798700.00 ns, 779.9805 ns/op
WorkloadPilot    8: 2048 op, 1465700.00 ns, 715.6738 ns/op
WorkloadPilot    9: 4096 op, 2829500.00 ns, 690.7959 ns/op
WorkloadPilot   10: 8192 op, 5719100.00 ns, 698.1323 ns/op
WorkloadPilot   11: 16384 op, 11112800.00 ns, 678.2715 ns/op
WorkloadPilot   12: 32768 op, 22089300.00 ns, 674.1119 ns/op
WorkloadPilot   13: 65536 op, 44615200.00 ns, 680.7739 ns/op
WorkloadPilot   14: 131072 op, 29595700.00 ns, 225.7973 ns/op
WorkloadPilot   15: 262144 op, 32577900.00 ns, 124.2748 ns/op
WorkloadPilot   16: 524288 op, 61414000.00 ns, 117.1379 ns/op
WorkloadPilot   17: 1048576 op, 88834900.00 ns, 84.7196 ns/op
WorkloadPilot   18: 2097152 op, 176587600.00 ns, 84.2035 ns/op
WorkloadPilot   19: 4194304 op, 353141100.00 ns, 84.1954 ns/op
WorkloadPilot   20: 8388608 op, 707516900.00 ns, 84.3426 ns/op

OverheadWarmup   1: 8388608 op, 10666200.00 ns, 1.2715 ns/op
OverheadWarmup   2: 8388608 op, 10723700.00 ns, 1.2784 ns/op
OverheadWarmup   3: 8388608 op, 10735400.00 ns, 1.2798 ns/op
OverheadWarmup   4: 8388608 op, 10762800.00 ns, 1.2830 ns/op
OverheadWarmup   5: 8388608 op, 10768800.00 ns, 1.2837 ns/op
OverheadWarmup   6: 8388608 op, 10679100.00 ns, 1.2730 ns/op
OverheadWarmup   7: 8388608 op, 10749100.00 ns, 1.2814 ns/op
OverheadWarmup   8: 8388608 op, 10742700.00 ns, 1.2806 ns/op

OverheadActual   1: 8388608 op, 10759000.00 ns, 1.2826 ns/op
OverheadActual   2: 8388608 op, 10752800.00 ns, 1.2818 ns/op
OverheadActual   3: 8388608 op, 10703900.00 ns, 1.2760 ns/op
OverheadActual   4: 8388608 op, 10727900.00 ns, 1.2789 ns/op
OverheadActual   5: 8388608 op, 10744800.00 ns, 1.2809 ns/op
OverheadActual   6: 8388608 op, 10674200.00 ns, 1.2725 ns/op
OverheadActual   7: 8388608 op, 10773300.00 ns, 1.2843 ns/op
OverheadActual   8: 8388608 op, 10741100.00 ns, 1.2804 ns/op
OverheadActual   9: 8388608 op, 10774800.00 ns, 1.2845 ns/op
OverheadActual  10: 8388608 op, 10753200.00 ns, 1.2819 ns/op
OverheadActual  11: 8388608 op, 10904900.00 ns, 1.3000 ns/op
OverheadActual  12: 8388608 op, 10719100.00 ns, 1.2778 ns/op
OverheadActual  13: 8388608 op, 10822200.00 ns, 1.2901 ns/op
OverheadActual  14: 8388608 op, 7684000.00 ns, 0.9160 ns/op
OverheadActual  15: 8388608 op, 7686400.00 ns, 0.9163 ns/op
OverheadActual  16: 8388608 op, 8180500.00 ns, 0.9752 ns/op
OverheadActual  17: 8388608 op, 7707100.00 ns, 0.9188 ns/op
OverheadActual  18: 8388608 op, 7688600.00 ns, 0.9166 ns/op
OverheadActual  19: 8388608 op, 7703700.00 ns, 0.9184 ns/op
OverheadActual  20: 8388608 op, 7710600.00 ns, 0.9192 ns/op

WorkloadWarmup   1: 8388608 op, 706546800.00 ns, 84.2269 ns/op
WorkloadWarmup   2: 8388608 op, 704788200.00 ns, 84.0173 ns/op
WorkloadWarmup   3: 8388608 op, 702368500.00 ns, 83.7288 ns/op

// BeforeActualRun
WorkloadActual   1: 8388608 op, 703307700.00 ns, 83.8408 ns/op
WorkloadActual   2: 8388608 op, 703524500.00 ns, 83.8667 ns/op
WorkloadActual   3: 8388608 op, 708997600.00 ns, 84.5191 ns/op
WorkloadActual   4: 8388608 op, 703904200.00 ns, 83.9119 ns/op
WorkloadActual   5: 8388608 op, 704163700.00 ns, 83.9429 ns/op

// AfterActualRun
WorkloadResult   1: 8388608 op, 692584200.00 ns, 82.5625 ns/op
WorkloadResult   2: 8388608 op, 692801000.00 ns, 82.5883 ns/op
WorkloadResult   3: 8388608 op, 693180700.00 ns, 82.6336 ns/op
WorkloadResult   4: 8388608 op, 693440200.00 ns, 82.6645 ns/op
// GC:  44 0 0 738197504 8388608
// Threading:  0 0 8388608

// AfterAll
// Benchmark Process 19644 has exited with code 0.
// Launch: 3 / 3
// Execute: dotnet Heddle.Benchmarks.Dotnet-ShortRun-1.dll --anonymousPipes 10164 5048 --benchmarkName "Heddle.Benchmarks.Dotnet.Bench.TechniquePrecompiledBenchmarks.TextWriter(Workload: \"trivial-substitution\")" --job ShortRun --benchmarkId 22 in E:\Work\Heddle\benchmarks\dotnet\bin\Release\net10.0\Heddle.Benchmarks.Dotnet-ShortRun-1\bin\Release\net10.0
// BeforeAnythingElse

// Benchmark Process Environment Information:
// BenchmarkDotNet v0.15.8
// Runtime=.NET 10.0.12 (10.0.12, 10.0.1226.42308), X64 RyuJIT x86-64-v4
// GC=Concurrent Workstation
// HardwareIntrinsics=AVX512 BITALG+VBMI2+VNNI+VPOPCNTDQ,AVX512 IFMA+VBMI,AVX512 F+BW+CD+DQ+VL,AVX2+BMI1+BMI2+F16C+FMA+LZCNT+MOVBE,AVX,SSE3+SSSE3+SSE4.1+SSE4.2+POPCNT,X86Base+SSE+SSE2,AES+PCLMUL,AvxVnni VectorSize=256
// Job: ShortRun(IterationCount=5, LaunchCount=3, WarmupCount=3)

OverheadJitting  1: 1 op, 140200.00 ns, 140.2000 us/op
WorkloadJitting  1: 1 op, 178500.00 ns, 178.5000 us/op

OverheadJitting  2: 16 op, 222000.00 ns, 13.8750 us/op
WorkloadJitting  2: 16 op, 236700.00 ns, 14.7938 us/op

WorkloadPilot    1: 16 op, 18100.00 ns, 1.1313 us/op
WorkloadPilot    2: 32 op, 24900.00 ns, 778.1250 ns/op
WorkloadPilot    3: 64 op, 51000.00 ns, 796.8750 ns/op
WorkloadPilot    4: 128 op, 91900.00 ns, 717.9688 ns/op
WorkloadPilot    5: 256 op, 189400.00 ns, 739.8438 ns/op
WorkloadPilot    6: 512 op, 406900.00 ns, 794.7266 ns/op
WorkloadPilot    7: 1024 op, 797300.00 ns, 778.6133 ns/op
WorkloadPilot    8: 2048 op, 1487700.00 ns, 726.4160 ns/op
WorkloadPilot    9: 4096 op, 2861400.00 ns, 698.5840 ns/op
WorkloadPilot   10: 8192 op, 5789600.00 ns, 706.7383 ns/op
WorkloadPilot   11: 16384 op, 11297600.00 ns, 689.5508 ns/op
WorkloadPilot   12: 32768 op, 22529600.00 ns, 687.5488 ns/op
WorkloadPilot   13: 65536 op, 44805700.00 ns, 683.6807 ns/op
WorkloadPilot   14: 131072 op, 29022700.00 ns, 221.4256 ns/op
WorkloadPilot   15: 262144 op, 24583600.00 ns, 93.7790 ns/op
WorkloadPilot   16: 524288 op, 46923400.00 ns, 89.4993 ns/op
WorkloadPilot   17: 1048576 op, 90398300.00 ns, 86.2105 ns/op
WorkloadPilot   18: 2097152 op, 179493100.00 ns, 85.5890 ns/op
WorkloadPilot   19: 4194304 op, 360782700.00 ns, 86.0173 ns/op
WorkloadPilot   20: 8388608 op, 717100600.00 ns, 85.4851 ns/op

OverheadWarmup   1: 8388608 op, 10755500.00 ns, 1.2822 ns/op
OverheadWarmup   2: 8388608 op, 10826900.00 ns, 1.2907 ns/op
OverheadWarmup   3: 8388608 op, 10796500.00 ns, 1.2870 ns/op
OverheadWarmup   4: 8388608 op, 10843400.00 ns, 1.2926 ns/op
OverheadWarmup   5: 8388608 op, 10804700.00 ns, 1.2880 ns/op

OverheadActual   1: 8388608 op, 10826600.00 ns, 1.2906 ns/op
OverheadActual   2: 8388608 op, 10806500.00 ns, 1.2882 ns/op
OverheadActual   3: 8388608 op, 10808300.00 ns, 1.2884 ns/op
OverheadActual   4: 8388608 op, 10794700.00 ns, 1.2868 ns/op
OverheadActual   5: 8388608 op, 10822700.00 ns, 1.2902 ns/op
OverheadActual   6: 8388608 op, 10786200.00 ns, 1.2858 ns/op
OverheadActual   7: 8388608 op, 10778200.00 ns, 1.2849 ns/op
OverheadActual   8: 8388608 op, 10789300.00 ns, 1.2862 ns/op
OverheadActual   9: 8388608 op, 10786700.00 ns, 1.2859 ns/op
OverheadActual  10: 8388608 op, 10855600.00 ns, 1.2941 ns/op
OverheadActual  11: 8388608 op, 10815400.00 ns, 1.2893 ns/op
OverheadActual  12: 8388608 op, 10780700.00 ns, 1.2852 ns/op
OverheadActual  13: 8388608 op, 10804000.00 ns, 1.2879 ns/op
OverheadActual  14: 8388608 op, 10889700.00 ns, 1.2982 ns/op
OverheadActual  15: 8388608 op, 10817900.00 ns, 1.2896 ns/op

WorkloadWarmup   1: 8388608 op, 719449200.00 ns, 85.7650 ns/op
WorkloadWarmup   2: 8388608 op, 716134000.00 ns, 85.3698 ns/op
WorkloadWarmup   3: 8388608 op, 715396200.00 ns, 85.2819 ns/op

// BeforeActualRun
WorkloadActual   1: 8388608 op, 718390900.00 ns, 85.6389 ns/op
WorkloadActual   2: 8388608 op, 720587800.00 ns, 85.9008 ns/op
WorkloadActual   3: 8388608 op, 714339100.00 ns, 85.1559 ns/op
WorkloadActual   4: 8388608 op, 719400400.00 ns, 85.7592 ns/op
WorkloadActual   5: 8388608 op, 714411300.00 ns, 85.1645 ns/op

// AfterActualRun
WorkloadResult   1: 8388608 op, 707584400.00 ns, 84.3506 ns/op
WorkloadResult   2: 8388608 op, 709781300.00 ns, 84.6125 ns/op
WorkloadResult   3: 8388608 op, 703532600.00 ns, 83.8676 ns/op
WorkloadResult   4: 8388608 op, 708593900.00 ns, 84.4710 ns/op
WorkloadResult   5: 8388608 op, 703604800.00 ns, 83.8762 ns/op
// GC:  44 0 0 738197504 8388608
// Threading:  0 0 8388608

// AfterAll
// Benchmark Process 21960 has exited with code 0.

Mean = 84.359 ns, StdErr = 0.366 ns (0.43%), N = 14, StdDev = 1.370 ns
Min = 82.562 ns, Q1 = 82.965 ns, Median = 84.411 ns, Q3 = 85.775 ns, Max = 86.042 ns
IQR = 2.809 ns, LowerFence = 78.751 ns, UpperFence = 89.989 ns
ConfidenceInterval = [82.814 ns; 85.905 ns] (CI 99.9%), Margin = 1.546 ns (1.83% of Mean)
Skewness = -0.1, Kurtosis = 1.32, MValue = 2

// ** Remained 1 (4.2%) benchmark(s) to run. Estimated finish 2026-09-16 12:12 (0h 0m from now) **
Setup power plan (GUID: 8c5e7fda-e8bf-4a96-9a85-a6e23a8c635c FriendlyName: High performance)
// **************************
// Benchmark: TechniquePrecompiledBenchmarks.String: ShortRun(IterationCount=5, LaunchCount=3, WarmupCount=3) [Workload=trivial-substitution]
// *** Execute ***
// Launch: 1 / 3
// Execute: dotnet Heddle.Benchmarks.Dotnet-ShortRun-1.dll --anonymousPipes 1372 2564 --benchmarkName "Heddle.Benchmarks.Dotnet.Bench.TechniquePrecompiledBenchmarks.String(Workload: \"trivial-substitution\")" --job ShortRun --benchmarkId 23 in E:\Work\Heddle\benchmarks\dotnet\bin\Release\net10.0\Heddle.Benchmarks.Dotnet-ShortRun-1\bin\Release\net10.0
// BeforeAnythingElse

// Benchmark Process Environment Information:
// BenchmarkDotNet v0.15.8
// Runtime=.NET 10.0.12 (10.0.12, 10.0.1226.42308), X64 RyuJIT x86-64-v4
// GC=Concurrent Workstation
// HardwareIntrinsics=AVX512 BITALG+VBMI2+VNNI+VPOPCNTDQ,AVX512 IFMA+VBMI,AVX512 F+BW+CD+DQ+VL,AVX2+BMI1+BMI2+F16C+FMA+LZCNT+MOVBE,AVX,SSE3+SSSE3+SSE4.1+SSE4.2+POPCNT,X86Base+SSE+SSE2,AES+PCLMUL,AvxVnni VectorSize=256
// Job: ShortRun(IterationCount=5, LaunchCount=3, WarmupCount=3)

OverheadJitting  1: 1 op, 137900.00 ns, 137.9000 us/op
WorkloadJitting  1: 1 op, 167700.00 ns, 167.7000 us/op

OverheadJitting  2: 16 op, 221100.00 ns, 13.8188 us/op
WorkloadJitting  2: 16 op, 227300.00 ns, 14.2063 us/op

WorkloadPilot    1: 16 op, 15800.00 ns, 987.5000 ns/op
WorkloadPilot    2: 32 op, 24000.00 ns, 750.0000 ns/op
WorkloadPilot    3: 64 op, 65100.00 ns, 1.0172 us/op
WorkloadPilot    4: 128 op, 120700.00 ns, 942.9688 ns/op
WorkloadPilot    5: 256 op, 255400.00 ns, 997.6563 ns/op
WorkloadPilot    6: 512 op, 530800.00 ns, 1.0367 us/op
WorkloadPilot    7: 1024 op, 909300.00 ns, 887.9883 ns/op
WorkloadPilot    8: 2048 op, 1680000.00 ns, 820.3125 ns/op
WorkloadPilot    9: 4096 op, 3254600.00 ns, 794.5801 ns/op
WorkloadPilot   10: 8192 op, 7554600.00 ns, 922.1924 ns/op
WorkloadPilot   11: 16384 op, 11468200.00 ns, 699.9634 ns/op
WorkloadPilot   12: 32768 op, 20835300.00 ns, 635.8429 ns/op
WorkloadPilot   13: 65536 op, 41260300.00 ns, 629.5822 ns/op
WorkloadPilot   14: 131072 op, 38603300.00 ns, 294.5198 ns/op
WorkloadPilot   15: 262144 op, 39428800.00 ns, 150.4089 ns/op
WorkloadPilot   16: 524288 op, 73172100.00 ns, 139.5647 ns/op
WorkloadPilot   17: 1048576 op, 133258100.00 ns, 127.0848 ns/op
WorkloadPilot   18: 2097152 op, 258840000.00 ns, 123.4245 ns/op
WorkloadPilot   19: 4194304 op, 525731200.00 ns, 125.3441 ns/op

OverheadWarmup   1: 4194304 op, 5271600.00 ns, 1.2568 ns/op
OverheadWarmup   2: 4194304 op, 5315400.00 ns, 1.2673 ns/op
OverheadWarmup   3: 4194304 op, 5346400.00 ns, 1.2747 ns/op
OverheadWarmup   4: 4194304 op, 5327400.00 ns, 1.2702 ns/op
OverheadWarmup   5: 4194304 op, 5325000.00 ns, 1.2696 ns/op
OverheadWarmup   6: 4194304 op, 5272900.00 ns, 1.2572 ns/op
OverheadWarmup   7: 4194304 op, 5340800.00 ns, 1.2733 ns/op
OverheadWarmup   8: 4194304 op, 5332600.00 ns, 1.2714 ns/op

OverheadActual   1: 4194304 op, 5383300.00 ns, 1.2835 ns/op
OverheadActual   2: 4194304 op, 5358300.00 ns, 1.2775 ns/op
OverheadActual   3: 4194304 op, 5306300.00 ns, 1.2651 ns/op
OverheadActual   4: 4194304 op, 5330000.00 ns, 1.2708 ns/op
OverheadActual   5: 4194304 op, 5326000.00 ns, 1.2698 ns/op
OverheadActual   6: 4194304 op, 5250200.00 ns, 1.2517 ns/op
OverheadActual   7: 4194304 op, 5328800.00 ns, 1.2705 ns/op
OverheadActual   8: 4194304 op, 5309400.00 ns, 1.2659 ns/op
OverheadActual   9: 4194304 op, 5308200.00 ns, 1.2656 ns/op
OverheadActual  10: 4194304 op, 5362900.00 ns, 1.2786 ns/op
OverheadActual  11: 4194304 op, 5350900.00 ns, 1.2758 ns/op
OverheadActual  12: 4194304 op, 5268400.00 ns, 1.2561 ns/op
OverheadActual  13: 4194304 op, 5313400.00 ns, 1.2668 ns/op
OverheadActual  14: 4194304 op, 5339200.00 ns, 1.2730 ns/op
OverheadActual  15: 4194304 op, 5319800.00 ns, 1.2683 ns/op

WorkloadWarmup   1: 4194304 op, 515903400.00 ns, 123.0010 ns/op
WorkloadWarmup   2: 4194304 op, 525518500.00 ns, 125.2934 ns/op
WorkloadWarmup   3: 4194304 op, 517042600.00 ns, 123.2726 ns/op

// BeforeActualRun
WorkloadActual   1: 4194304 op, 515382400.00 ns, 122.8767 ns/op
WorkloadActual   2: 4194304 op, 517467700.00 ns, 123.3739 ns/op
WorkloadActual   3: 4194304 op, 516645500.00 ns, 123.1779 ns/op
WorkloadActual   4: 4194304 op, 525951500.00 ns, 125.3966 ns/op
WorkloadActual   5: 4194304 op, 518915400.00 ns, 123.7191 ns/op

// AfterActualRun
WorkloadResult   1: 4194304 op, 510056400.00 ns, 121.6069 ns/op
WorkloadResult   2: 4194304 op, 512141700.00 ns, 122.1041 ns/op
WorkloadResult   3: 4194304 op, 511319500.00 ns, 121.9081 ns/op
WorkloadResult   4: 4194304 op, 513589400.00 ns, 122.4493 ns/op
// GC:  403 0 0 6744440832 4194304
// Threading:  0 0 4194304

// AfterAll
// Benchmark Process 3272 has exited with code 0.
// Launch: 2 / 3
// Execute: dotnet Heddle.Benchmarks.Dotnet-ShortRun-1.dll --anonymousPipes 9608 3200 --benchmarkName "Heddle.Benchmarks.Dotnet.Bench.TechniquePrecompiledBenchmarks.String(Workload: \"trivial-substitution\")" --job ShortRun --benchmarkId 23 in E:\Work\Heddle\benchmarks\dotnet\bin\Release\net10.0\Heddle.Benchmarks.Dotnet-ShortRun-1\bin\Release\net10.0
// BeforeAnythingElse

// Benchmark Process Environment Information:
// BenchmarkDotNet v0.15.8
// Runtime=.NET 10.0.12 (10.0.12, 10.0.1226.42308), X64 RyuJIT x86-64-v4
// GC=Concurrent Workstation
// HardwareIntrinsics=AVX512 BITALG+VBMI2+VNNI+VPOPCNTDQ,AVX512 IFMA+VBMI,AVX512 F+BW+CD+DQ+VL,AVX2+BMI1+BMI2+F16C+FMA+LZCNT+MOVBE,AVX,SSE3+SSSE3+SSE4.1+SSE4.2+POPCNT,X86Base+SSE+SSE2,AES+PCLMUL,AvxVnni VectorSize=256
// Job: ShortRun(IterationCount=5, LaunchCount=3, WarmupCount=3)

OverheadJitting  1: 1 op, 142100.00 ns, 142.1000 us/op
WorkloadJitting  1: 1 op, 171800.00 ns, 171.8000 us/op

OverheadJitting  2: 16 op, 225100.00 ns, 14.0688 us/op
WorkloadJitting  2: 16 op, 272400.00 ns, 17.0250 us/op

WorkloadPilot    1: 16 op, 15900.00 ns, 993.7500 ns/op
WorkloadPilot    2: 32 op, 24400.00 ns, 762.5000 ns/op
WorkloadPilot    3: 64 op, 70400.00 ns, 1.1000 us/op
WorkloadPilot    4: 128 op, 121400.00 ns, 948.4375 ns/op
WorkloadPilot    5: 256 op, 253100.00 ns, 988.6719 ns/op
WorkloadPilot    6: 512 op, 523600.00 ns, 1.0227 us/op
WorkloadPilot    7: 1024 op, 1426800.00 ns, 1.3934 us/op
WorkloadPilot    8: 2048 op, 1689700.00 ns, 825.0488 ns/op
WorkloadPilot    9: 4096 op, 3276700.00 ns, 799.9756 ns/op
WorkloadPilot   10: 8192 op, 7338100.00 ns, 895.7642 ns/op
WorkloadPilot   11: 16384 op, 11516400.00 ns, 702.9053 ns/op
WorkloadPilot   12: 32768 op, 20724000.00 ns, 632.4463 ns/op
WorkloadPilot   13: 65536 op, 41511000.00 ns, 633.4076 ns/op
WorkloadPilot   14: 131072 op, 36112300.00 ns, 275.5150 ns/op
WorkloadPilot   15: 262144 op, 34075600.00 ns, 129.9881 ns/op
WorkloadPilot   16: 524288 op, 67191800.00 ns, 128.1582 ns/op
WorkloadPilot   17: 1048576 op, 134319100.00 ns, 128.0967 ns/op
WorkloadPilot   18: 2097152 op, 269921500.00 ns, 128.7086 ns/op
WorkloadPilot   19: 4194304 op, 538635200.00 ns, 128.4206 ns/op

OverheadWarmup   1: 4194304 op, 5326700.00 ns, 1.2700 ns/op
OverheadWarmup   2: 4194304 op, 5369900.00 ns, 1.2803 ns/op
OverheadWarmup   3: 4194304 op, 5391400.00 ns, 1.2854 ns/op
OverheadWarmup   4: 4194304 op, 5405700.00 ns, 1.2888 ns/op
OverheadWarmup   5: 4194304 op, 5373900.00 ns, 1.2812 ns/op
OverheadWarmup   6: 4194304 op, 5296300.00 ns, 1.2627 ns/op
OverheadWarmup   7: 4194304 op, 5365800.00 ns, 1.2793 ns/op
OverheadWarmup   8: 4194304 op, 5358000.00 ns, 1.2774 ns/op

OverheadActual   1: 4194304 op, 5394800.00 ns, 1.2862 ns/op
OverheadActual   2: 4194304 op, 5381300.00 ns, 1.2830 ns/op
OverheadActual   3: 4194304 op, 5395800.00 ns, 1.2865 ns/op
OverheadActual   4: 4194304 op, 5311000.00 ns, 1.2662 ns/op
OverheadActual   5: 4194304 op, 5331300.00 ns, 1.2711 ns/op
OverheadActual   6: 4194304 op, 5390600.00 ns, 1.2852 ns/op
OverheadActual   7: 4194304 op, 5409200.00 ns, 1.2897 ns/op
OverheadActual   8: 4194304 op, 5302200.00 ns, 1.2641 ns/op
OverheadActual   9: 4194304 op, 5378600.00 ns, 1.2824 ns/op
OverheadActual  10: 4194304 op, 5399000.00 ns, 1.2872 ns/op
OverheadActual  11: 4194304 op, 5381600.00 ns, 1.2831 ns/op
OverheadActual  12: 4194304 op, 5385800.00 ns, 1.2841 ns/op
OverheadActual  13: 4194304 op, 5325800.00 ns, 1.2698 ns/op
OverheadActual  14: 4194304 op, 5379200.00 ns, 1.2825 ns/op
OverheadActual  15: 4194304 op, 5371600.00 ns, 1.2807 ns/op

WorkloadWarmup   1: 4194304 op, 544408900.00 ns, 129.7972 ns/op
WorkloadWarmup   2: 4194304 op, 541661500.00 ns, 129.1422 ns/op
WorkloadWarmup   3: 4194304 op, 546682300.00 ns, 130.3392 ns/op

// BeforeActualRun
WorkloadActual   1: 4194304 op, 538050200.00 ns, 128.2812 ns/op
WorkloadActual   2: 4194304 op, 545721300.00 ns, 130.1101 ns/op
WorkloadActual   3: 4194304 op, 544965600.00 ns, 129.9299 ns/op
WorkloadActual   4: 4194304 op, 541527700.00 ns, 129.1103 ns/op
WorkloadActual   5: 4194304 op, 539218800.00 ns, 128.5598 ns/op

// AfterActualRun
WorkloadResult   1: 4194304 op, 532668900.00 ns, 126.9982 ns/op
WorkloadResult   2: 4194304 op, 540340000.00 ns, 128.8271 ns/op
WorkloadResult   3: 4194304 op, 539584300.00 ns, 128.6469 ns/op
WorkloadResult   4: 4194304 op, 536146400.00 ns, 127.8273 ns/op
WorkloadResult   5: 4194304 op, 533837500.00 ns, 127.2768 ns/op
// GC:  403 0 0 6744440832 4194304
// Threading:  0 0 4194304

// AfterAll
// Benchmark Process 24208 has exited with code 0.
// Launch: 3 / 3
// Execute: dotnet Heddle.Benchmarks.Dotnet-ShortRun-1.dll --anonymousPipes 1460 9616 --benchmarkName "Heddle.Benchmarks.Dotnet.Bench.TechniquePrecompiledBenchmarks.String(Workload: \"trivial-substitution\")" --job ShortRun --benchmarkId 23 in E:\Work\Heddle\benchmarks\dotnet\bin\Release\net10.0\Heddle.Benchmarks.Dotnet-ShortRun-1\bin\Release\net10.0
// BeforeAnythingElse

// Benchmark Process Environment Information:
// BenchmarkDotNet v0.15.8
// Runtime=.NET 10.0.12 (10.0.12, 10.0.1226.42308), X64 RyuJIT x86-64-v4
// GC=Concurrent Workstation
// HardwareIntrinsics=AVX512 BITALG+VBMI2+VNNI+VPOPCNTDQ,AVX512 IFMA+VBMI,AVX512 F+BW+CD+DQ+VL,AVX2+BMI1+BMI2+F16C+FMA+LZCNT+MOVBE,AVX,SSE3+SSSE3+SSE4.1+SSE4.2+POPCNT,X86Base+SSE+SSE2,AES+PCLMUL,AvxVnni VectorSize=256
// Job: ShortRun(IterationCount=5, LaunchCount=3, WarmupCount=3)

OverheadJitting  1: 1 op, 140600.00 ns, 140.6000 us/op
WorkloadJitting  1: 1 op, 173900.00 ns, 173.9000 us/op

OverheadJitting  2: 16 op, 227000.00 ns, 14.1875 us/op
WorkloadJitting  2: 16 op, 232900.00 ns, 14.5563 us/op

WorkloadPilot    1: 16 op, 15000.00 ns, 937.5000 ns/op
WorkloadPilot    2: 32 op, 25600.00 ns, 800.0000 ns/op
WorkloadPilot    3: 64 op, 65700.00 ns, 1.0266 us/op
WorkloadPilot    4: 128 op, 119000.00 ns, 929.6875 ns/op
WorkloadPilot    5: 256 op, 251000.00 ns, 980.4688 ns/op
WorkloadPilot    6: 512 op, 528300.00 ns, 1.0318 us/op
WorkloadPilot    7: 1024 op, 932600.00 ns, 910.7422 ns/op
WorkloadPilot    8: 2048 op, 1694700.00 ns, 827.4902 ns/op
WorkloadPilot    9: 4096 op, 3241200.00 ns, 791.3086 ns/op
WorkloadPilot   10: 8192 op, 7556800.00 ns, 922.4609 ns/op
WorkloadPilot   11: 16384 op, 11348900.00 ns, 692.6819 ns/op
WorkloadPilot   12: 32768 op, 21093200.00 ns, 643.7134 ns/op
WorkloadPilot   13: 65536 op, 40738900.00 ns, 621.6263 ns/op
WorkloadPilot   14: 131072 op, 41161900.00 ns, 314.0404 ns/op
WorkloadPilot   15: 262144 op, 34378300.00 ns, 131.1428 ns/op
WorkloadPilot   16: 524288 op, 67862700.00 ns, 129.4378 ns/op
WorkloadPilot   17: 1048576 op, 134933700.00 ns, 128.6828 ns/op
WorkloadPilot   18: 2097152 op, 271065400.00 ns, 129.2541 ns/op
WorkloadPilot   19: 4194304 op, 549761500.00 ns, 131.0734 ns/op

OverheadWarmup   1: 4194304 op, 5296900.00 ns, 1.2629 ns/op
OverheadWarmup   2: 4194304 op, 5331600.00 ns, 1.2712 ns/op
OverheadWarmup   3: 4194304 op, 5353400.00 ns, 1.2764 ns/op
OverheadWarmup   4: 4194304 op, 5334300.00 ns, 1.2718 ns/op
OverheadWarmup   5: 4194304 op, 5362400.00 ns, 1.2785 ns/op
OverheadWarmup   6: 4194304 op, 5285800.00 ns, 1.2602 ns/op

OverheadActual   1: 4194304 op, 5301000.00 ns, 1.2639 ns/op
OverheadActual   2: 4194304 op, 5312100.00 ns, 1.2665 ns/op
OverheadActual   3: 4194304 op, 5316800.00 ns, 1.2676 ns/op
OverheadActual   4: 4194304 op, 5369700.00 ns, 1.2802 ns/op
OverheadActual   5: 4194304 op, 5353200.00 ns, 1.2763 ns/op
OverheadActual   6: 4194304 op, 5338600.00 ns, 1.2728 ns/op
OverheadActual   7: 4194304 op, 5395000.00 ns, 1.2863 ns/op
OverheadActual   8: 4194304 op, 5352000.00 ns, 1.2760 ns/op
OverheadActual   9: 4194304 op, 5277200.00 ns, 1.2582 ns/op
OverheadActual  10: 4194304 op, 5338000.00 ns, 1.2727 ns/op
OverheadActual  11: 4194304 op, 5324300.00 ns, 1.2694 ns/op
OverheadActual  12: 4194304 op, 5313200.00 ns, 1.2668 ns/op
OverheadActual  13: 4194304 op, 5277500.00 ns, 1.2583 ns/op
OverheadActual  14: 4194304 op, 5320700.00 ns, 1.2686 ns/op
OverheadActual  15: 4194304 op, 5342200.00 ns, 1.2737 ns/op

WorkloadWarmup   1: 4194304 op, 541946100.00 ns, 129.2100 ns/op
WorkloadWarmup   2: 4194304 op, 545513800.00 ns, 130.0606 ns/op
WorkloadWarmup   3: 4194304 op, 538105700.00 ns, 128.2944 ns/op

// BeforeActualRun
WorkloadActual   1: 4194304 op, 540087200.00 ns, 128.7668 ns/op
WorkloadActual   2: 4194304 op, 542243300.00 ns, 129.2809 ns/op
WorkloadActual   3: 4194304 op, 542407000.00 ns, 129.3199 ns/op
WorkloadActual   4: 4194304 op, 549768200.00 ns, 131.0750 ns/op
WorkloadActual   5: 4194304 op, 549536600.00 ns, 131.0197 ns/op

// AfterActualRun
WorkloadResult   1: 4194304 op, 534762900.00 ns, 127.4974 ns/op
WorkloadResult   2: 4194304 op, 536919000.00 ns, 128.0115 ns/op
WorkloadResult   3: 4194304 op, 537082700.00 ns, 128.0505 ns/op
WorkloadResult   4: 4194304 op, 544443900.00 ns, 129.8055 ns/op
WorkloadResult   5: 4194304 op, 544212300.00 ns, 129.7503 ns/op
// GC:  403 0 0 6744440832 4194304
// Threading:  0 0 4194304

// AfterAll
// Benchmark Process 27244 has exited with code 0.

Mean = 126.483 ns, StdErr = 0.814 ns (0.64%), N = 14, StdDev = 3.045 ns
Min = 121.607 ns, Q1 = 123.586 ns, Median = 127.662 ns, Q3 = 128.498 ns, Max = 129.806 ns
IQR = 4.911 ns, LowerFence = 116.219 ns, UpperFence = 135.865 ns
ConfidenceInterval = [123.047 ns; 129.918 ns] (CI 99.9%), Margin = 3.435 ns (2.72% of Mean)
Skewness = -0.65, Kurtosis = 1.61, MValue = 2.8

// ** Remained 0 (0.0%) benchmark(s) to run. Estimated finish 2026-09-16 12:12 (0h 0m from now) **
Successfully reverted power plan (GUID: 8c5e7fda-e8bf-4a96-9a85-a6e23a8c635c FriendlyName: High performance)
// ***** BenchmarkRunner: Finish  *****

// * Export *
  BenchmarkDotNet.Artifacts\results\Heddle.Benchmarks.Dotnet.Bench.TechniquePrecompiledBenchmarks-report.csv
  BenchmarkDotNet.Artifacts\results\Heddle.Benchmarks.Dotnet.Bench.TechniquePrecompiledBenchmarks-report-github.md
  BenchmarkDotNet.Artifacts\results\Heddle.Benchmarks.Dotnet.Bench.TechniquePrecompiledBenchmarks-report.html

// * Detailed results *
TechniquePrecompiledBenchmarks.Utf8: ShortRun(IterationCount=5, LaunchCount=3, WarmupCount=3) [Workload=composed-page]
Runtime = .NET 10.0.12 (10.0.12, 10.0.1226.42308), X64 RyuJIT x86-64-v4; GC = Concurrent Workstation
Mean = 24.471 μs, StdErr = 0.093 μs (0.38%), N = 14, StdDev = 0.350 μs
Min = 24.134 μs, Q1 = 24.196 μs, Median = 24.348 μs, Q3 = 24.832 μs, Max = 25.005 μs
IQR = 0.636 μs, LowerFence = 23.242 μs, UpperFence = 25.785 μs
ConfidenceInterval = [24.077 μs; 24.866 μs] (CI 99.9%), Margin = 0.394 μs (1.61% of Mean)
Skewness = 0.65, Kurtosis = 1.55, MValue = 2
-------------------- Histogram --------------------
[24.042 μs ; 25.195 μs) | @@@@@@@@@@@@@@
---------------------------------------------------

TechniquePrecompiledBenchmarks.TextWriter: ShortRun(IterationCount=5, LaunchCount=3, WarmupCount=3) [Workload=composed-page]
Runtime = .NET 10.0.12 (10.0.12, 10.0.1226.42308), X64 RyuJIT x86-64-v4; GC = Concurrent Workstation
Mean = 21.968 μs, StdErr = 0.053 μs (0.24%), N = 14, StdDev = 0.199 μs
Min = 21.774 μs, Q1 = 21.833 μs, Median = 21.844 μs, Q3 = 22.203 μs, Max = 22.264 μs
IQR = 0.371 μs, LowerFence = 21.276 μs, UpperFence = 22.760 μs
ConfidenceInterval = [21.744 μs; 22.192 μs] (CI 99.9%), Margin = 0.224 μs (1.02% of Mean)
Skewness = 0.53, Kurtosis = 1.23, MValue = 2
-------------------- Histogram --------------------
[21.666 μs ; 22.372 μs) | @@@@@@@@@@@@@@
---------------------------------------------------

TechniquePrecompiledBenchmarks.String: ShortRun(IterationCount=5, LaunchCount=3, WarmupCount=3) [Workload=composed-page]
Runtime = .NET 10.0.12 (10.0.12, 10.0.1226.42308), X64 RyuJIT x86-64-v4; GC = Concurrent Workstation
Mean = 30.919 μs, StdErr = 0.239 μs (0.77%), N = 15, StdDev = 0.925 μs
Min = 29.373 μs, Q1 = 30.111 μs, Median = 31.236 μs, Q3 = 31.673 μs, Max = 31.904 μs
IQR = 1.562 μs, LowerFence = 27.769 μs, UpperFence = 34.016 μs
ConfidenceInterval = [29.929 μs; 31.908 μs] (CI 99.9%), Margin = 0.989 μs (3.20% of Mean)
Skewness = -0.51, Kurtosis = 1.5, MValue = 2.89
-------------------- Histogram --------------------
[29.338 μs ; 30.323 μs) | @@@@@
[30.323 μs ; 31.052 μs) | @
[31.052 μs ; 32.037 μs) | @@@@@@@@@
---------------------------------------------------

TechniquePrecompiledBenchmarks.Utf8: ShortRun(IterationCount=5, LaunchCount=3, WarmupCount=3) [Workload=conditional-heavy]
Runtime = .NET 10.0.12 (10.0.12, 10.0.1226.42308), X64 RyuJIT x86-64-v4; GC = Concurrent Workstation
Mean = 18.417 μs, StdErr = 0.034 μs (0.19%), N = 15, StdDev = 0.133 μs
Min = 18.235 μs, Q1 = 18.320 μs, Median = 18.396 μs, Q3 = 18.520 μs, Max = 18.631 μs
IQR = 0.200 μs, LowerFence = 18.020 μs, UpperFence = 18.821 μs
ConfidenceInterval = [18.275 μs; 18.560 μs] (CI 99.9%), Margin = 0.142 μs (0.77% of Mean)
Skewness = 0.26, Kurtosis = 1.5, MValue = 2
-------------------- Histogram --------------------
[18.164 μs ; 18.702 μs) | @@@@@@@@@@@@@@@
---------------------------------------------------

TechniquePrecompiledBenchmarks.TextWriter: ShortRun(IterationCount=5, LaunchCount=3, WarmupCount=3) [Workload=conditional-heavy]
Runtime = .NET 10.0.12 (10.0.12, 10.0.1226.42308), X64 RyuJIT x86-64-v4; GC = Concurrent Workstation
Mean = 14.437 μs, StdErr = 0.023 μs (0.16%), N = 15, StdDev = 0.089 μs
Min = 14.304 μs, Q1 = 14.349 μs, Median = 14.485 μs, Q3 = 14.509 μs, Max = 14.570 μs
IQR = 0.161 μs, LowerFence = 14.108 μs, UpperFence = 14.750 μs
ConfidenceInterval = [14.342 μs; 14.532 μs] (CI 99.9%), Margin = 0.095 μs (0.66% of Mean)
Skewness = -0.17, Kurtosis = 1.31, MValue = 2
-------------------- Histogram --------------------
[14.257 μs ; 14.618 μs) | @@@@@@@@@@@@@@@
---------------------------------------------------

TechniquePrecompiledBenchmarks.String: ShortRun(IterationCount=5, LaunchCount=3, WarmupCount=3) [Workload=conditional-heavy]
Runtime = .NET 10.0.12 (10.0.12, 10.0.1226.42308), X64 RyuJIT x86-64-v4; GC = Concurrent Workstation
Mean = 14.794 μs, StdErr = 0.048 μs (0.32%), N = 15, StdDev = 0.186 μs
Min = 14.556 μs, Q1 = 14.638 μs, Median = 14.746 μs, Q3 = 14.938 μs, Max = 15.121 μs
IQR = 0.300 μs, LowerFence = 14.188 μs, UpperFence = 15.388 μs
ConfidenceInterval = [14.596 μs; 14.992 μs] (CI 99.9%), Margin = 0.198 μs (1.34% of Mean)
Skewness = 0.38, Kurtosis = 1.58, MValue = 2
-------------------- Histogram --------------------
[14.504 μs ; 15.220 μs) | @@@@@@@@@@@@@@@
---------------------------------------------------

TechniquePrecompiledBenchmarks.Utf8: ShortRun(IterationCount=5, LaunchCount=3, WarmupCount=3) [Workload=encoded-loop]
Runtime = .NET 10.0.12 (10.0.12, 10.0.1226.42308), X64 RyuJIT x86-64-v4; GC = Concurrent Workstation
Mean = 718.018 μs, StdErr = 1.283 μs (0.18%), N = 14, StdDev = 4.802 μs
Min = 711.636 μs, Q1 = 715.087 μs, Median = 717.332 μs, Q3 = 718.090 μs, Max = 726.930 μs
IQR = 3.003 μs, LowerFence = 710.582 μs, UpperFence = 722.595 μs
ConfidenceInterval = [712.601 μs; 723.435 μs] (CI 99.9%), Margin = 5.417 μs (0.75% of Mean)
Skewness = 0.79, Kurtosis = 2.2, MValue = 2
-------------------- Histogram --------------------
[709.021 μs ; 729.545 μs) | @@@@@@@@@@@@@@
---------------------------------------------------

TechniquePrecompiledBenchmarks.TextWriter: ShortRun(IterationCount=5, LaunchCount=3, WarmupCount=3) [Workload=encoded-loop]
Runtime = .NET 10.0.12 (10.0.12, 10.0.1226.42308), X64 RyuJIT x86-64-v4; GC = Concurrent Workstation
Mean = 589.817 μs, StdErr = 1.136 μs (0.19%), N = 14, StdDev = 4.250 μs
Min = 584.113 μs, Q1 = 586.222 μs, Median = 589.304 μs, Q3 = 593.165 μs, Max = 596.771 μs
IQR = 6.943 μs, LowerFence = 575.807 μs, UpperFence = 603.581 μs
ConfidenceInterval = [585.023 μs; 594.611 μs] (CI 99.9%), Margin = 4.794 μs (0.81% of Mean)
Skewness = 0.22, Kurtosis = 1.53, MValue = 2
-------------------- Histogram --------------------
[581.798 μs ; 599.085 μs) | @@@@@@@@@@@@@@
---------------------------------------------------

TechniquePrecompiledBenchmarks.String: ShortRun(IterationCount=5, LaunchCount=3, WarmupCount=3) [Workload=encoded-loop]
Runtime = .NET 10.0.12 (10.0.12, 10.0.1226.42308), X64 RyuJIT x86-64-v4; GC = Concurrent Workstation
Mean = 3.949 ms, StdErr = 0.002 ms (0.05%), N = 14, StdDev = 0.008 ms
Min = 3.938 ms, Q1 = 3.944 ms, Median = 3.948 ms, Q3 = 3.952 ms, Max = 3.965 ms
IQR = 0.008 ms, LowerFence = 3.932 ms, UpperFence = 3.964 ms
ConfidenceInterval = [3.940 ms; 3.957 ms] (CI 99.9%), Margin = 0.008 ms (0.21% of Mean)
Skewness = 0.5, Kurtosis = 2.54, MValue = 2
-------------------- Histogram --------------------
[3.934 ms ; 3.969 ms) | @@@@@@@@@@@@@@
---------------------------------------------------

TechniquePrecompiledBenchmarks.Utf8: ShortRun(IterationCount=5, LaunchCount=3, WarmupCount=3) [Workload=fortunes-encoded]
Runtime = .NET 10.0.12 (10.0.12, 10.0.1226.42308), X64 RyuJIT x86-64-v4; GC = Concurrent Workstation
Mean = 690.803 ns, StdErr = 0.711 ns (0.10%), N = 15, StdDev = 2.754 ns
Min = 685.580 ns, Q1 = 689.341 ns, Median = 691.269 ns, Q3 = 692.365 ns, Max = 695.017 ns
IQR = 3.024 ns, LowerFence = 684.805 ns, UpperFence = 696.900 ns
ConfidenceInterval = [687.859 ns; 693.747 ns] (CI 99.9%), Margin = 2.944 ns (0.43% of Mean)
Skewness = -0.49, Kurtosis = 2.33, MValue = 2
-------------------- Histogram --------------------
[684.115 ns ; 696.483 ns) | @@@@@@@@@@@@@@@
---------------------------------------------------

TechniquePrecompiledBenchmarks.TextWriter: ShortRun(IterationCount=5, LaunchCount=3, WarmupCount=3) [Workload=fortunes-encoded]
Runtime = .NET 10.0.12 (10.0.12, 10.0.1226.42308), X64 RyuJIT x86-64-v4; GC = Concurrent Workstation
Mean = 619.671 ns, StdErr = 0.851 ns (0.14%), N = 15, StdDev = 3.295 ns
Min = 612.205 ns, Q1 = 618.966 ns, Median = 619.871 ns, Q3 = 621.583 ns, Max = 623.780 ns
IQR = 2.617 ns, LowerFence = 615.041 ns, UpperFence = 625.508 ns
ConfidenceInterval = [616.149 ns; 623.193 ns] (CI 99.9%), Margin = 3.522 ns (0.57% of Mean)
Skewness = -0.94, Kurtosis = 2.98, MValue = 2
-------------------- Histogram --------------------
[610.452 ns ; 625.534 ns) | @@@@@@@@@@@@@@@
---------------------------------------------------

TechniquePrecompiledBenchmarks.String: ShortRun(IterationCount=5, LaunchCount=3, WarmupCount=3) [Workload=fortunes-encoded]
Runtime = .NET 10.0.12 (10.0.12, 10.0.1226.42308), X64 RyuJIT x86-64-v4; GC = Concurrent Workstation
Mean = 687.636 ns, StdErr = 1.526 ns (0.22%), N = 15, StdDev = 5.911 ns
Min = 677.919 ns, Q1 = 682.898 ns, Median = 688.208 ns, Q3 = 690.837 ns, Max = 699.080 ns
IQR = 7.939 ns, LowerFence = 670.989 ns, UpperFence = 702.746 ns
ConfidenceInterval = [681.317 ns; 693.956 ns] (CI 99.9%), Margin = 6.320 ns (0.92% of Mean)
Skewness = 0.2, Kurtosis = 1.97, MValue = 2
-------------------- Histogram --------------------
[674.773 ns ; 702.226 ns) | @@@@@@@@@@@@@@@
---------------------------------------------------

TechniquePrecompiledBenchmarks.Utf8: ShortRun(IterationCount=5, LaunchCount=3, WarmupCount=3) [Workload=fragment-heavy]
Runtime = .NET 10.0.12 (10.0.12, 10.0.1226.42308), X64 RyuJIT x86-64-v4; GC = Concurrent Workstation
Mean = 5.571 μs, StdErr = 0.009 μs (0.16%), N = 12, StdDev = 0.031 μs
Min = 5.530 μs, Q1 = 5.554 μs, Median = 5.561 μs, Q3 = 5.602 μs, Max = 5.619 μs
IQR = 0.048 μs, LowerFence = 5.482 μs, UpperFence = 5.674 μs
ConfidenceInterval = [5.531 μs; 5.610 μs] (CI 99.9%), Margin = 0.039 μs (0.71% of Mean)
Skewness = 0.32, Kurtosis = 1.48, MValue = 2
-------------------- Histogram --------------------
[5.512 μs ; 5.636 μs) | @@@@@@@@@@@@
---------------------------------------------------

TechniquePrecompiledBenchmarks.TextWriter: ShortRun(IterationCount=5, LaunchCount=3, WarmupCount=3) [Workload=fragment-heavy]
Runtime = .NET 10.0.12 (10.0.12, 10.0.1226.42308), X64 RyuJIT x86-64-v4; GC = Concurrent Workstation
Mean = 4.959 μs, StdErr = 0.027 μs (0.55%), N = 13, StdDev = 0.099 μs
Min = 4.869 μs, Q1 = 4.874 μs, Median = 4.899 μs, Q3 = 5.068 μs, Max = 5.090 μs
IQR = 0.194 μs, LowerFence = 4.583 μs, UpperFence = 5.358 μs
ConfidenceInterval = [4.840 μs; 5.077 μs] (CI 99.9%), Margin = 0.118 μs (2.38% of Mean)
Skewness = 0.4, Kurtosis = 1.09, MValue = 2
-------------------- Histogram --------------------
[4.830 μs ; 5.020 μs) | @@@@@@@@
[5.020 μs ; 5.145 μs) | @@@@@
---------------------------------------------------

TechniquePrecompiledBenchmarks.String: ShortRun(IterationCount=5, LaunchCount=3, WarmupCount=3) [Workload=fragment-heavy]
Runtime = .NET 10.0.12 (10.0.12, 10.0.1226.42308), X64 RyuJIT x86-64-v4; GC = Concurrent Workstation
Mean = 5.310 μs, StdErr = 0.032 μs (0.61%), N = 14, StdDev = 0.121 μs
Min = 5.188 μs, Q1 = 5.206 μs, Median = 5.264 μs, Q3 = 5.434 μs, Max = 5.495 μs
IQR = 0.229 μs, LowerFence = 4.863 μs, UpperFence = 5.777 μs
ConfidenceInterval = [5.174 μs; 5.447 μs] (CI 99.9%), Margin = 0.137 μs (2.57% of Mean)
Skewness = 0.44, Kurtosis = 1.29, MValue = 2
-------------------- Histogram --------------------
[5.172 μs ; 5.304 μs) | @@@@@@@@@
[5.304 μs ; 5.528 μs) | @@@@@
---------------------------------------------------

TechniquePrecompiledBenchmarks.Utf8: ShortRun(IterationCount=5, LaunchCount=3, WarmupCount=3) [Workload=large-loop]
Runtime = .NET 10.0.12 (10.0.12, 10.0.1226.42308), X64 RyuJIT x86-64-v4; GC = Concurrent Workstation
Mean = 170.073 μs, StdErr = 0.693 μs (0.41%), N = 15, StdDev = 2.685 μs
Min = 166.697 μs, Q1 = 167.470 μs, Median = 169.648 μs, Q3 = 173.151 μs, Max = 173.849 μs
IQR = 5.681 μs, LowerFence = 158.949 μs, UpperFence = 181.672 μs
ConfidenceInterval = [167.202 μs; 172.944 μs] (CI 99.9%), Margin = 2.871 μs (1.69% of Mean)
Skewness = 0.23, Kurtosis = 1.35, MValue = 2
-------------------- Histogram --------------------
[165.268 μs ; 170.219 μs) | @@@@@@@@@@
[170.219 μs ; 175.279 μs) | @@@@@
---------------------------------------------------

TechniquePrecompiledBenchmarks.TextWriter: ShortRun(IterationCount=5, LaunchCount=3, WarmupCount=3) [Workload=large-loop]
Runtime = .NET 10.0.12 (10.0.12, 10.0.1226.42308), X64 RyuJIT x86-64-v4; GC = Concurrent Workstation
Mean = 141.392 μs, StdErr = 0.877 μs (0.62%), N = 13, StdDev = 3.162 μs
Min = 138.033 μs, Q1 = 138.957 μs, Median = 139.474 μs, Q3 = 145.319 μs, Max = 145.386 μs
IQR = 6.362 μs, LowerFence = 129.413 μs, UpperFence = 154.862 μs
ConfidenceInterval = [137.605 μs; 145.179 μs] (CI 99.9%), Margin = 3.787 μs (2.68% of Mean)
Skewness = 0.39, Kurtosis = 1.09, MValue = 2
-------------------- Histogram --------------------
[137.050 μs ; 143.224 μs) | @@@@@@@@
[143.224 μs ; 147.151 μs) | @@@@@
---------------------------------------------------

TechniquePrecompiledBenchmarks.String: ShortRun(IterationCount=5, LaunchCount=3, WarmupCount=3) [Workload=large-loop]
Runtime = .NET 10.0.12 (10.0.12, 10.0.1226.42308), X64 RyuJIT x86-64-v4; GC = Concurrent Workstation
Mean = 1.220 ms, StdErr = 0.004 ms (0.31%), N = 14, StdDev = 0.014 ms
Min = 1.202 ms, Q1 = 1.214 ms, Median = 1.216 ms, Q3 = 1.219 ms, Max = 1.256 ms
IQR = 0.004 ms, LowerFence = 1.208 ms, UpperFence = 1.226 ms
ConfidenceInterval = [1.205 ms; 1.236 ms] (CI 99.9%), Margin = 0.016 ms (1.29% of Mean)
Skewness = 1.32, Kurtosis = 3.86, MValue = 2
-------------------- Histogram --------------------
[1.194 ms ; 1.228 ms) | @@@@@@@@@@@
[1.228 ms ; 1.264 ms) | @@@
---------------------------------------------------

TechniquePrecompiledBenchmarks.Utf8: ShortRun(IterationCount=5, LaunchCount=3, WarmupCount=3) [Workload=mixed-page]
Runtime = .NET 10.0.12 (10.0.12, 10.0.1226.42308), X64 RyuJIT x86-64-v4; GC = Concurrent Workstation
Mean = 2.792 μs, StdErr = 0.011 μs (0.40%), N = 15, StdDev = 0.043 μs
Min = 2.731 μs, Q1 = 2.749 μs, Median = 2.791 μs, Q3 = 2.836 μs, Max = 2.853 μs
IQR = 0.087 μs, LowerFence = 2.618 μs, UpperFence = 2.966 μs
ConfidenceInterval = [2.746 μs; 2.838 μs] (CI 99.9%), Margin = 0.046 μs (1.65% of Mean)
Skewness = 0.01, Kurtosis = 1.39, MValue = 2
-------------------- Histogram --------------------
[2.708 μs ; 2.816 μs) | @@@@@@@@@@
[2.816 μs ; 2.876 μs) | @@@@@
---------------------------------------------------

TechniquePrecompiledBenchmarks.TextWriter: ShortRun(IterationCount=5, LaunchCount=3, WarmupCount=3) [Workload=mixed-page]
Runtime = .NET 10.0.12 (10.0.12, 10.0.1226.42308), X64 RyuJIT x86-64-v4; GC = Concurrent Workstation
Mean = 2.423 μs, StdErr = 0.004 μs (0.17%), N = 14, StdDev = 0.016 μs
Min = 2.401 μs, Q1 = 2.412 μs, Median = 2.418 μs, Q3 = 2.430 μs, Max = 2.458 μs
IQR = 0.018 μs, LowerFence = 2.385 μs, UpperFence = 2.457 μs
ConfidenceInterval = [2.405 μs; 2.440 μs] (CI 99.9%), Margin = 0.018 μs (0.73% of Mean)
Skewness = 0.79, Kurtosis = 2.68, MValue = 2
-------------------- Histogram --------------------
[2.392 μs ; 2.466 μs) | @@@@@@@@@@@@@@
---------------------------------------------------

TechniquePrecompiledBenchmarks.String: ShortRun(IterationCount=5, LaunchCount=3, WarmupCount=3) [Workload=mixed-page]
Runtime = .NET 10.0.12 (10.0.12, 10.0.1226.42308), X64 RyuJIT x86-64-v4; GC = Concurrent Workstation
Mean = 2.707 μs, StdErr = 0.006 μs (0.22%), N = 15, StdDev = 0.024 μs
Min = 2.672 μs, Q1 = 2.689 μs, Median = 2.701 μs, Q3 = 2.729 μs, Max = 2.742 μs
IQR = 0.040 μs, LowerFence = 2.630 μs, UpperFence = 2.788 μs
ConfidenceInterval = [2.681 μs; 2.732 μs] (CI 99.9%), Margin = 0.025 μs (0.93% of Mean)
Skewness = 0.29, Kurtosis = 1.57, MValue = 2
-------------------- Histogram --------------------
[2.669 μs ; 2.755 μs) | @@@@@@@@@@@@@@@
---------------------------------------------------

TechniquePrecompiledBenchmarks.Utf8: ShortRun(IterationCount=5, LaunchCount=3, WarmupCount=3) [Workload=trivial-substitution]
Runtime = .NET 10.0.12 (10.0.12, 10.0.1226.42308), X64 RyuJIT x86-64-v4; GC = Concurrent Workstation
Mean = 109.207 ns, StdErr = 0.738 ns (0.68%), N = 12, StdDev = 2.557 ns
Min = 107.014 ns, Q1 = 107.154 ns, Median = 107.881 ns, Q3 = 112.380 ns, Max = 112.883 ns
IQR = 5.226 ns, LowerFence = 99.315 ns, UpperFence = 120.218 ns
ConfidenceInterval = [105.932 ns; 112.482 ns] (CI 99.9%), Margin = 3.275 ns (3.00% of Mean)
Skewness = 0.58, Kurtosis = 1.28, MValue = 3
-------------------- Histogram --------------------
[105.989 ns ; 108.921 ns) | @@@@@@@@
[108.921 ns ; 111.117 ns) | 
[111.117 ns ; 114.349 ns) | @@@@
---------------------------------------------------

TechniquePrecompiledBenchmarks.TextWriter: ShortRun(IterationCount=5, LaunchCount=3, WarmupCount=3) [Workload=trivial-substitution]
Runtime = .NET 10.0.12 (10.0.12, 10.0.1226.42308), X64 RyuJIT x86-64-v4; GC = Concurrent Workstation
Mean = 84.359 ns, StdErr = 0.366 ns (0.43%), N = 14, StdDev = 1.370 ns
Min = 82.562 ns, Q1 = 82.965 ns, Median = 84.411 ns, Q3 = 85.775 ns, Max = 86.042 ns
IQR = 2.809 ns, LowerFence = 78.751 ns, UpperFence = 89.989 ns
ConfidenceInterval = [82.814 ns; 85.905 ns] (CI 99.9%), Margin = 1.546 ns (1.83% of Mean)
Skewness = -0.1, Kurtosis = 1.32, MValue = 2
-------------------- Histogram --------------------
[82.387 ns ; 86.181 ns) | @@@@@@@@@@@@@@
---------------------------------------------------

TechniquePrecompiledBenchmarks.String: ShortRun(IterationCount=5, LaunchCount=3, WarmupCount=3) [Workload=trivial-substitution]
Runtime = .NET 10.0.12 (10.0.12, 10.0.1226.42308), X64 RyuJIT x86-64-v4; GC = Concurrent Workstation
Mean = 126.483 ns, StdErr = 0.814 ns (0.64%), N = 14, StdDev = 3.045 ns
Min = 121.607 ns, Q1 = 123.586 ns, Median = 127.662 ns, Q3 = 128.498 ns, Max = 129.806 ns
IQR = 4.911 ns, LowerFence = 116.219 ns, UpperFence = 135.865 ns
ConfidenceInterval = [123.047 ns; 129.918 ns] (CI 99.9%), Margin = 3.435 ns (2.72% of Mean)
Skewness = -0.65, Kurtosis = 1.61, MValue = 2.8
-------------------- Histogram --------------------
[120.370 ns ; 123.687 ns) | @@@@
[123.687 ns ; 126.743 ns) | 
[126.743 ns ; 130.060 ns) | @@@@@@@@@@
---------------------------------------------------

// * Summary *

BenchmarkDotNet v0.15.8, Windows 11 (10.0.26200.9457/25H2/2025Update/HudsonValley2)
AMD Ryzen 9 9950X 4.30GHz, 1 CPU, 32 logical and 16 physical cores
.NET SDK 10.0.401
  [Host]   : .NET 10.0.12 (10.0.12, 10.0.1226.42308), X64 RyuJIT x86-64-v4
  ShortRun : .NET 10.0.12 (10.0.12, 10.0.1226.42308), X64 RyuJIT x86-64-v4

Job=ShortRun  IterationCount=5  LaunchCount=3  
WarmupCount=3  

| Method     | Workload             | Mean            | Error         | StdDev        | Ratio | RatioSD | Gen0     | Gen1     | Gen2     | Allocated | Alloc Ratio |
|----------- |--------------------- |----------------:|--------------:|--------------:|------:|--------:|---------:|---------:|---------:|----------:|------------:|
| Utf8       | composed-page        |    24,471.19 ns |    394.455 ns |    349.674 ns |  1.00 |    0.02 |   0.9766 |        - |        - |   16528 B |        1.00 |
| TextWriter | composed-page        |    21,968.06 ns |    223.999 ns |    198.569 ns |  0.90 |    0.01 |   0.9766 |        - |        - |   16520 B |        1.00 |
| String     | composed-page        |    30,918.58 ns |    989.235 ns |    925.331 ns |  1.26 |    0.04 |  14.0991 |  13.1226 |  13.1226 |  215980 B |       13.07 |
|            |                      |                 |               |               |       |         |          |          |          |           |             |
| Utf8       | conditional-heavy    |    18,417.48 ns |    142.495 ns |    133.290 ns |  1.00 |    0.01 |   2.2278 |        - |        - |   37680 B |        1.00 |
| TextWriter | conditional-heavy    |    14,436.89 ns |     94.727 ns |     88.607 ns |  0.78 |    0.01 |   2.2430 |        - |        - |   37672 B |        1.00 |
| String     | conditional-heavy    |    14,793.95 ns |    198.364 ns |    185.550 ns |  0.80 |    0.01 |   6.1493 |   0.6104 |        - |  103088 B |        2.74 |
|            |                      |                 |               |               |       |         |          |          |          |           |             |
| Utf8       | encoded-loop         |   718,017.79 ns |  5,417.057 ns |  4,802.080 ns |  1.00 |    0.01 | 166.0156 |        - |        - | 2791920 B |        1.00 |
| TextWriter | encoded-loop         |   589,816.86 ns |  4,793.934 ns |  4,249.698 ns |  0.82 |    0.01 | 166.0156 |        - |        - | 2791912 B |        1.00 |
| String     | encoded-loop         | 3,948,581.07 ns |  8,474.705 ns |  7,512.605 ns |  5.50 |    0.04 | 406.2500 | 242.1875 | 242.1875 | 6075580 B |        2.18 |
|            |                      |                 |               |               |       |         |          |          |          |           |             |
| Utf8       | fortunes-encoded     |       690.80 ns |      2.944 ns |      2.754 ns |  1.00 |    0.01 |   0.1307 |        - |        - |    2200 B |        1.00 |
| TextWriter | fortunes-encoded     |       619.67 ns |      3.522 ns |      3.295 ns |  0.90 |    0.01 |   0.1307 |        - |        - |    2192 B |        1.00 |
| String     | fortunes-encoded     |       687.64 ns |      6.320 ns |      5.911 ns |  1.00 |    0.01 |   0.4187 |   0.0038 |        - |    7016 B |        3.19 |
|            |                      |                 |               |               |       |         |          |          |          |           |             |
| Utf8       | fragment-heavy       |     5,570.95 ns |     39.487 ns |     30.829 ns |  1.00 |    0.01 |   0.4959 |        - |        - |    8304 B |        1.00 |
| TextWriter | fragment-heavy       |     4,958.58 ns |    118.166 ns |     98.674 ns |  0.89 |    0.02 |   0.4959 |        - |        - |    8296 B |        1.00 |
| String     | fragment-heavy       |     5,310.42 ns |    136.532 ns |    121.032 ns |  0.95 |    0.02 |   2.0218 |   0.0916 |        - |   33840 B |        4.08 |
|            |                      |                 |               |               |       |         |          |          |          |           |             |
| Utf8       | large-loop           |   170,072.96 ns |  2,870.842 ns |  2,685.388 ns |  1.00 |    0.02 |  39.3066 |        - |        - |  660880 B |        1.00 |
| TextWriter | large-loop           |   141,391.75 ns |  3,787.212 ns |  3,162.493 ns |  0.83 |    0.02 |  39.3066 |        - |        - |  660872 B |        1.00 |
| String     | large-loop           | 1,220,427.97 ns | 15,753.239 ns | 13,964.836 ns |  7.18 |    0.14 | 115.2344 |  76.1719 |  76.1719 | 1470796 B |        2.23 |
|            |                      |                 |               |               |       |         |          |          |          |           |             |
| Utf8       | mixed-page           |     2,792.06 ns |     45.930 ns |     42.963 ns |  1.00 |    0.02 |   0.4044 |        - |        - |    6808 B |        1.00 |
| TextWriter | mixed-page           |     2,422.55 ns |     17.606 ns |     15.607 ns |  0.87 |    0.01 |   0.4044 |        - |        - |    6800 B |        1.00 |
| String     | mixed-page           |     2,706.71 ns |     25.214 ns |     23.585 ns |  0.97 |    0.02 |   2.8496 |   0.1450 |        - |   47808 B |        7.02 |
|            |                      |                 |               |               |       |         |          |          |          |           |             |
| Utf8       | trivial-substitution |       109.21 ns |      3.275 ns |      2.557 ns |  1.00 |    0.03 |   0.0057 |        - |        - |      96 B |        1.00 |
| TextWriter | trivial-substitution |        84.36 ns |      1.546 ns |      1.370 ns |  0.77 |    0.02 |   0.0052 |        - |        - |      88 B |        0.92 |
| String     | trivial-substitution |       126.48 ns |      3.435 ns |      3.045 ns |  1.16 |    0.04 |   0.0961 |        - |        - |    1608 B |       16.75 |

// * Warnings *
MultimodalDistribution
  TechniquePrecompiledBenchmarks.String: ShortRun -> It seems that the distribution can have several modes (mValue = 2.89)

// * Hints *
Outliers
  TechniquePrecompiledBenchmarks.Utf8: ShortRun       -> 3 outliers were removed (725.44 μs..726.93 μs)
  TechniquePrecompiledBenchmarks.String: ShortRun     -> 1 outlier  was  removed (3.98 ms)
  TechniquePrecompiledBenchmarks.TextWriter: ShortRun -> 2 outliers were detected (613.47 ns, 614.67 ns)
  TechniquePrecompiledBenchmarks.Utf8: ShortRun       -> 1 outlier  was  removed (5.73 μs)
  TechniquePrecompiledBenchmarks.String: ShortRun     -> 3 outliers were removed (1.24 ms..1.26 ms)

// * Legends *
  Workload    : Value of the 'Workload' parameter
  Mean        : Arithmetic mean of all measurements
  Error       : Half of 99.9% confidence interval
  StdDev      : Standard deviation of all measurements
  Ratio       : Mean of the ratio distribution ([Current]/[Baseline])
  RatioSD     : Standard deviation of the ratio distribution ([Current]/[Baseline])
  Gen0        : GC Generation 0 collects per 1000 operations
  Gen1        : GC Generation 1 collects per 1000 operations
  Gen2        : GC Generation 2 collects per 1000 operations
  Allocated   : Allocated memory per single operation (managed only, inclusive, 1KB = 1024B)
  Alloc Ratio : Allocated memory ratio distribution ([Current]/[Baseline])
  1 ns        : 1 Nanosecond (0.000000001 sec)

// * Diagnostic Output - MemoryDiagnoser *


// ***** BenchmarkRunner: End *****
Run time: 00:10:44 (644.45 sec), executed benchmarks: 24

Global total time: 00:11:00 (660.87 sec), executed benchmarks: 24
// * Artifacts cleanup *
Artifacts cleanup is finished
