{"mean":{"confidence_interval":{"confidence_level":0.95,"lower_bound":-0.021341776692207635,"upper_bound":-0.013956302291408365},"point_estimate":-0.017575030770315858,"standard_error":0.0018888213721239945},"median":{"confidence_interval":{"confidence_level":0.95,"lower_bound":-0.02129111806195705,"upper_bound":-0.008120458758863719},"point_estimate":-0.011837919971243283,"standard_error":0.003422714127775415}}